Date,Close,High,Low,Open
1/2/1995,470.1217346,470.1217346,470.1217346,470.1217346
1/3/1995,472.3616333,472.3616333,472.3616333,472.3616333
1/4/1995,474.4715271,474.4715271,474.4715271,474.4715271
1/5/1995,477.8014221,477.8014221,477.8014221,477.8014221
1/6/1995,481.2012634,481.2012634,481.2012634,481.2012634
1/9/1995,477.0214539,477.0214539,477.0214539,477.0214539
1/10/1995,468.6717529,468.6717529,468.6717529,468.6717529
1/11/1995,461.3820496,461.3820496,461.3820496,461.3820496
1/12/1995,452.6723633,452.6723633,452.6723633,452.6723633
1/13/1995,441.8527832,441.8527832,441.8527832,441.8527832
1/16/1995,447.2825928,447.2825928,447.2825928,447.2825928
1/17/1995,449.0825195,449.0825195,449.0825195,449.0825195
1/18/1995,449.8224792,449.8224792,449.8224792,449.8224792
1/19/1995,451.7724304,451.7724304,451.7724304,451.7724304
1/20/1995,446.0626221,446.0626221,446.0626221,446.0626221
1/23/1995,436.1430054,436.1430054,436.1430054,436.1430054
1/24/1995,435.4430542,435.4430542,435.4430542,435.4430542
1/25/1995,432.9431458,432.9431458,432.9431458,432.9431458
1/26/1995,434.4430542,434.4430542,434.4430542,434.4430542
1/27/1995,437.1329956,437.1329956,437.1329956,437.1329956
1/30/1995,437.2430115,437.2430115,437.2430115,437.2430115
1/31/1995,433.8131104,433.8131104,433.8131104,433.8131104
2/1/1995,434.6330566,434.6330566,434.6330566,434.6330566
2/2/1995,440.4828491,440.4828491,440.4828491,440.4828491
2/3/1995,445.3626404,445.3626404,445.3626404,445.3626404
2/6/1995,453.1223755,453.1223755,453.1223755,453.1223755
2/7/1995,457.3121948,457.3121948,457.3121948,457.3121948
2/8/1995,451.9324341,451.9324341,451.9324341,451.9324341
2/9/1995,450.812439,450.812439,450.812439,450.812439
2/10/1995,453.2923584,453.2923584,453.2923584,453.2923584
2/13/1995,455.6822815,455.6822815,455.6822815,455.6822815
2/14/1995,454.0823669,454.0823669,454.0823669,454.0823669
2/15/1995,456.432251,456.432251,456.432251,456.432251
2/16/1995,455.5722656,455.5722656,455.5722656,455.5722656
2/17/1995,453.1223755,453.1223755,453.1223755,453.1223755
2/20/1995,454.0123596,454.0123596,454.0123596,454.0123596
2/21/1995,455.8122559,455.8122559,455.8122559,455.8122559
2/22/1995,454.8722839,454.8722839,454.8722839,454.8722839
2/23/1995,454.3823242,454.3823242,454.3823242,454.3823242
2/24/1995,454.6722717,454.6722717,454.6722717,454.6722717
2/27/1995,452.5523987,452.5523987,452.5523987,452.5523987
2/28/1995,453.5623474,453.5623474,453.5623474,453.5623474
3/1/1995,452.8623657,452.8623657,452.8623657,452.8623657
3/7/1995,447.2026062,447.2026062,447.2026062,447.2026062
3/8/1995,437.2829895,437.2829895,437.2829895,437.2829895
3/9/1995,437.4830017,437.4830017,437.4830017,437.4830017
3/10/1995,432.7131653,432.7131653,432.7131653,432.7131653
3/13/1995,429.9232788,429.9232788,429.9232788,429.9232788
3/14/1995,425.2034302,425.2034302,425.2034302,425.2034302
3/15/1995,428.6533203,428.6533203,428.6533203,428.6533203
3/16/1995,427.1833801,427.1833801,427.1833801,427.1833801
3/17/1995,426.6534119,426.6534119,426.6534119,426.6534119
3/20/1995,426.9234009,426.9234009,426.9234009,426.9234009
3/21/1995,427.1733704,427.1733704,427.1733704,427.1733704
3/22/1995,425.9034424,425.9034424,425.9034424,425.9034424
3/23/1995,426.233429,426.233429,426.233429,426.233429
3/24/1995,422.1135559,422.1135559,422.1135559,422.1135559
3/27/1995,423.5735168,423.5735168,423.5735168,423.5735168
3/28/1995,426.0634155,426.0634155,426.0634155,426.0634155
3/29/1995,428.9032898,428.9032898,428.9032898,428.9032898
3/30/1995,428.6233215,428.6233215,428.6233215,428.6233215
4/3/1995,424.4734497,424.4734497,424.4734497,424.4734497
4/4/1995,425.1834412,425.1834412,425.1834412,425.1834412
4/5/1995,428.5333252,428.5333252,428.5333252,428.5333252
4/6/1995,430.833252,430.833252,430.833252,430.833252
4/7/1995,428.9732666,428.9732666,428.9732666,428.9732666
4/10/1995,426.1034241,426.1034241,426.1034241,426.1034241
4/11/1995,424.0734863,424.0734863,424.0734863,424.0734863
4/12/1995,419.9836426,419.9836426,419.9836426,419.9836426
4/13/1995,419.4336853,419.4336853,419.4336853,419.4336853
4/17/1995,417.8237305,417.8237305,417.8237305,417.8237305
4/18/1995,414.9438171,414.9438171,414.9438171,414.9438171
4/19/1995,414.1938782,414.1938782,414.1938782,414.1938782
4/20/1995,414.3938904,414.3938904,414.3938904,414.3938904
4/21/1995,419.5036621,419.5036621,419.5036621,419.5036621
4/24/1995,420.173645,420.173645,420.173645,420.173645
4/25/1995,421.7635498,421.7635498,421.7635498,421.7635498
4/26/1995,419.5836792,419.5836792,419.5836792,419.5836792
4/27/1995,417.7937622,417.7937622,417.7937622,417.7937622
4/28/1995,416.4338074,416.4338074,416.4338074,416.4338074
5/1/1995,415.303833,415.303833,415.303833,415.303833
5/2/1995,420.1436462,420.1436462,420.1436462,420.1436462
5/3/1995,423.3735352,423.3735352,423.3735352,423.3735352
5/4/1995,424.3034973,424.3034973,424.3034973,424.3034973
5/5/1995,426.9933777,426.9933777,426.9933777,426.9933777
5/8/1995,428.5133362,428.5133362,428.5133362,428.5133362
5/9/1995,434.2731323,434.2731323,434.2731323,434.2731323
5/11/1995,459.5321045,459.5321045,459.5321045,459.5321045
5/12/1995,461.5120239,461.5120239,461.5120239,461.5120239
5/16/1995,463.4819946,463.4819946,463.4819946,463.4819946
5/17/1995,464.5819092,464.5819092,464.5819092,464.5819092
5/18/1995,457.8221741,457.8221741,457.8221741,457.8221741
5/19/1995,458.6921387,458.6921387,458.6921387,458.6921387
5/22/1995,461.3720703,461.3720703,461.3720703,461.3720703
5/23/1995,470.7516785,470.7516785,470.7516785,470.7516785
5/24/1995,474.8114929,474.8114929,474.8114929,474.8114929
5/26/1995,473.6715698,473.6715698,473.6715698,473.6715698
5/29/1995,472.7416077,472.7416077,472.7416077,472.7416077
5/30/1995,475.2615051,475.2615051,475.2615051,475.2615051
6/1/1995,485.7610779,485.7610779,475.3114727,475.3114727
6/2/1995,493.1307983,493.1307983,493.1307983,493.1307983
6/5/1995,497.2406311,497.2406311,497.2406311,497.2406311
6/6/1995,494.6607056,499.1405419,491.2508349,496.590623
6/7/1995,495.4907227,496.2006865,494.0407669,494.6007427
6/8/1995,489.0709839,495.6607241,488.9709817,495.4907477
6/9/1995,491.7308655,491.7308655,489.1209817,489.1209817
6/12/1995,487.2910461,491.6608713,484.2811534,491.5708785
6/13/1995,488.2709961,489.0509645,486.1110765,487.3210209
6/14/1995,489.3009644,490.3409019,488.3109821,488.3109821
6/15/1995,487.2510376,489.5609453,486.7410782,489.350962
6/16/1995,486.0210876,488.0210098,485.2711168,487.461034
6/19/1995,485.3811035,486.7910523,483.2311933,486.7210477
6/20/1995,487.9309998,487.9309998,484.8711214,484.8711214
6/21/1995,486.3510742,488.1210249,485.9210983,487.9710063
6/22/1995,490.2309265,490.2309265,486.361082,486.361082
6/23/1995,491.6408691,492.1908355,489.5409448,490.4609224
6/26/1995,489.7909241,491.730851,489.1309461,491.7108627
6/27/1995,489.6209717,489.9709337,487.891028,489.9509454
6/28/1995,489.3309631,489.3309631,489.3309631,489.3309631
6/29/1995,491.8208618,491.8208618,489.1009664,489.3809543
6/30/1995,492.2608337,492.2608337,490.0509283,491.470856
7/3/1995,492.0608215,492.4608304,488.4509768,492.3208212
7/4/1995,493.4107971,493.730792,491.130887,492.2308503
7/5/1995,498.5705872,499.0205818,489.5709375,489.5709375
7/6/1995,499.4605713,501.9104576,498.5806007,498.5905795
7/7/1995,509.1202087,509.1202087,499.4605809,499.4605809
7/10/1995,510.4701233,512.8000497,509.2501695,509.2501695
7/11/1995,507.4902344,510.5900892,506.1202926,510.5501127
7/12/1995,507.2102661,507.6002351,506.5702764,507.1702591
7/13/1995,509.5201721,509.9101411,507.2102645,507.2102645
7/14/1995,508.2402344,509.8601665,506.8602832,509.5201834
7/17/1995,511.8500671,512.5400427,510.4901347,510.7601132
7/18/1995,509.9301758,512.5400596,508.9602123,511.850084
7/19/1995,504.4803467,509.9301466,503.7703829,509.9301466
7/20/1995,507.4102478,507.4102478,502.2104685,505.3303422
7/21/1995,510.9100952,512.280037,507.4102315,507.5102337
7/24/1995,509.5101624,511.900084,508.4302178,511.0300922
7/25/1995,508.9201965,510.7501119,507.8702496,509.5301581
7/26/1995,509.920166,509.920166,502.3704719,508.9002167
7/27/1995,510.710144,510.710144,508.4002363,510.0201684
7/28/1995,512.4900513,512.6600276,510.7500983,510.7500983
7/31/1995,512.0400391,512.5400196,510.4700929,512.4900337
8/1/1995,511.3900757,512.2300393,507.3402152,512.0800207
8/2/1995,513.0600586,513.3100489,510.8401132,511.3701219
8/3/1995,512.5600586,515.5599418,512.4600259,513.0600391
8/4/1995,510.1101685,512.9900614,508.8902147,512.5600854
8/7/1995,515.7199097,516.3699088,514.109987,514.109987
8/8/1995,513.5900269,517.4198951,512.9800652,515.909944
8/10/1995,514.9799194,517.7598403,513.6299965,517.5197984
8/11/1995,519.159729,519.3797522,514.9798995,514.9798995
8/14/1995,515.9099121,519.5098086,514.7499841,519.3897571
8/15/1995,514.9899292,516.8598514,513.4499502,515.9898902
8/16/1995,510.3701477,514.989963,510.3701477,514.989963
8/18/1995,500.6304932,510.450118,498.7505615,510.3701345
8/21/1995,498.0146179,500.7505039,493.1808216,500.55053
8/22/1995,499.0805664,500.6304938,498.0506077,498.0506077
8/23/1995,502.0504456,502.0504456,499.0905389,499.0905389
8/24/1995,500.3205261,502.3704647,498.8706009,502.0804674
8/25/1995,500.5805054,501.0004719,499.9005392,500.3205057
8/28/1995,501.1505127,501.1505127,499.8405356,500.5905064
8/29/1995,503.9903564,503.9903564,501.1604497,501.1604497
8/30/1995,506.7702942,506.900294,504.0103918,504.0103918
8/31/1995,500.7304993,507.0802581,499.7005406,506.7702726
9/1/1995,501.7604675,501.7604675,500.1105379,500.560502
9/4/1995,500.5205078,502.5804251,499.7905253,501.9804424
9/5/1995,496.5806885,500.5205377,495.6407226,500.49054
9/6/1995,493.1307983,496.8206572,492.7508082,496.6506809
9/7/1995,491.4208679,493.1408022,490.5708949,493.1408022
9/8/1995,489.9809265,491.6508749,488.9909748,491.4208729
9/11/1995,485.4211121,489.9809322,481.9412365,489.9809322
9/12/1995,487.9809875,487.9809875,485.1010949,485.4310991
9/13/1995,493.6607971,493.6607971,488.0010135,488.0010135
9/14/1995,495.4007263,495.4007263,493.4607994,493.6607733
9/15/1995,495.3007202,497.4306422,495.2107274,495.4107013
9/18/1995,494.1907654,495.6307118,493.4508039,495.3007381
9/19/1995,493.1607971,494.5707459,493.0907925,494.1907558
9/20/1995,492.9308167,493.7807591,491.8408322,493.7807591
9/21/1995,493.5808105,494.09077,492.5108448,492.9308419
9/22/1995,492.790802,494.0007463,491.5008437,493.5807798
9/25/1995,493.5307922,493.5307922,491.9108601,492.7908308
9/26/1995,493.040802,494.3607579,491.8208483,493.5207943
9/27/1995,490.190918,493.1608036,489.570947,493.0408132
9/28/1995,491.9208679,491.9208679,488.2209996,490.1909242
9/29/1995,493.2207947,494.2307651,490.1909138,491.9208575
10/2/1995,490.5408936,493.8107552,490.1809222,493.2207819
10/3/1995,487.7809753,490.6708773,486.2510362,490.5408775
10/4/1995,492.6308289,492.6308289,487.9410089,487.9410089
10/5/1995,494.9907227,494.9907227,492.6307987,492.6307987
10/6/1995,496.2707214,496.3707237,494.9007796,494.9907724
10/9/1995,496.7106934,496.7106934,494.3007834,496.270708
10/10/1995,495.9707031,497.1606593,494.6607565,496.7106951
10/11/1995,496.2607117,496.8406757,494.910758,495.9707144
10/12/1995,495.4007263,496.4206756,493.9907775,496.2606782
10/13/1995,496.5406799,496.5406799,495.1407405,495.4007401
10/16/1995,495.9907227,496.8606839,495.3307447,496.5406891
10/17/1995,499.2305603,499.2305603,495.9906962,495.9906962
10/18/1995,499.4605713,500.1605257,497.6006278,499.2305693
10/19/1995,501.6004639,501.6004639,501.6004639,501.6004639
10/20/1995,500.4205322,502.3904568,499.1905691,501.600479
10/23/1995,498.9405823,500.7305212,497.9306423,500.4205357
10/24/1995,498.0006104,498.9905926,496.6606662,498.9405762
10/25/1995,497.160614,498.1205986,496.58065,497.7905943
10/26/1995,497.1306458,497.4906476,496.2706939,497.1606434
10/27/1995,494.4507446,497.320628,493.1208099,497.1306329
10/30/1995,490.7908936,494.470743,489.9609393,494.4507548
10/31/1995,488.4309998,490.8009026,487.1510508,490.7908932
11/1/1995,487.9709778,488.880946,486.7810217,488.4809677
11/2/1995,486.4610901,488.3610101,484.7311464,487.9910294
11/3/1995,488.3009949,488.3009949,486.4610702,486.4610702
11/6/1995,489.0009766,489.9109448,488.0910083,488.3010221
11/7/1995,489.8909302,490.6209127,488.6809858,489.0009502
11/8/1995,487.440979,490.250867,486.3510252,489.8908957
11/9/1995,481.3912659,487.7510037,480.8912853,487.4410182
11/10/1995,474.5715027,481.5712299,468.2417628,481.3912443
11/13/1995,467.3318176,474.5815355,465.8918712,474.5715261
11/14/1995,469.2717285,471.6116337,466.0618316,467.3318016
11/15/1995,460.7920837,469.4417414,459.1721516,469.2717651
11/16/1995,459.8820801,461.5820261,458.072153,460.7920483
11/17/1995,456.3222351,460.2520748,455.4822715,459.8820941
11/20/1995,453.1123657,456.3222322,450.9224485,456.3222322
11/21/1995,454.0323486,454.0323486,450.8824771,453.1124015
11/22/1995,458.7321472,459.4021346,454.1423295,454.1423295
11/23/1995,469.5917053,469.5917053,458.7321427,458.7321427
11/24/1995,468.9117432,471.0616534,467.101816,469.5917094
11/27/1995,472.9115906,472.9115906,469.4517338,470.0616954
11/28/1995,473.7515564,475.911476,471.8316482,472.9115927
11/29/1995,478.6113586,478.6113586,472.7315828,473.7515321
11/30/1995,481.7112732,482.461244,478.6113877,478.6113877
12/1/1995,486.7010803,490.4209369,481.7112841,481.7112841
12/4/1995,493.9007874,493.9007874,487.5010121,487.5010121
12/5/1995,496.7606506,499.9805264,493.9007767,493.9007767
12/6/1995,496.2107239,496.9606947,494.7307704,496.7606903
12/7/1995,502.6004333,503.3304159,496.2106979,496.2106979
12/8/1995,506.1003113,510.4201506,502.6004474,502.6004474
12/11/1995,499.9805603,507.920254,497.210679,506.8902953
12/12/1995,496.9606628,499.9905437,494.8707479,499.9805343
12/13/1995,491.6008606,496.9606678,488.4010035,496.9606678
12/14/1995,489.940918,491.6308546,488.4509857,491.6108664
12/15/1995,492.3108215,492.3108215,489.6409426,489.9409187
12/18/1995,493.3908081,493.9207863,492.0308451,492.310833
12/19/1995,491.7208557,493.3908042,488.8809699,492.5808381
12/21/1995,504.9603577,505.130334,492.0408471,492.0408471
12/22/1995,512.7700195,513.2700001,506.5602698,506.5602698
12/26/1995,515.6299438,515.6299438,512.6800465,512.7900276
12/27/1995,512.8500366,516.2199006,511.4400878,515.6299577
12/28/1995,513.8299561,513.8299561,510.5501156,512.8500138
1/2/1996,512.460022,513.9599636,510.640116,513.8299637
1/3/1996,519.8197632,520.8797194,512.4600037,512.4600037
1/4/1996,532.7792358,533.2392399,519.8197797,519.8197797
1/5/1996,533.2592163,534.2191398,527.2794082,532.7791935
1/8/1996,533.0792236,535.1091739,531.9592721,533.2592703
1/9/1996,530.7893677,534.3492269,529.7294113,533.0792567
1/10/1996,528.6193848,528.6193848,526.2794492,526.2794492
1/11/1996,533.7592163,533.7592163,526.3494711,527.0294372
1/12/1996,550.9685669,551.1285949,536.2791356,536.2791356
1/15/1996,563.8781128,563.8781128,551.7585886,551.7585886
1/16/1996,558.4082031,566.3878722,555.8382961,565.4579158
1/17/1996,556.9883423,559.6082355,556.2983667,558.4482464
1/18/1996,557.6883545,560.01822,556.9783601,556.9983789
1/19/1996,562.328064,563.4980623,557.6882911,557.6882911
1/22/1996,571.2977905,573.9276931,562.3281076,562.3281076
1/23/1996,574.2776489,574.6876672,571.367789,571.367789
1/24/1996,569.9378662,575.2476574,569.1478579,574.5076959
1/25/1996,570.1078491,572.8877094,569.7178496,569.9378728
1/26/1996,566.8378906,570.4377869,566.4179241,570.0277687
1/29/1996,565.7629395,570.0478068,564.5280022,566.70791
1/30/1996,569.1478271,569.1478271,563.5680883,565.8180007
1/31/1996,578.5374756,579.7174223,569.1478265,569.1478265
2/1/1996,581.0373535,586.4271581,579.0874173,579.0874173
2/2/1996,587.5471191,587.5471191,583.5872514,583.5872514
2/5/1996,591.1170044,591.1170044,587.5071596,587.5071596
2/6/1996,592.8969116,595.7168092,590.6170321,591.8969505
2/7/1996,591.3369141,596.526714,589.7370009,592.7868697
2/8/1996,592.6269531,592.6269531,590.3770407,591.3369643
2/9/1996,580.9873657,593.0168651,576.3875084,592.6269267
2/12/1996,577.4525146,580.9874113,575.8975825,580.9764254
2/13/1996,584.7981567,585.5401322,578.2354246,578.2354246
2/14/1996,590.177063,590.3010206,585.5752522,585.5752522
2/15/1996,590.742981,593.5858878,588.6770824,590.2329911
2/16/1996,595.5037842,595.5037842,589.2670276,589.2670276
2/26/1996,594.1818848,595.0738178,589.2440887,593.1039238
2/27/1996,597.336792,599.5647328,592.8799948,594.1819462
2/28/1996,595.2528076,601.9465165,593.6568615,597.4937481
2/29/1996,585.1861572,595.3807669,584.8661624,595.2527811
3/1/1996,589.0900879,589.0900879,580.2174468,585.1862479
3/4/1996,592.0239258,592.975915,589.0900191,589.0900191
3/5/1996,591.4598999,593.5588171,588.2090501,592.003885
3/6/1996,587.8511353,591.8469514,586.4961465,591.8469514
3/7/1996,581.5213623,588.5530709,581.1983768,587.9841233
3/8/1996,568.0759277,581.5213887,565.9250104,581.5123558
3/11/1996,544.5178223,568.0119036,541.0799677,568.0119036
3/12/1996,560.84021,565.349007,546.9257725,546.9257725
3/13/1996,560.1072388,561.5521288,557.8453028,560.7731675
3/14/1996,569.8848267,570.3758354,560.1592526,560.1592526
3/15/1996,576.7675171,576.8935498,572.2637252,572.2637252
3/18/1996,578.8324585,578.8324585,575.9456079,578.373492
3/19/1996,587.3231201,587.3231201,578.8904653,578.8904653
3/20/1996,585.9561768,587.3511419,582.9503124,587.3021326
3/22/1996,585.9991455,586.9891582,584.0502468,585.9561784
3/25/1996,585.9041748,587.1851308,584.290224,585.9991418
3/26/1996,585.8601685,587.6960955,585.1701929,585.9861401
3/27/1996,587.0430908,588.9010506,585.3911777,585.9071488
3/28/1996,585.6821899,587.6581261,584.1762062,587.2020892
4/1/1996,587.5811157,588.8210577,585.6711559,585.6711559
4/2/1996,588.2501221,590.0990492,587.4541325,587.6501088
4/3/1996,595.0408325,595.8437797,589.8770323,589.8770323
4/4/1996,605.0634155,605.0634155,595.0408566,595.0408566
4/8/1996,597.619812,606.2194538,597.5717792,605.0634929
4/9/1996,597.329834,597.8997581,594.8929169,597.6198008
4/10/1996,603.9124756,604.9674882,597.3297849,597.3297849
4/11/1996,605.3133545,606.4423388,602.446462,604.908402
4/12/1996,607.0263672,607.0263672,604.2954554,605.3134211
4/15/1996,612.9720459,612.9720459,607.0793316,607.0793316
4/16/1996,619.2368774,621.0558374,612.8901397,612.8901397
4/17/1996,624.1456909,625.2526425,619.2368854,619.2368854
4/18/1996,620.9498291,622.5417471,620.4818297,622.5417471
4/19/1996,624.5096436,624.5096436,620.9928129,620.9928129
4/22/1996,628.3615112,628.3615112,624.5096715,624.5096715
4/23/1996,627.8045044,631.3823678,627.4155425,628.4985081
4/24/1996,630.194519,630.570481,627.4236306,627.8186348
4/25/1996,625.3556519,630.8204049,624.1497052,630.1944527
4/26/1996,628.2165527,628.2165527,624.5296847,625.3556412
4/29/1996,625.3016357,628.2675237,622.7877566,628.2675237
4/30/1996,623.8847046,626.9975595,622.8677764,625.3016416
5/1/1996,629.4475098,629.4475098,623.9827564,623.9827564
5/2/1996,622.8387451,629.6194872,621.8907839,629.533492
5/3/1996,608.0973511,618.1839954,605.9704806,618.1839954
5/6/1996,599.6486206,608.0972659,598.3746835,608.0972659
5/7/1996,613.8161011,613.8161011,599.7316281,599.7316281
5/8/1996,615.5010986,617.4570163,613.5571434,613.8161666
5/9/1996,620.2478027,620.996797,615.1829977,615.5010395
5/10/1996,619.2559204,620.7078292,618.3059452,620.2478252
5/13/1996,621.4698486,625.6086647,619.1429128,619.2868891
5/14/1996,617.9989014,621.5527788,617.9989014,621.4697743
5/15/1996,619.8128662,620.92586,616.9089875,617.9989719
5/17/1996,621.3738403,621.782821,619.0019233,619.8978846
5/20/1996,617.6679688,621.6897848,616.1520366,621.3738181
5/21/1996,617.2700195,617.2700195,613.3211373,616.8600013
5/22/1996,616.3670044,619.0439022,616.0120377,618.0389364
5/23/1996,617.2960205,618.4669955,615.7500601,616.3670405
5/24/1996,618.0368652,618.2828884,616.0269949,617.2959273
5/27/1996,620.6438599,620.8668126,618.0369057,618.0369057
5/28/1996,620.961853,621.9518047,619.1939165,620.6548581
5/29/1996,622.4607544,622.4607544,620.0608844,621.2178218
5/30/1996,617.2180176,622.8907708,616.6740324,622.5278088
5/31/1996,617.4420166,618.2690108,616.6950363,617.3020074
6/3/1996,624.4526367,629.838413,617.4109192,617.4109192
6/4/1996,615.8950806,625.1326978,614.4111294,624.5427549
6/5/1996,616.0540771,616.9540666,612.0232278,615.942082
6/6/1996,613.1950684,617.9218737,612.5700927,616.078989
6/7/1996,612.7421265,613.9340966,610.5581905,613.216107
6/10/1996,611.6682129,613.4471354,608.9963198,612.7421457
6/11/1996,608.5043335,613.2911345,606.5023972,611.6132213
6/12/1996,596.0737915,608.5833145,596.0368056,608.5043381
6/13/1996,581.5043335,596.0737735,579.6713971,595.3428449
6/14/1996,592.3389282,592.4979186,577.8684835,581.6003328
6/17/1996,590.7109985,596.0328127,589.0440713,592.3039541
6/18/1996,588.2091064,591.4979799,584.6472333,590.813009
6/19/1996,583.1523438,588.4071446,581.209426,588.2091542
6/20/1996,580.6513672,583.969231,577.1714614,583.1482791
6/21/1996,572.8276367,580.4873722,569.5208199,580.4873722
6/24/1996,578.7504883,578.7504883,572.9557309,572.9557309
6/25/1996,584.1842651,586.5112011,578.7505164,578.7505164
6/26/1996,592.7619019,596.5878027,584.1842328,584.1842328
6/27/1996,592.0149536,594.3358471,588.6560757,592.7618727
6/28/1996,594.2358398,594.2358398,591.5649843,592.3589598
7/1/1996,596.2578125,597.3987593,594.2848668,594.4438572
7/2/1996,594.3848267,596.3067487,592.6579043,596.2507206
7/3/1996,594.0479126,594.9919067,593.3359652,594.3849356
7/4/1996,588.5891113,595.2718349,584.4752576,594.0478834
7/5/1996,575.0276489,588.9281099,572.419779,588.5891338
7/8/1996,573.8096313,575.0206438,566.8409085,575.0206438
7/9/1996,574.8676758,579.5764772,573.8096725,573.8096725
7/10/1996,577.9335327,579.4934696,574.8676729,574.8676729
7/11/1996,579.668396,581.3753607,577.9334782,577.9334782
7/12/1996,579.9244385,579.9244385,578.2194878,579.6713966
7/15/1996,578.9884644,579.3794404,576.9745656,579.18145
7/16/1996,573.3046875,578.7754216,571.8787177,578.7754216
7/17/1996,576.2435303,577.8014529,573.30468,573.30468
7/18/1996,576.3065186,579.2944392,575.750571,576.2435327
7/19/1996,580.0513916,581.1173901,576.4635796,576.4635796
7/22/1996,579.7404175,582.8853145,578.0914949,580.3083885
7/23/1996,578.1624756,579.8524122,575.0095833,579.7434077
7/24/1996,571.7037354,579.1634056,571.0467175,578.162468
7/25/1996,568.4249268,572.6847099,568.4249268,572.0967811
7/26/1996,561.2872314,569.3469161,560.1012423,568.6939263
7/29/1996,540.7169189,561.2991252,527.7474533,561.2991252
7/30/1996,533.4602051,543.1697872,531.2522834,541.0639123
7/31/1996,536.0081177,537.9460305,533.2392436,533.2392436
8/1/1996,548.9146118,549.2676254,536.0081317,536.1021222
8/2/1996,560.9401855,561.9171984,548.9146517,549.0076657
8/5/1996,562.8120728,568.7468393,560.9401364,560.9401364
8/6/1996,554.7683716,563.0490549,553.4784438,562.9860691
8/7/1996,553.9214478,556.0923838,551.9805442,554.7024232
8/8/1996,548.159668,555.1483482,546.5606702,554.1624248
8/9/1996,547.692627,547.692627,545.42471,547.275651
8/12/1996,543.9238281,547.7766444,542.8578906,547.6926633
8/13/1996,537.4891357,544.1318831,536.5171886,543.9428646
8/14/1996,535.8791504,537.62304,534.1361763,537.62304
8/15/1996,532.3882446,536.1960796,530.873289,535.815113
8/16/1996,536.710144,536.710144,531.9362819,532.5782857
8/19/1996,537.0561523,539.5750364,536.1241817,536.7101575
8/20/1996,539.5839233,539.5839233,537.1470678,537.1470678
8/21/1996,542.1799316,542.7549215,539.5840242,539.5840242
8/22/1996,544.2608032,544.2608032,542.0439095,542.1798905
8/23/1996,549.1906128,549.1906128,544.7458394,544.7458394
8/26/1996,552.7184448,552.7184448,549.374581,549.374581
8/27/1996,549.4986572,552.8845119,548.2617058,552.8005308
8/28/1996,548.4036255,550.4695851,547.1956647,549.4936099
8/29/1996,550.0066528,550.0066528,546.9937694,548.4356689
8/30/1996,547.588623,550.1355208,546.5427044,550.0065585
9/2/1996,544.9988403,550.3025893,543.8118747,547.5887055
9/3/1996,540.5199585,545.3607733,536.391091,545.0247879
9/4/1996,545.9797363,545.9797363,540.8399827,540.8399827
9/5/1996,543.0119019,547.4816987,541.5589554,546.1817615
9/6/1996,543.7297974,543.7297974,541.9218844,543.0118688
9/9/1996,542.4959717,544.9708512,540.3390119,543.7298715
9/10/1996,545.0857544,545.2567682,542.4958895,542.6818564
9/11/1996,542.6988525,546.2487632,540.9619206,545.4877455
9/12/1996,546.4407349,546.4407349,542.6639041,542.6988759
9/13/1996,549.0146484,549.0146484,546.2487648,546.846703
9/16/1996,554.3793945,556.0553546,550.7335405,550.7335405
9/17/1996,561.920105,561.920105,554.3793834,554.3793834
9/18/1996,559.6752319,562.4361108,555.7683406,561.9201397
9/19/1996,565.5419922,565.5419922,559.3981886,559.9441878
9/20/1996,568.9718628,568.9718628,565.5999848,565.5999848
9/23/1996,570.1448364,570.1448364,567.2179482,569.0468566
9/24/1996,569.7438354,570.6007968,566.7699521,570.2468066
9/25/1996,572.2637329,572.2637329,569.582807,569.7358162
9/26/1996,571.2357788,574.4806477,569.5128234,572.263754
9/27/1996,573.2806396,573.7886155,570.5837843,572.7146827
9/30/1996,573.916687,574.6786202,572.5637123,573.3116691
10/1/1996,580.1893311,581.3083059,573.4306227,574.2775745
10/2/1996,589.2841187,589.2841187,580.548435,580.548435
10/3/1996,589.7670288,592.6049311,588.7740865,590.0290425
10/4/1996,588.3261108,590.5230469,586.2041841,590.177052
10/7/1996,586.288147,591.8519562,585.3421999,588.3260925
10/8/1996,574.7576904,586.2881871,573.0867349,586.2881871
10/9/1996,566.2958984,575.1015851,563.2889967,574.7576044
10/10/1996,567.9069214,569.0328541,565.8700133,566.2959611
10/11/1996,571.2088013,571.2637918,567.9069277,567.9069277
10/14/1996,570.9547729,572.4107099,569.10786,571.2087914
10/15/1996,568.5679321,571.4627781,567.528971,570.9548023
10/16/1996,565.7579956,568.7148507,564.3840257,568.5678837
10/17/1996,569.0998535,569.0998535,565.4489947,565.7580036
10/18/1996,570.1778564,572.3307879,569.0998954,569.0998954
10/21/1996,572.4466553,572.7246596,569.4227865,570.1777619
10/22/1996,571.784729,573.646656,569.4548027,572.4817233
10/23/1996,575.3796387,576.4185998,571.7848075,573.2837728
10/24/1996,575.8635864,576.8195429,574.5216586,575.3795965
10/25/1996,571.3128052,576.0615829,569.8598587,575.9105878
10/28/1996,567.2518921,571.8797026,565.374951,571.3127691
10/29/1996,567.7319336,567.8118865,565.3390213,567.2519108
10/30/1996,568.8408203,568.9658154,566.9379403,567.9089108
10/31/1996,568.006897,570.2408189,567.520954,568.8408489
11/1/1996,570.6368408,570.6368408,567.8439805,568.006938
11/4/1996,578.2854614,578.2854614,570.5847726,570.6367725
11/5/1996,583.84729,584.1212662,578.200537,578.295504
11/6/1996,587.3161011,588.4390432,583.8472421,583.8472421
11/7/1996,594.5698242,598.0426502,587.3230976,587.3230976
11/8/1996,601.996582,602.629553,594.5698692,594.5698692
11/11/1996,601.1105957,604.1485025,600.0706581,602.008571
11/12/1996,597.0267944,601.7166147,596.0558239,601.1106202
11/13/1996,595.4708252,597.4817332,591.876971,597.3427616
11/14/1996,600.8886108,601.2906338,595.001877,595.3648389
11/15/1996,616.8660278,616.8890372,600.8886218,600.8886218
11/18/1996,620.8358154,621.8678187,616.5839668,616.9009711
11/19/1996,615.1830444,620.9268396,613.3571267,620.8358397
11/20/1996,606.734375,615.595053,606.019437,615.595053
11/21/1996,602.963562,607.0544064,601.6755872,607.0544064
11/22/1996,612.8371582,614.4950526,601.7515914,601.7515914
11/25/1996,628.2125244,628.2125244,612.8371469,612.8371469
11/26/1996,626.2006226,631.8644038,624.4456859,628.2125682
11/27/1996,620.2458496,626.6605777,618.7968704,626.2185783
11/28/1996,611.4782104,620.2458745,610.535254,620.2458745
11/29/1996,612.9890747,613.8000172,610.6611626,611.4381099
12/2/1996,616.144104,616.144104,612.7182116,612.9891972
12/3/1996,620.7848511,620.7848511,615.6450365,616.1440406
12/4/1996,626.2446289,626.2446289,620.7138381,620.7848803
12/5/1996,634.2713623,634.384334,626.2446358,626.5306354
12/6/1996,628.0985107,638.5360923,617.1409299,638.029154
12/9/1996,634.5512695,634.5512695,628.098518,628.098518
12/10/1996,626.6536255,632.818425,625.5126786,632.818425
12/11/1996,626.5496216,632.6084071,624.4117042,624.4117042
12/12/1996,627.8745117,630.664442,625.8996131,626.7825743
12/13/1996,624.4336548,627.979537,623.1317036,627.4515425
12/16/1996,623.5897217,625.6966342,621.8087852,624.6156827
12/17/1996,623.7807007,624.4956997,623.1007345,623.6767008
12/18/1996,629.4275513,630.5714887,623.7807372,623.7807372
12/19/1996,628.2944946,631.1093874,626.5925956,629.4414836
12/20/1996,632.4993286,635.3202025,628.8254606,628.8254606
12/23/1996,633.0483398,636.0272277,631.8193838,632.7783308
12/24/1996,632.7193604,633.4303312,629.0945016,633.048327
12/26/1996,632.4723511,632.8273177,629.1994684,632.7193507
12/27/1996,637.4072266,637.4072266,632.2523977,632.4724209
1/2/1997,638.078186,638.8721004,634.1153276,637.4071917
1/3/1997,646.1687622,646.1687622,637.8261311,638.0781354
1/6/1997,653.9315186,654.0995418,646.2208201,646.2208201
1/7/1997,660.3412476,660.3412476,653.8444917,653.9895056
1/8/1997,662.1792603,663.0111981,658.2154252,660.4403142
1/9/1997,657.4073486,662.320182,655.579417,662.320182
1/10/1997,657.8423462,658.229355,656.0554285,657.4344031
1/13/1997,656.0675049,659.3783503,655.0985484,658.0854318
1/14/1997,656.6274414,656.6274414,654.053506,656.1214186
1/15/1997,656.0415039,656.8614793,654.0785675,656.8614793
1/16/1997,658.675354,659.7233479,655.573485,656.5684414
1/17/1997,663.9481201,664.2881337,658.5233438,658.5233438
1/20/1997,674.1027832,674.1027832,663.9481493,664.1941114
1/21/1997,680.8535156,680.8535156,674.4617355,674.4617355
1/22/1997,686.0882568,687.6251843,680.8534755,680.8534755
1/23/1997,684.9553223,688.4512188,683.5923993,686.25825
1/24/1997,678.8825073,685.4372442,678.8825073,685.2922304
1/27/1997,684.9553223,685.6293073,678.8425842,679.0955651
1/28/1997,689.9471436,691.4610617,684.9553335,684.9553335
1/29/1997,691.3081055,695.9509301,689.9471355,690.2871491
1/30/1997,687.2662964,692.8040448,685.5483456,691.1991268
1/31/1997,691.0891113,692.9040431,687.8452191,687.8452191
2/3/1997,687.4432373,692.3180477,685.4883573,691.0891527
2/4/1997,680.305481,688.8602016,677.1116356,687.7812031
2/5/1997,686.8302612,687.6272273,680.1635285,680.3054908
2/6/1997,694.2519531,694.2519531,685.7152983,687.0802354
2/12/1997,701.02771,701.02771,694.2519727,694.4139537
2/13/1997,707.3414917,707.3414917,701.0277115,701.0277115
2/14/1997,704.4485474,710.4043088,700.6836795,707.3414399
2/17/1997,701.7377319,706.5175144,701.2547185,704.4486251
2/18/1997,695.1899414,703.0806257,694.1119804,701.8627165
2/19/1997,694.855957,697.6438734,693.3959919,695.017938
2/20/1997,698.6417847,698.8287891,693.9649649,694.8559214
2/21/1997,696.4679565,700.204811,695.6340045,698.7158551
2/24/1997,697.3418579,699.6807561,695.7299212,697.8118103
2/25/1997,701.2797241,701.2797241,697.0148754,697.341889
2/26/1997,712.5792236,712.5792236,701.193681,701.193681
2/27/1997,709.8934326,717.4390989,707.4975296,713.0792829
2/28/1997,705.3465576,709.8933776,702.2906463,709.8933776
3/3/1997,700.0817871,706.6324967,698.1148836,705.7535636
3/4/1997,695.4959717,701.5806961,692.2691074,700.0817919
3/5/1997,686.1322632,696.521873,679.4645542,696.521873
3/6/1997,683.0814209,689.3671873,682.6064638,686.1323277
3/7/1997,683.7793579,684.6712909,680.8044373,683.6143253
3/10/1997,688.0222778,688.6992535,683.5614526,683.7794617
3/11/1997,687.9072876,691.8570853,684.9193666,688.6552444
3/12/1997,682.5794678,688.8491824,679.1785991,687.9072635
3/13/1997,669.9649658,683.1064224,667.033073,683.1064224
3/14/1997,666.81604,669.9649654,663.0481812,669.0789525
3/17/1997,670.9098511,671.6738594,667.2800486,667.2800486
3/18/1997,659.4153442,670.9098925,656.041513,664.6451824
3/19/1997,663.1482544,663.1482544,657.0994781,659.4153672
3/20/1997,663.1062622,668.7360484,660.9333119,664.8171943
3/21/1997,656.0814819,664.0191615,653.9495458,663.4461858
3/24/1997,649.5947266,656.4644545,646.9188053,656.115469
3/25/1997,657.260437,657.260437,649.5947197,650.3446905
3/26/1997,659.3283691,661.398296,656.7304477,657.2604564
3/27/1997,662.2102661,662.2102661,658.0854265,659.3683356
4/1/1997,651.9816284,662.210234,649.0566935,662.210234
4/2/1997,650.8516235,653.2635167,648.3976787,651.9845749
4/3/1997,641.5960083,650.8516907,638.4261487,648.2017693
4/4/1997,637.4022217,642.4390132,634.9483376,641.800061
4/7/1997,636.6152344,639.126123,633.2553798,637.402191
4/8/1997,638.1981201,638.1981201,635.36919,636.6151741
4/10/1997,635.5322876,639.0471655,632.727404,638.5221615
4/11/1997,637.12323,637.12323,633.2233572,635.7822787
4/14/1997,635.1412964,637.1232139,633.0823555,637.1232139
4/15/1997,631.2493896,635.8912376,630.0474712,635.1412668
4/16/1997,632.7943115,635.1542659,630.121442,631.8873644
4/17/1997,637.5691528,637.9001336,632.1853904,632.7943145
4/21/1997,642.2349854,643.3549368,637.5691515,637.5691515
4/22/1997,646.2158203,646.2158203,642.2349575,642.2579669
4/23/1997,651.4246216,651.4246216,646.3167884,646.3167884
4/24/1997,652.9585571,652.9585571,648.8396991,651.4746062
4/25/1997,652.4506226,654.1735169,649.7877013,653.1125841
4/28/1997,656.5044556,656.5044556,652.4505974,653.7545627
4/29/1997,647.2047729,657.514369,645.0438464,656.7654357
4/30/1997,652.0236206,652.0236206,647.5518099,647.5518099
5/1/1997,650.4327393,652.9496093,646.429904,652.4796568
5/2/1997,647.8687744,650.9376858,644.5029386,650.9376858
5/5/1997,652.7615967,652.7615967,647.636796,647.8687816
5/6/1997,659.5783691,659.5783691,652.829608,652.829608
5/7/1997,666.8170776,666.8170776,659.6193596,659.6193596
5/9/1997,673.6628418,673.6628418,666.9100525,666.9100525
5/12/1997,675.7866821,677.0866193,672.8068177,675.8477149
5/13/1997,672.8388062,677.3206264,671.6408547,675.8306941
5/14/1997,670.2599487,673.553827,667.7830553,673.1388041
5/15/1997,656.9604492,670.3659332,654.9875036,670.2579052
5/16/1997,657.0474243,657.3694333,654.6515215,656.9604526
5/19/1997,652.5245972,656.9984221,650.4756657,656.9984221
5/20/1997,652.7995605,655.7874201,651.3156096,652.3985752
5/21/1997,654.0655518,655.4104701,652.1236107,652.9465767
5/23/1997,658.4963379,658.4963379,652.0216144,653.9905319
5/26/1997,663.1692505,663.1692505,658.0224167,658.8033922
5/27/1997,668.822998,668.822998,663.1272356,663.1822261
5/28/1997,672.4728394,672.4728394,667.984977,668.7439806
5/29/1997,689.4711304,689.4711304,672.4728301,672.4728301
5/30/1997,696.0009766,699.6918122,690.2861717,690.2861717
6/2/1997,699.7037964,701.7206857,696.0908998,696.0908998
6/3/1997,698.3737793,701.5636574,694.8438876,699.7897397
6/4/1997,693.5119629,698.6167443,690.4920611,698.5837866
6/5/1997,691.9550781,693.5599962,689.6231986,693.5599962
6/6/1997,694.9889526,696.1248948,692.1380504,692.1380504
6/9/1997,692.4771118,696.0559522,690.5381613,695.0599582
6/10/1997,689.7381592,693.3030228,689.6411781,692.4770662
6/11/1997,693.0090332,693.0090332,686.8452717,689.7381644
6/12/1997,695.1929321,695.1929321,691.7050917,692.9680431
6/13/1997,698.5927734,698.5927734,695.314886,695.3909329
6/16/1997,705.2605591,705.2605591,698.5937655,698.6698123
6/17/1997,705.0565186,707.820449,705.0565186,705.9754891
6/18/1997,710.7583618,710.9643475,705.0035808,705.1055666
6/19/1997,708.4174194,711.0252891,706.0484931,710.8193034
6/20/1997,712.196228,712.196228,707.5324084,708.2903745
6/23/1997,719.6099854,719.7629945,712.2282537,712.2282537
6/24/1997,713.3592529,719.5750144,711.3963167,719.5750144
6/25/1997,712.4672241,714.7221411,708.640408,713.4402087
6/26/1997,709.3793945,713.0782863,708.4574333,712.5722635
6/27/1997,716.8010254,716.8010254,709.4773364,709.4813035
6/30/1997,724.527832,724.527832,715.1311641,716.9750864
7/1/1997,731.5905151,732.4874528,724.9667498,725.000745
7/2/1997,730.1265869,733.9894125,727.4236893,731.7244861
7/3/1997,735.4633789,735.4633789,729.5345936,730.4535641
7/4/1997,736.5683594,736.5683594,733.8574662,735.7964167
7/7/1997,737.9772339,739.8041891,735.7453262,736.5892875
7/8/1997,740.8041382,741.515109,737.8052316,737.992236
7/9/1997,738.1092529,742.9250444,737.0353201,740.9131598
7/10/1997,729.1226807,738.3732979,724.2248606,738.1373452
7/11/1997,723.3878784,729.4876167,721.3029375,729.4096169
7/14/1997,722.4698486,725.1737839,719.4959654,723.6627953
7/15/1997,722.1809082,725.0897917,720.075033,722.645917
7/16/1997,723.4747925,725.2057431,721.1739178,723.650811
7/18/1997,723.9718018,726.4607185,720.9039281,723.5188165
7/21/1997,712.3742065,724.6417337,710.5852748,724.3637904
7/22/1997,711.413269,713.8091718,710.1183366,712.6462532
7/23/1997,718.1610718,718.1610718,711.7403012,711.7403012
7/24/1997,712.0182495,720.5478851,709.7903091,718.5119538
7/25/1997,710.0303955,712.2442987,707.3895069,712.0183554
7/28/1997,710.7913208,712.2772859,709.2883885,710.471387
7/29/1997,716.3270874,716.3270874,710.7912922,710.7912922
7/30/1997,721.9509277,721.9509277,716.2951418,716.4031699
7/31/1997,721.2419434,724.2227844,716.97209,722.3168527
8/1/1997,721.7438965,722.1949287,719.0330034,721.4689438
8/4/1997,718.6809692,721.8728614,717.3320228,721.2178577
8/5/1997,713.8522339,719.9030239,711.2193407,718.7710489
8/6/1997,699.8287964,714.0192234,695.7269662,713.9512329
8/7/1997,677.9126587,699.8287985,673.6927911,699.8287985
8/8/1997,675.409668,684.1063507,671.7208468,677.9126222
8/11/1997,658.1443481,675.4096669,656.5554208,675.4096669
8/12/1997,662.9212646,667.8000424,647.1508813,658.5964205
8/13/1997,658.5783691,663.5201934,654.1645395,662.3321903
8/14/1997,642.9859619,660.5123184,638.5911745,658.5783727
8/15/1997,617.6819458,641.88303,611.6002124,641.88303
8/18/1997,599.6126099,617.6819127,565.7569351,617.6819127
8/19/1997,590.5070801,612.1842161,585.5582368,598.8747358
8/20/1997,593.1479492,595.8148377,589.2020578,590.1290237
8/21/1997,603.0365601,610.2853018,594.7898713,594.7898713
8/22/1997,574.3726807,602.7955254,570.0998366,602.7955254
8/25/1997,540.907959,572.3897046,532.7012472,572.3897046
8/26/1997,554.2163696,556.7032722,517.3748494,540.3979386
8/27/1997,555.4403687,561.2251778,551.959547,554.2164172
8/28/1997,530.3453979,554.6704405,528.3854522,554.6704405
8/29/1997,493.9427795,529.0533819,491.8908575,529.0533819
9/1/1997,485.9500732,499.7105543,484.0031581,493.5797811
9/2/1997,478.9953613,489.9309403,475.4525,486.5070623
9/3/1997,512.5680542,513.346039,485.2571059,485.2571059
9/4/1997,533.8491821,533.8491821,518.3767629,518.3767629
9/5/1997,594.0899048,594.0899048,540.2899921,540.2899921
9/8/1997,600.2875977,614.8420846,589.9610345,598.5086752
9/9/1997,597.9807129,615.1099889,593.0898513,606.3723535
9/10/1997,574.9936523,598.5727534,572.7357445,597.7687685
9/11/1997,556.1143799,574.1957086,554.1854387,574.1957086
9/12/1997,546.6157837,555.2854297,544.1178339,555.2854297
9/15/1997,550.739563,554.8474354,547.1837321,547.6317127
9/16/1997,534.8081665,554.2704218,533.258239,551.0315342
9/17/1997,526.7164917,535.5911462,524.3265701,534.4761993
9/18/1997,524.2515869,526.3055232,518.9188475,526.3055232
9/19/1997,531.0583496,531.4923537,524.2516072,524.2516072
9/22/1997,535.5802002,539.0870219,530.5653804,531.0583422
9/23/1997,539.4619141,539.8029042,534.9171086,536.1211021
9/24/1997,553.6244507,556.3043391,539.4619769,539.4619769
9/25/1997,559.1981812,560.9451224,554.8933562,555.2513745
9/26/1997,549.8986206,558.764304,548.0236934,558.764304
9/29/1997,546.2167358,549.9236229,542.5708815,549.9236229
9/30/1997,546.666748,553.381514,543.6358599,547.3757049
10/1/1997,536.9651489,546.1987377,535.202217,546.1987377
10/2/1997,536.9031372,536.9651465,530.7133754,536.9651465
10/3/1997,515.4569092,535.4711441,506.7282453,535.4711441
10/6/1997,512.8730469,515.1729452,492.4518445,515.1729452
10/7/1997,513.9289551,523.873575,512.1470421,514.1659454
10/8/1997,518.9197998,518.9197998,511.2300967,515.1799552
10/9/1997,521.0917358,526.5575267,520.2917792,520.9027173
10/10/1997,534.7312012,534.7312012,522.5046873,522.5046873
10/13/1997,534.8051758,535.8301603,528.6863954,533.9172098
10/14/1997,528.8983765,536.5190509,524.9234949,534.9691236
10/15/1997,518.8947754,529.3614089,515.4429445,529.0793764
10/16/1997,517.0709229,518.0888887,511.8081267,518.0888887
10/17/1997,520.6647339,522.1236615,513.9820106,517.0708796
10/20/1997,514.151001,520.6647244,510.3591259,520.6647244
10/21/1997,514.947937,518.8077718,512.3270065,514.5869281
10/22/1997,505.2133484,514.7889952,503.4544141,514.7889952
10/23/1997,494.1177673,505.2133439,490.7199198,505.2133439
10/24/1997,490.3779297,493.9698005,486.749073,493.9698005
10/27/1997,490.1009216,493.9177897,487.6070306,490.5249164
10/28/1997,447.9785461,487.9199829,444.2836828,487.9199829
10/29/1997,472.0326233,472.5806061,453.7803429,453.7803429
10/30/1997,502.8514404,502.8514404,467.3128144,472.1066343
10/31/1997,500.3985291,511.6451007,488.7039768,502.6714509
11/3/1997,501.694458,514.695966,498.2205942,500.7814992
11/4/1997,494.8297119,506.0132665,492.5598114,502.6553957
11/5/1997,490.9668579,495.5166989,486.7940164,494.8367022
11/6/1997,478.8943481,491.5678659,475.4194773,490.9668761
11/7/1997,466.0978699,477.1324444,460.2191007,475.5955168
11/10/1997,462.6739807,466.0908704,458.4661672,466.0908704
11/11/1997,448.1375427,463.0989656,444.108708,462.3519854
11/12/1997,449.6225281,452.6533855,444.1507255,448.151577
11/13/1997,437.9299622,449.7705052,436.0500304,449.7705052
11/14/1997,436.8259888,440.714845,433.7431314,438.2239446
11/17/1997,439.5209045,443.0247661,436.8850207,437.4919917
11/18/1997,434.1921387,442.5188109,431.6452101,439.6119109
11/19/1997,415.6378174,434.1970927,411.3939945,434.1970927
11/20/1997,396.114563,415.725798,392.9206873,415.725798
11/21/1997,391.2427673,398.7674683,385.8359954,397.0985575
11/24/1997,410.190033,410.190033,391.6217552,391.6217552
11/25/1997,395.6636047,409.2210916,392.7987259,409.2210916
11/26/1997,398.523468,398.523468,393.7536649,395.8975633
11/27/1997,401.6923523,401.6923523,395.7145884,398.6124552
12/1/1997,398.6004639,402.1083228,396.1245777,401.2863638
12/2/1997,394.2676392,398.5894924,390.8097965,398.4504902
12/3/1997,389.6668396,393.3917007,384.6310249,393.3917007
12/4/1997,401.9103394,401.9103394,389.6668282,389.6668282
12/5/1997,414.7618408,414.7618408,402.0603098,402.0603098
12/8/1997,423.5965271,427.8743453,415.7918381,415.7918381
12/9/1997,425.4794312,425.825426,416.6177768,424.1224894
12/10/1997,415.9208374,424.962478,412.3679665,424.962478
12/11/1997,396.0925598,415.481788,393.1776649,415.481788
12/12/1997,365.8387451,395.3046077,358.2400421,395.3046077
12/15/1997,339.5227661,365.402738,335.6809055,365.402738
12/16/1997,356.3711243,356.3711243,340.731719,340.731719
12/17/1997,368.6706238,374.0924095,360.1839551,360.1839551
12/18/1997,378.3712463,379.8581879,372.4554917,372.4554917
12/19/1997,378.78125,381.6461593,372.040515,377.946291
12/22/1997,385.8339844,385.8339844,376.0853708,378.7812498
12/23/1997,397.015564,397.015564,385.6500087,385.6500087
12/24/1997,396.515564,400.9174006,391.1137663,397.2895206
12/29/1997,397.9985352,401.900361,394.8966355,396.7745837
12/30/1997,401.6963501,401.6963501,392.213718,399.492426
1/2/1998,409.9950256,409.9950256,400.7354069,402.088351
1/5/1998,410.8139954,415.307839,407.2171505,409.995027
1/6/1998,402.2493591,409.8010367,397.8405036,409.8010367
1/7/1998,394.2236633,401.7443666,382.9181038,401.7443666
1/8/1998,347.0944824,393.8986592,321.0654975,393.8986592
1/9/1998,342.9566345,362.7728483,337.5778464,346.4564981
1/12/1998,350.2233582,353.7732077,342.9566429,342.9566429
1/13/1998,382.1221008,382.1221008,356.4081067,356.4081067
1/14/1998,403.965271,403.965271,382.9121045,382.9121045
1/15/1998,387.2279358,415.5928288,380.8761628,406.4121865
1/16/1998,413.9039307,413.9039307,385.2080242,388.6499071
1/19/1998,439.0109253,443.3007363,416.4267825,416.4267825
1/20/1998,448.0215454,448.0215454,425.4984362,437.4769428
1/21/1998,465.9848633,471.1736568,451.772434,451.772434
1/22/1998,443.5117188,468.6807519,436.8239909,467.2098009
1/23/1998,450.9664307,450.9664307,438.3539157,445.3806499
1/26/1998,473.667572,477.0864453,456.2812552,456.2812552
1/27/1998,476.2924805,486.8740697,473.8865682,473.8865682
1/28/1998,485.9190674,485.9190674,462.8219748,476.4324373
2/2/1998,554.0853882,554.0853882,486.0040586,486.0040586
2/3/1998,536.769104,570.0298345,526.9965348,555.2274316
2/4/1998,519.9087524,536.5530622,514.8739145,536.5530622
2/5/1998,513.4690552,520.6757453,503.1804536,519.9088073
2/6/1998,535.4082031,535.514156,514.8889812,514.8889812
2/9/1998,529.2333984,544.1977809,523.955589,536.0151165
2/10/1998,517.6808472,524.7315982,514.3509596,524.7315982
2/11/1998,487.5909729,519.6017486,476.974413,517.2698083
2/12/1998,442.2717896,487.4750169,437.9639433,487.4750169
2/13/1998,448.1405334,457.0102136,442.1647835,445.7876283
2/16/1998,457.6901855,462.0560129,453.5373321,458.2541589
2/17/1998,472.1906433,472.1906433,459.3741254,459.3741254
2/18/1998,472.660614,479.7453606,469.3727474,472.1976498
2/19/1998,496.2327271,500.59355,473.2286163,473.2286163
2/20/1998,495.2127075,496.9486323,490.1818976,496.5076705
2/23/1998,505.0153503,507.083263,494.8017586,494.8017586
2/24/1998,494.8707275,507.6912118,492.1298065,506.1762867
2/25/1998,483.3922119,495.0497481,481.1802923,495.0497481
2/26/1998,483.7881775,491.0129024,481.0582728,482.9581927
2/27/1998,482.3592224,484.114159,475.3554971,484.0991755
3/2/1998,496.7096863,496.7096863,482.3592312,482.3592312
3/3/1998,518.6657715,518.6657715,505.1693184,505.1693184
3/4/1998,502.891449,519.7927691,499.7025471,519.7927691
3/5/1998,516.4689331,516.4689331,492.2708688,502.8424487
3/6/1998,512.2110596,532.5772704,510.1691164,521.0417091
3/9/1998,495.7947083,521.0577331,492.6178299,521.0577331
3/10/1998,490.4569397,498.7886164,487.7610301,498.2126195
3/11/1998,491.8538513,492.6408385,482.6632299,491.3898801
3/12/1998,498.1656189,501.4724971,493.0648347,493.221811
3/13/1998,506.7132874,506.7132874,499.8575665,499.8575665
3/16/1998,510.7661438,510.7661438,503.2044262,507.5572537
3/17/1998,512.1200562,513.0760125,507.4362177,511.0710858
3/18/1998,503.9843445,512.8189914,499.1235416,512.2040252
3/19/1998,504.1273499,504.1633592,499.5365254,503.2833886
3/20/1998,516.7109375,516.7109375,503.8884072,503.8884072
3/23/1998,516.2979126,526.4595047,511.1651166,516.9028695
3/24/1998,501.6404724,516.4308817,499.5595598,516.4308817
3/25/1998,504.0753479,504.0753479,492.9857839,501.6404453
3/26/1998,532.7912598,533.9342206,504.7333316,504.7333316
3/27/1998,542.0769653,550.2476074,533.5452533,533.5452533
3/30/1998,541.4039307,545.4518079,534.2552219,544.1668237
4/1/1998,523.9276123,546.6547553,520.8567479,543.0788447
4/2/1998,516.3829346,524.113591,513.7170226,523.9526475
4/3/1998,533.2791748,533.7251413,516.3628428,516.3628428
4/6/1998,526.1204834,533.4682194,523.3486188,533.4682194
4/8/1998,530.0153809,538.0600506,525.8315227,525.8315227
4/9/1998,527.5645142,532.1992827,524.0846079,530.7843597
4/13/1998,524.0436401,533.5162331,523.0076697,527.8274895
4/14/1998,516.0809326,525.8985438,514.1629775,524.1545931
4/15/1998,513.4250488,518.7038353,512.51505,516.1279467
4/16/1998,510.0481567,517.4138981,508.5532198,513.4680066
4/17/1998,507.8822327,510.4501258,505.4743064,510.0011382
4/20/1998,508.1362305,510.2291361,505.4643374,507.9572213
4/21/1998,497.6876221,508.3541989,495.6736929,508.3541989
4/22/1998,500.6214905,502.0154486,497.2266337,497.7626236
4/23/1998,491.836853,501.2925093,489.5239547,500.6915195
4/24/1998,490.4619141,491.8488841,487.6640492,491.8488841
4/27/1998,485.6220703,490.7088777,481.9982186,490.620899
4/29/1998,465.2289124,485.3511155,461.6790321,485.2941108
4/30/1998,460.1170959,466.7838286,456.0212471,466.348848
5/1/1998,448.5075378,460.0970831,446.5616297,460.0970831
5/4/1998,445.9766235,451.9033947,443.0007567,448.497552
5/5/1998,435.1430664,447.0056113,431.0642152,445.9896291
5/6/1998,414.6088257,434.8360334,408.115091,434.8360334
5/7/1998,436.7610168,436.7610168,416.6787906,417.5257425
5/8/1998,434.6380615,440.4508233,431.6421761,436.2250053
5/12/1998,430.5092773,434.7791005,425.4304646,434.7791005
5/13/1998,402.0413513,430.4242488,393.3486966,430.4242488
5/14/1998,403.6832886,412.5009384,400.9183816,402.0413542
5/15/1998,405.9212036,406.1401892,403.6832842,403.6832842
5/18/1998,388.902832,405.6431765,384.0820056,405.6431765
5/19/1998,413.8079224,414.1659102,386.992955,388.8858868
5/20/1998,423.989502,424.5454801,412.4859521,413.8078916
5/22/1998,445.1256714,445.1256714,426.3053899,426.3053899
5/25/1998,439.5379028,448.1935721,435.5370513,445.4156955
5/26/1998,434.0421143,440.7438495,429.9842886,439.598905
5/27/1998,416.9507751,433.8471204,412.1699554,433.8471204
5/28/1998,414.2038879,417.789747,407.9591358,416.3598099
5/29/1998,420.4486389,421.260619,416.0138139,417.5127485
6/1/1998,414.0629272,420.2146658,409.5140927,420.2146658
6/2/1998,399.5834351,414.262856,396.316564,414.0628821
6/3/1998,392.5927124,400.0104228,384.6980308,399.4114471
6/4/1998,406.3151855,406.3151855,389.749851,393.3326889
6/5/1998,409.500061,415.7088344,405.5742189,407.7691408
6/8/1998,409.4030762,413.4409134,405.1232439,413.4409134
6/9/1998,411.0559998,411.0559998,405.807211,409.6390627
6/10/1998,408.0640869,412.5679397,404.3662329,411.1089817
6/11/1998,411.5279846,411.7439796,403.1153178,411.4659753
6/12/1998,408.3561096,416.3738028,407.2701534,411.3089976
6/15/1998,406.485199,413.3639293,401.6233885,407.5811341
6/16/1998,399.49646,406.4852019,396.8265809,406.4852019
6/17/1998,419.4256592,419.4256592,399.5234493,399.5234493
6/18/1998,440.0758667,440.0758667,419.7786827,419.7786827
6/19/1998,425.4364319,441.0048257,421.5465687,440.3838477
6/22/1998,420.6426392,426.4404179,417.3397586,425.4364591
6/23/1998,423.0685425,425.0004742,419.8796711,420.5736444
6/24/1998,430.9432373,431.5052272,422.9075695,423.1235645
6/25/1998,428.7932739,433.389103,426.741352,433.1681033
6/26/1998,430.853241,433.2771579,427.0213892,429.1053231
6/29/1998,431.2141724,432.4361401,426.5793738,430.853194
6/30/1998,445.9026489,445.9026489,427.0013769,431.6911967
7/1/1998,456.5232239,457.1922042,441.7938165,445.1466828
7/2/1998,466.3548279,466.3548279,458.4481533,458.4481533
7/3/1998,470.5267334,470.5267334,457.4982173,466.3988725
7/7/1998,483.9261475,490.6148821,470.7446543,470.7446543
7/8/1998,472.9616089,486.6410693,472.249631,484.1701572
7/9/1998,470.3027344,474.0055629,468.5477977,472.8536301
7/10/1998,463.5629578,470.0947166,461.0100786,470.0947166
7/13/1998,459.6551208,464.6249287,456.0712454,464.0069413
7/14/1998,463.8559265,464.4888975,460.2620723,460.2620723
7/15/1998,467.3208008,472.2446204,464.331934,464.331934
7/16/1998,473.7535706,475.3655074,470.7796872,471.4416488
7/17/1998,486.2150879,486.2150879,474.2815313,474.2815313
7/20/1998,488.6659851,488.6659851,476.2444713,486.2320893
7/21/1998,488.2200012,489.1169389,484.1181407,488.4029775
7/22/1998,483.0361938,492.2008457,480.6302816,489.1789602
7/23/1998,473.7865601,484.0781519,471.1866551,482.5162314
7/24/1998,479.544342,479.544342,470.4796921,473.9645724
7/27/1998,482.9621887,482.9621887,478.1653784,479.6913199
7/28/1998,483.512207,486.7640642,481.6032847,482.7992221
7/29/1998,485.0771179,487.0550377,481.706247,483.7321691
7/30/1998,482.6691895,485.2321084,479.9932988,485.2321084
7/31/1998,481.6982727,486.1220813,479.4843391,482.9132218
8/3/1998,475.239502,482.3212271,472.5266253,481.7672631
8/4/1998,461.3320618,475.2395103,457.7991792,475.2395103
8/5/1998,441.7667847,461.3320319,439.7078744,461.3320319
8/6/1998,433.8161316,446.6436355,432.682173,441.7728228
8/7/1998,423.5965271,434.1561139,422.3495663,434.1561139
8/10/1998,421.1506348,423.8635421,418.22277,423.5965542
8/11/1998,407.0481567,421.1506048,405.1962391,421.1506048
8/12/1998,408.6191101,412.1569668,402.2113394,406.8761665
8/13/1998,402.9253235,413.3748984,401.2583657,408.8910947
8/14/1998,414.6138306,414.6908234,400.7003719,402.9252912
8/18/1998,403.8392944,416.2468011,402.1853366,414.9618474
8/19/1998,405.8742065,409.0270684,402.2893242,404.8262432
8/20/1998,399.3144531,406.251195,394.4306709,406.251195
8/21/1998,388.329895,399.0694675,387.0479319,399.0694675
8/24/1998,370.5305786,386.8749431,368.4656566,386.8749431
8/25/1998,367.1287231,374.1424579,363.148867,370.8845585
8/26/1998,360.9129639,371.978543,360.5459737,367.2737089
8/27/1998,354.9312134,361.5529348,351.8033137,360.4409785
8/28/1998,339.0078125,354.0882197,337.0108809,354.0882197
8/31/1998,342.4226685,342.4226685,323.2294157,337.5598513
9/1/1998,325.8413086,342.0686732,324.2923577,342.0686732
9/2/1998,329.6121826,334.5429906,327.6802509,330.405151
9/3/1998,334.7749634,336.1779239,328.6442206,329.4631889
9/4/1998,325.5433044,332.9920191,322.1344408,331.9470464
9/7/1998,335.7969055,336.2808954,325.9812787,325.9812787
9/8/1998,330.400116,339.4337604,328.7911699,335.6349278
9/9/1998,325.7492981,333.2940175,320.7784835,333.2940175
9/10/1998,327.2582703,328.6562262,322.9164286,325.526343
9/11/1998,324.0274048,326.6662792,319.7865724,325.1893469
9/14/1998,320.5825195,326.2683028,316.4976871,324.2843713
9/15/1998,292.1416626,322.1964944,291.4936775,320.5455576
9/16/1998,290.9046631,299.7843224,285.9158741,293.1846036
9/17/1998,285.4638977,293.0855799,283.1429736,290.9776907
9/18/1998,271.6604004,284.911898,268.3875482,284.911898
9/21/1998,256.8240356,273.5443637,255.4540785,271.6604343
9/22/1998,260.8658447,261.9717892,255.5650411,257.513955
9/23/1998,262.2398071,266.2806352,259.057924,262.0408097
9/24/1998,282.1490479,282.1490479,262.2398173,262.2398173
9/25/1998,275.2132874,278.8831579,269.7464896,278.8831579
9/28/1998,274.9903259,278.5591876,272.8704132,275.3313161
9/29/1998,275.9972229,276.5561916,272.4053526,274.4322815
9/30/1998,276.1392212,278.9381232,273.5483188,276.0562166
10/1/1998,273.8573303,276.8232181,272.1803938,276.5772255
10/2/1998,263.21875,273.9303383,260.897826,273.9303383
10/5/1998,261.303833,268.2175656,259.604894,264.8726945
10/6/1998,258.0959473,261.3038303,255.9640417,261.3038303
10/7/1998,266.1596375,267.8245506,258.1659305,258.1659305
10/8/1998,288.5387573,290.0107154,265.4656808,265.4656808
10/9/1998,304.828125,311.9478428,288.5547719,288.5547719
10/12/1998,307.4050293,311.9998517,304.8781501,304.8781501
10/13/1998,313.9737549,313.9737549,306.779028,308.9919544
10/14/1998,303.1781921,311.9608395,301.203263,311.9608395
10/15/1998,304.8351135,307.2410257,303.0792005,303.3691977
10/16/1998,337.5738525,337.5738525,311.4768774,311.4768774
10/19/1998,336.4049072,351.1183239,331.072107,338.1248415
10/20/1998,336.5628967,340.8217337,327.6822607,339.183797
10/21/1998,322.3084717,337.417869,321.6074797,337.417869
10/22/1998,316.7826843,324.4393688,316.7826843,322.3084702
10/23/1998,313.402832,317.1086817,308.9640091,316.7827056
10/26/1998,315.2987671,315.2987671,310.7769394,312.8518711
10/27/1998,318.0886536,318.9746055,313.3878169,315.368758
10/28/1998,312.277832,322.3994161,310.6268954,318.1605983
10/29/1998,309.3999329,312.4388159,304.0931633,312.4388159
10/30/1998,300.7583008,310.9209307,299.8563583,310.0429436
11/2/1998,307.1860352,308.354996,301.1912735,301.1912735
11/3/1998,317.1696777,319.0716119,310.5159447,310.5159447
11/4/1998,330.4461365,330.5511129,316.8586533,317.2506363
11/5/1998,355.5141907,371.4155499,335.3649498,335.3649498
11/6/1998,353.9642029,363.6018278,349.1344045,358.1120515
11/9/1998,364.3788452,373.5574741,353.4652679,353.4652679
11/10/1998,357.2901001,365.2018104,354.98419,364.2878445
11/11/1998,362.9928284,363.6028204,354.9621663,357.2900479
11/12/1998,357.9620972,371.7945367,355.0501925,362.9928769
11/13/1998,355.5261841,359.4810169,354.5312277,357.962094
11/16/1998,356.2121277,360.6389571,353.0522472,355.5261498
11/18/1998,369.9795837,372.1675174,356.6231091,356.6231091
11/19/1998,379.104248,379.104248,370.1166214,370.1166214
11/20/1998,403.6362915,403.6362915,381.3051603,381.3051603
11/23/1998,424.970459,427.41235,403.6212838,403.6212838
11/24/1998,420.0636292,436.7769981,417.6477381,424.983451
11/25/1998,387.3679199,419.3296887,385.995964,419.3296887
11/26/1998,394.6626587,398.0375274,385.0030307,387.367929
11/27/1998,392.304718,395.3266034,388.4058526,395.0896131
11/30/1998,386.2559814,395.6006194,385.9099866,392.3047575
12/1/1998,387.7199097,387.7199097,373.9794466,385.9059848
12/2/1998,396.9485474,399.579457,387.7199025,387.7199025
12/3/1998,393.7796936,397.347548,391.1337699,395.8835851
12/4/1998,390.3798218,393.2477218,388.0919163,393.2477218
12/7/1998,399.444458,400.5944072,390.8948027,390.8948027
12/8/1998,398.8854675,402.6053239,398.103485,399.464455
12/9/1998,398.7674561,402.4303383,396.3395721,400.1763978
12/10/1998,403.6522827,403.727292,398.1185016,399.315446
12/11/1998,405.5791931,406.3541568,399.2824415,403.5872664
12/14/1998,404.6872559,411.1559983,402.427334,405.6302123
12/15/1998,400.7494202,404.7202434,399.1094693,404.7202434
12/16/1998,412.6779175,414.4828398,400.7493968,400.7493968
12/17/1998,405.5682068,412.9029124,404.6382198,412.677915
12/18/1998,403.9462891,407.2561578,401.8883552,405.5132142
12/21/1998,404.4872742,406.3022061,400.4534343,403.9623007
12/22/1998,406.4491882,409.2700929,403.614307,404.409259
12/23/1998,400.503418,405.643202,398.0954917,405.643202
12/24/1998,401.8393555,401.8393555,399.1284625,400.503409
12/28/1998,400.1604309,402.4893503,395.3706087,401.8653817
12/29/1998,396.7175598,401.1163754,393.8066624,400.1764096
12/30/1998,398.022522,398.022522,390.0688517,396.9005563
1/4/1999,393.9926758,395.5916126,391.2297827,393.9486711
1/5/1999,408.6870728,408.6870728,393.0106818,394.4836164
1/6/1999,427.0633545,427.0633545,411.7799531,411.7799531
1/7/1999,457.9221802,462.1030172,433.5191382,433.5191382
1/8/1999,439.4768982,458.587178,437.7719779,458.587178
1/11/1999,437.2789917,443.7387626,435.1810813,441.5348382
1/12/1999,436.1730042,442.6827602,433.0171213,438.0269358
1/13/1999,419.0877075,436.0820418,414.910868,436.0820418
1/14/1999,408.5380859,418.8756963,399.8524498,418.8756963
1/15/1999,402.3863525,406.9201727,398.4694822,406.9201727
1/25/1999,382.4631042,403.5222818,376.2883569,402.3863397
1/26/1999,398.1364746,398.1364746,383.7590143,383.7590143
1/27/1999,410.2340393,410.2340393,400.2144401,400.2144401
1/28/1999,407.2551575,410.8140095,405.802211,409.9520436
1/29/1999,411.9159851,415.3948537,407.5681623,407.5681623
2/1/1999,409.0960693,417.7477405,407.6611277,412.1929641
2/2/1999,405.1481934,409.1860302,402.543284,408.8990541
2/3/1999,410.5400085,410.5400085,401.9483327,405.4122176
2/4/1999,409.006073,414.5718657,405.6962044,410.5400098
2/5/1999,405.5372009,409.889021,405.5372009,409.0060598
2/8/1999,399.6744385,407.433139,395.6345872,405.8742093
2/9/1999,402.8103027,402.8103027,397.8574927,400.4844045
2/10/1999,398.6654663,403.5962739,397.441515,403.5962739
2/11/1999,402.6323547,406.4541971,400.0084333,401.1123943
2/12/1999,400.5364075,406.6251597,395.9305992,402.6323342
2/15/1999,396.9085693,400.687414,394.4126642,400.5364189
2/16/1999,398.8324585,398.8634631,396.4155604,396.9085527
2/17/1999,397.9595337,400.056437,397.0455678,398.8324856
2/18/1999,403.3982849,403.3982849,397.002538,397.9595014
2/19/1999,404.0022888,407.9471427,402.9393114,403.6392963
2/22/1999,398.65448,404.9812293,397.6825025,404.2942444
2/23/1999,397.9195251,402.5113571,394.7756349,400.2004423
2/24/1999,401.9823303,402.5183202,397.2855223,397.8785168
2/25/1999,397.7875366,401.9823503,395.7486145,401.9823503
2/26/1999,396.0735474,398.0714858,393.1926782,398.0714858
3/1/1999,396.3095703,396.9335389,394.2716248,396.032573
3/2/1999,394.9506226,397.7355178,394.1126425,396.756552
3/3/1999,395.7915955,399.2874615,393.0417025,395.3296078
3/4/1999,394.1386414,396.6095534,392.9536899,396.4085725
3/5/1999,388.6638489,395.3096167,386.4029506,394.9556265
3/8/1999,384.5530396,391.5007674,382.0221321,388.8948812
3/9/1999,379.4062195,385.2429979,377.9822942,384.8170196
3/10/1999,373.7874756,379.8552329,370.6286018,379.6052427
3/11/1999,378.6292725,378.6292725,371.7835307,374.0514477
3/12/1999,375.9223633,379.0492251,374.2154291,378.3752706
3/15/1999,372.3034668,377.4232622,371.0885179,374.2463842
3/16/1999,379.4382019,379.4382019,372.263494,374.2714113
3/17/1999,387.8659363,387.8659363,379.2092598,379.2092598
3/19/1999,394.2016602,394.2016602,390.2947994,390.2947994
3/22/1999,392.2677002,394.234634,390.331771,394.234634
3/23/1999,394.7936096,394.7936096,389.0878383,392.0237285
3/24/1999,391.3297729,394.6276488,389.0578582,394.6276488
3/25/1999,395.8135986,395.8135986,389.8388252,391.0837718
3/26/1999,392.9327087,398.4104924,391.6627691,396.0115989
3/29/1999,392.8467102,392.9157078,389.847834,392.9157078
3/30/1999,393.6096802,394.9656149,392.2097408,393.2996947
4/1/1999,394.4176636,397.0015474,392.0187396,393.6096811
4/5/1999,395.3216248,406.4821708,393.6226857,394.4196518
4/6/1999,395.4976196,395.5916101,393.9596851,395.3486386
4/7/1999,395.8955688,398.1744717,395.2395886,395.4975741
4/8/1999,399.9864502,399.9864502,395.9395801,395.9395801
4/9/1999,421.1966248,421.1966248,399.9864515,399.9864515
4/12/1999,421.1336365,428.776345,421.1336365,421.1966528
4/13/1999,432.5011597,435.5500216,421.133591,421.133591
4/14/1999,435.5390625,435.8430363,427.3133692,432.7881624
4/15/1999,447.4615784,448.112554,434.1070874,435.6270478
4/16/1999,479.5133667,486.971054,447.4505876,447.4505876
4/19/1999,508.1272278,528.5264278,480.9382835,480.9382835
4/20/1999,485.9510803,507.9692355,477.9014059,507.9692355
4/21/1999,480.6062927,494.8127405,477.969402,485.9510859
4/22/1999,479.2233582,488.9179883,477.0224245,480.7153045
4/23/1999,473.568573,483.9631574,473.1935876,480.2642963
4/26/1999,470.3877258,476.7644617,468.912777,473.568602
4/27/1999,469.1867065,470.6966575,466.7688015,470.6136529
4/28/1999,481.3252563,483.8531731,469.6517301,469.6517301
4/29/1999,490.9708557,495.2976829,481.4002448,482.0432251
4/30/1999,495.2026978,505.600303,490.9708679,490.9708679
5/3/1999,523.3376465,523.3376465,495.1727552,495.1727552
5/4/1999,548.2196655,559.5422224,531.0922812,531.0922812
5/5/1999,563.8181152,565.5970378,544.4108494,548.1527084
5/6/1999,580.8823853,591.815919,564.8169715,564.8169715
5/7/1999,575.0956421,588.2151276,566.4700006,586.570233
5/10/1999,574.3326416,581.875378,567.5139371,575.0616172
5/11/1999,573.2076416,577.0605188,569.8388154,574.0526404
5/12/1999,576.4815674,577.566486,561.1561147,573.4596514
5/14/1999,591.6109009,598.1856567,576.6864951,576.6864951
5/17/1999,590.7769775,592.2479285,583.2302744,591.6669575
5/18/1999,577.8635254,591.3590335,576.2056308,590.5400346
5/19/1999,593.5809326,593.5809326,575.9976317,577.9015494
5/20/1999,594.0299072,608.2503632,588.3211446,593.4799408
5/21/1999,591.6409302,595.3248075,589.568013,594.094814
5/24/1999,613.6170654,615.8949917,591.2799237,591.6679091
5/25/1999,619.8529053,626.0686669,613.1871489,613.3351534
5/26/1999,605.7633667,620.1848014,604.7054246,619.861816
5/27/1999,603.0925903,613.2461874,601.9125825,606.0664738
5/28/1999,583.6262817,602.892561,581.1824071,602.892561
5/31/1999,585.2191772,593.3088275,581.7683231,583.5112361
6/1/1999,583.234375,586.838239,578.8484979,585.3142503
6/2/1999,574.2926636,584.356298,571.6127751,583.4433086
6/3/1999,587.5460815,587.5460815,567.9398507,574.1896072
6/4/1999,612.354187,613.1161813,588.061125,588.061125
6/8/1999,686.9202881,700.79072,612.8341211,612.8341211
6/9/1999,678.9434814,689.6330668,676.2646309,686.7551884
6/10/1999,664.5430908,678.2566071,655.3304979,678.2566071
6/11/1999,668.2550049,673.0657918,653.753555,662.1852337
6/14/1999,679.4224854,689.691128,669.2868942,669.2868942
6/15/1999,670.1339111,687.9422395,670.1339111,680.302522
6/16/1999,661.8262329,677.7776385,660.4113099,669.9499402
6/17/1999,681.0125122,683.5374384,662.0832558,662.0832558
6/18/1999,707.8563843,707.8563843,681.2944312,681.2944312
6/21/1999,716.4321289,718.0490703,707.8704505,707.8704505
6/22/1999,710.6543579,720.0219744,706.789518,716.8181196
6/23/1999,700.6417236,711.0733243,691.7310599,710.8742964
6/24/1999,682.0924683,704.6325455,679.887537,700.9866913
6/25/1999,673.1288452,682.3864807,669.2589396,682.3864807
6/28/1999,672.1008301,683.0803828,668.0129766,672.9147632
6/29/1999,680.5344849,686.364275,672.1848343,672.1848343
6/30/1999,661.9992676,690.115178,658.7243706,681.0645048
7/1/1999,673.0158081,679.6055786,665.1311051,667.8000076
7/2/1999,670.5119629,677.3596582,664.4921773,672.8538518
7/5/1999,665.118042,678.467558,652.0985913,670.2558421
7/6/1999,681.5604858,685.0733498,661.9402767,665.340169
7/7/1999,665.7450562,690.2401344,663.4291674,681.5264237
7/8/1999,660.2282715,667.4959323,656.6723799,665.3840152
7/9/1999,656.6184082,663.2361924,653.4965205,660.228314
7/12/1999,663.0982666,670.0629619,656.6284862,656.6284862
7/13/1999,656.161499,664.4921688,654.8215243,663.178194
7/14/1999,664.8560791,665.2910597,652.2385294,656.161411
7/15/1999,660.5162354,666.9619679,659.1503218,664.856093
7/16/1999,662.3412476,664.7621739,657.6534416,660.5952827
7/19/1999,658.2453613,668.0159769,653.3165372,662.4071866
7/20/1999,649.8357544,659.3123756,647.2318517,658.2454005
7/21/1999,641.0820923,649.5527715,636.4002673,649.5527715
7/22/1999,642.6300049,646.1438451,640.2690739,641.0410165
7/23/1999,625.8056641,642.4920264,621.8847961,642.4920264
7/26/1999,592.697937,625.5836198,584.9942574,625.5836198
7/27/1999,573.1936646,592.6979093,567.4008605,592.6979093
7/28/1999,599.2336426,599.2336426,575.6625406,575.6625406
7/29/1999,616.4039917,620.6818404,599.3476486,599.3476486
7/30/1999,597.8508301,617.2820831,596.0539027,617.2820831
8/2/1999,596.4898071,604.0935154,590.8130259,598.1407439
8/3/1999,618.9619141,618.9619141,596.5817433,596.5817433
8/4/1999,614.3710938,622.6657536,610.1782639,620.9438358
8/5/1999,606.2463989,614.0620734,601.2985937,614.0620734
8/6/1999,607.8114014,613.3681923,601.4456209,606.2504269
8/9/1999,594.0859375,607.6344226,588.9771271,607.4353947
8/10/1999,576.3205566,593.77587,561.436127,593.77587
8/11/1999,554.241394,576.1685178,550.3815592,576.0905179
8/12/1999,565.1959839,565.7859267,554.2413939,554.2413939
8/13/1999,557.6873169,567.6029473,554.0914483,565.2090583
8/16/1999,560.4592285,568.9578605,558.2492925,558.2492925
8/18/1999,561.3431396,561.3431396,554.1044077,559.8591886
8/19/1999,581.7233276,581.7233276,560.0021883,561.4231535
8/20/1999,576.1445313,583.0872538,573.6276616,583.0872538
8/23/1999,584.7802124,584.7802124,576.1445623,576.1445623
8/24/1999,586.2131958,596.4347826,582.953313,585.8191682
8/25/1999,585.2341919,588.0830798,581.264315,586.1271624
8/26/1999,581.4903564,585.809158,577.6015308,585.6332005
8/27/1999,572.6446533,579.6954037,569.4527612,579.6954037
8/30/1999,566.6478882,573.9176243,563.6320146,572.3907063
8/31/1999,567.0039063,568.7538381,558.8342417,566.5019117
9/1/1999,571.7537231,574.3516444,566.7099133,567.0039082
9/2/1999,571.0927734,571.8447583,567.6129283,571.1527687
9/3/1999,565.1739502,571.178721,559.7142021,571.178721
9/6/1999,540.4059448,567.9328874,538.7810081,565.2119851
9/7/1999,545.3297729,547.4686667,528.0514542,540.2389678
9/8/1999,520.600708,544.4738022,514.8389694,544.4608022
9/9/1999,537.9940796,537.9940796,503.5783961,518.9998236
9/10/1999,562.7540894,562.7540894,542.052869,542.052869
9/13/1999,569.6298218,576.8535398,565.283006,565.283006
9/14/1999,562.0371094,569.1388223,559.7831689,569.1388223
9/15/1999,548.5906372,562.0371351,544.6357741,562.0371351
9/16/1999,548.7346191,549.0426516,538.9849987,548.1056763
9/17/1999,546.9957275,549.5896207,543.9218116,548.1036556
9/20/1999,543.3118286,548.0976528,541.3158737,546.6497112
9/21/1999,547.2426147,547.7035953,542.6697952,543.311799
9/22/1999,545.4267578,547.672642,542.3338607,547.0176993
9/23/1999,528.1514893,545.4268194,525.2076338,545.4268194
9/24/1999,517.5218506,526.1465149,505.7003197,526.1465149
9/27/1999,515.046936,523.8066043,512.1090623,518.8777803
9/28/1999,529.2003784,529.2003784,515.5959283,515.5959283
9/29/1999,526.4484863,529.2033839,523.7035981,529.2033839
9/30/1999,547.9156494,547.9156494,526.2814831,526.2814831
10/1/1999,566.0198975,569.6937653,548.3136184,548.3136184
10/4/1999,555.2824097,580.0774043,552.1304937,570.7537925
10/5/1999,566.2288818,566.2288818,555.296325,555.3523531
10/6/1999,588.7261353,592.7959233,566.3939957,566.6259813
10/7/1999,585.3221436,597.8847029,581.7642989,589.1860065
10/8/1999,588.2141113,588.2141113,576.8505398,584.8042709
10/11/1999,584.0372925,587.8351185,581.8673939,587.8351185
10/12/1999,571.3598022,583.7813163,566.0699689,583.7813163
10/13/1999,571.9247437,571.934692,556.454338,570.9027498
10/14/1999,567.7548828,571.979755,564.955004,571.6907648
10/15/1999,567.8959351,568.2059206,559.7971901,567.7548883
10/18/1999,553.1914673,567.8209024,550.1985419,567.8209024
10/19/1999,583.6242676,585.9532175,553.9194296,553.9194296
10/20/1999,584.4022827,644.0479756,569.3578843,584.1862877
10/21/1999,616.4660034,624.9106822,584.0912866,584.0912866
10/22/1999,604.1605225,641.1850834,600.2296451,628.3245606
10/25/1999,597.0447998,610.9722373,592.1909845,604.1605512
10/26/1999,594.2298584,612.4981292,589.8830427,598.3697119
10/27/1999,576.496521,593.9748439,574.3306508,593.9748439
10/28/1999,577.9095459,581.4443817,572.4497361,576.4965759
10/29/1999,593.8459473,593.8459473,580.2144578,580.2144578
11/1/1999,595.060791,600.503572,592.319931,594.6798244
11/2/1999,594.3818359,596.3867016,591.6089339,595.0607645
11/3/1999,603.5635376,604.6024987,594.3819483,594.3819483
11/4/1999,618.4859009,619.0418484,602.8964817,602.8964817
11/5/1999,626.0196533,626.6476196,615.9670659,619.0699115
11/8/1999,628.2825317,630.8374249,625.9346007,625.9836101
11/9/1999,638.795105,638.795105,628.1815051,628.1815051
11/10/1999,638.887085,642.7499715,635.0582547,637.835124
11/11/1999,638.4671021,647.4807275,636.6401469,638.4240739
11/12/1999,635.2052612,640.1370761,630.1014559,638.7011579
11/15/1999,635.7732544,642.4740437,633.9503272,635.169274
11/16/1999,641.7060547,641.7060547,635.7852645,635.8762644
11/17/1999,641.4500122,643.5119437,638.2011762,642.1230207
11/18/1999,636.5942383,642.0260337,634.3243071,639.2381173
11/19/1999,633.2873535,642.1729939,629.64449,636.6592315
11/22/1999,630.1455078,634.8163469,624.9307445,633.3214098
11/23/1999,618.4248657,630.3333981,614.1400596,630.1454171
11/24/1999,599.699646,617.2459591,595.5987927,617.2459591
11/25/1999,588.637085,599.6997041,582.2673375,599.6997041
11/26/1999,596.3317871,599.6096748,588.0651409,588.406131
11/29/1999,582.7953491,596.9298097,579.412485,596.3268058
11/30/1999,583.7772827,583.7772827,571.1157879,582.9353355
12/1/1999,597.5178223,597.5178223,583.2113708,583.2113708
12/2/1999,598.3856812,602.5825391,594.5428133,598.9596334
12/3/1999,613.4610596,613.4610596,594.8898234,598.6846583
12/6/1999,624.3616333,626.5045551,615.0449801,615.0779988
12/7/1999,621.6248169,631.4544518,618.7269193,624.36171
12/8/1999,620.9528198,621.2798335,617.1159941,621.0808056
12/9/1999,631.5283813,631.5283813,620.3968569,620.9358374
12/10/1999,633.8143311,639.7940789,631.0174428,632.9333839
12/13/1999,630.5305176,639.6721915,626.6096493,634.4064047
12/14/1999,648.3687744,648.3687744,630.6565114,630.9884687
12/15/1999,652.3585815,656.7484253,649.0587222,650.2926829
12/16/1999,646.4807739,653.7865193,643.3399052,652.4905494
12/17/1999,638.7971191,646.3668314,636.2701791,646.3668314
12/20/1999,646.0338135,646.0338135,633.5962495,637.8720836
12/21/1999,656.8624268,656.8624268,645.3428557,646.050836
12/22/1999,661.0282593,662.8861581,657.1623821,657.1623821
12/23/1999,666.1070557,666.1070557,660.4852653,662.9221821
12/27/1999,681.3544922,693.5060583,666.8550559,666.8550559
12/28/1999,677.1916504,684.6543725,673.5217493,682.7824361
12/29/1999,674.8536987,678.81851,672.1008153,677.5036198
12/30/1999,676.8927002,678.7606086,673.9227839,675.1077354
1/4/2000,700.1907959,704.0046125,677.4476615,677.4476615
1/5/2000,678.0606079,694.8319894,674.3107537,694.8319894
1/6/2000,688.4942017,691.8600985,681.2714603,681.2714603
1/11/2000,695.9759521,704.5146219,691.8971311,691.8971311
1/12/2000,690.137146,698.1178535,686.6782962,696.2659358
1/13/2000,691.5830688,699.6477574,688.3751859,690.7661451
1/14/2000,690.8651123,694.0579811,683.6743524,691.7790782
1/17/2000,703.4556274,707.442472,691.5771219,691.5771219
1/18/2000,685.6893311,704.3216019,681.4625057,703.7716355
1/19/2000,655.9694824,685.8893393,652.0146191,685.8893393
1/20/2000,670.1269531,673.881812,656.3884738,656.3884738
1/21/2000,664.6680298,670.878847,662.9061357,670.256862
1/24/2000,656.6964111,668.9499623,653.5245376,664.6680856
1/25/2000,649.8327026,656.1444689,645.4479244,656.1444689
1/26/2000,643.3599854,656.689484,640.2141116,649.6487422
1/27/2000,644.6259155,650.0436734,633.7883246,643.6079498
1/28/2000,634.6442871,646.2508297,633.2473078,645.2748545
1/31/2000,636.34729,636.34729,626.2726692,634.4783441
2/1/2000,616.8320313,638.3511529,613.5061718,636.7362255
2/2/2000,603.5525513,621.6988803,601.433615,617.0800411
2/3/2000,614.2860718,614.9900239,600.1326313,603.0275381
2/4/2000,634.9732666,634.9732666,614.2860837,614.2860837
2/7/2000,636.4032593,641.1420889,631.9504293,635.3163264
2/8/2000,629.8755493,639.7271563,627.1796092,637.930229
2/9/2000,632.4263306,632.4263306,626.0615885,631.4014071
2/10/2000,639.2280884,642.1129858,630.0004815,631.3834233
2/11/2000,635.0532837,640.9090738,630.6294447,639.0261515
2/14/2000,633.6903687,638.0661749,632.0723896,634.5993299
2/15/2000,636.8702393,641.5810545,634.6502939,634.6502939
2/16/2000,621.8778076,637.2582523,618.8789618,637.2582523
2/17/2000,600.1506348,623.67871,595.0928484,621.2997744
2/18/2000,599.5496216,604.5514407,577.9364506,600.0336115
2/21/2000,592.9649048,599.5496706,589.7460359,599.5496706
2/22/2000,583.3972778,596.0908146,580.4944367,593.028922
2/23/2000,584.4052734,591.7630198,580.8194142,583.5283544
2/24/2000,573.4646606,587.2591062,570.9577393,584.6652131
2/25/2000,568.5328979,575.6416305,565.3250148,573.7596846
2/28/2000,576.5195313,579.4694285,567.1298824,568.143881
3/1/2000,565.4559937,581.9103085,561.6921022,577.7634975
3/2/2000,546.5067749,565.4590412,543.2598918,565.4590412
3/3/2000,548.5316162,548.5316162,528.1834096,547.3076649
3/6/2000,566.6879272,571.5466856,549.4325575,549.4325575
3/7/2000,562.7370605,565.9269388,555.4303992,565.9269388
3/8/2000,570.0298462,571.0868119,551.9835505,562.1561288
3/9/2000,585.1571655,589.7990133,570.5027689,570.5027689
3/10/2000,596.1588135,598.0157359,587.0651731,587.0651731
3/13/2000,587.5531006,599.7986563,583.556247,596.1587834
3/14/2000,585.8981934,590.1620043,580.8303976,587.8220686
3/15/2000,586.8461914,587.6361387,579.6054452,585.6002072
3/17/2000,590.8289795,598.3866686,587.5571343,588.2941051
3/20/2000,584.8531494,590.6899577,581.3043377,590.6899577
3/21/2000,578.9425049,584.9832245,575.3786176,584.7662529
3/22/2000,586.8421631,586.8421631,579.5524686,579.5524686
3/23/2000,585.9841919,593.180872,582.6563186,586.8481109
3/24/2000,581.4503784,589.009044,578.0365099,586.5901319
3/27/2000,585.2141724,585.2141724,579.662387,581.8142806
3/28/2000,588.7091064,588.7091064,582.1933686,585.2452519
3/29/2000,591.6559448,591.6559448,586.5221118,588.4070481
3/30/2000,583.2533569,593.3759498,581.8113963,591.6560458
4/3/2000,570.8787842,583.5432693,566.5029779,583.5242882
4/5/2000,564.1600952,570.8518519,556.5753678,570.8518519
4/7/2000,570.7927856,570.7927856,564.6040006,564.6040006
4/10/2000,569.5948486,571.397757,566.6179747,571.0597575
4/11/2000,569.7178345,569.7178345,561.8121361,569.6528346
4/12/2000,564.7150879,570.0008935,561.0792426,569.8748608
4/13/2000,565.0849609,565.8199176,562.2510871,564.7149802
4/14/2000,556.7663574,565.2690172,553.5214886,565.0669987
4/17/2000,529.2423706,554.0593964,524.3325888,554.0593964
4/18/2000,528.2384644,536.6011768,525.7485708,530.0414339
4/19/2000,526.27948,530.9412856,524.7875337,528.1863881
4/20/2000,526.3754883,526.3754883,519.1927847,526.2794837
4/24/2000,530.8283691,530.8283691,524.4235888,526.058535
4/25/2000,519.0228271,529.7103994,515.5999257,529.7103994
4/26/2000,524.0576172,524.2426076,510.0471453,518.8488354
4/27/2000,521.5996704,523.6435971,519.1587865,523.6435971
4/28/2000,526.7164917,526.7164917,517.9458371,521.6156771
5/1/2000,524.588623,526.8495215,521.4857163,526.8114981
5/2/2000,531.2333984,531.2333984,523.864666,524.5326089
5/3/2000,535.2901611,539.7880331,529.0854463,531.2503402
5/4/2000,538.9450073,539.7519827,533.1092361,535.2901204
5/5/2000,545.5887451,545.5887451,539.0280264,539.0280264
5/8/2000,550.3076172,553.8295142,545.3678065,545.3678065
5/9/2000,547.6506348,550.7455458,537.8660433,550.6005319
5/10/2000,548.2186279,548.2186279,544.021831,547.6506569
5/11/2000,529.1803589,546.7047001,527.4124224,546.7047001
5/12/2000,526.8565063,532.2872642,517.4118667,529.3794184
5/15/2000,516.4099121,526.5685137,512.7640578,526.5685137
5/16/2000,497.7996216,516.285932,495.181712,515.8519279
5/17/2000,514.8309326,514.8309326,497.799584,497.799584
5/19/2000,509.3851624,515.3179452,506.1392866,514.9049364
5/22/2000,499.7485657,507.7992474,496.7826776,507.7992474
5/23/2000,495.4907227,499.9485264,492.97782,499.4825717
5/24/2000,493.1848145,495.1857131,487.8030049,495.1857131
5/25/2000,490.6629028,497.8926018,487.6880126,493.6867719
5/26/2000,482.0542297,489.6969375,474.6115263,489.6969375
5/29/2000,461.3710632,481.1612786,457.9631758,481.1612786
5/30/2000,468.6897583,468.6897583,441.6187909,461.088034
5/31/2000,454.3093262,474.299546,452.7774033,469.3887568
6/2/2000,444.4306946,459.1251298,440.4458644,454.9752975
6/5/2000,453.9273682,454.6833202,446.0246601,446.0246601
6/6/2000,452.7443542,453.1263584,444.8996587,453.1263584
6/7/2000,459.4431152,459.4431152,445.4996577,451.8834119
6/8/2000,478.1903687,478.1903687,459.9460544,460.7260228
6/9/2000,477.9094238,484.2561619,472.2006309,478.7743804
6/12/2000,476.0144653,484.3721418,473.4535604,478.6093656
6/13/2000,468.3437805,476.0144721,465.837866,476.0144721
6/14/2000,475.9144897,475.9144897,466.0788435,468.357777
6/16/2000,484.0021362,484.0021362,475.6804695,475.8804434
6/19/2000,490.6688843,491.2588882,481.8112274,484.0021517
6/20/2000,490.1019287,492.7138266,483.9911741,490.8978877
6/21/2000,494.4727478,494.4727478,484.6501323,490.0069183
6/22/2000,501.7894592,504.3883571,492.5028334,494.3007676
6/23/2000,503.1254272,503.1254272,495.145757,501.9574734
6/26/2000,507.4852295,514.8059281,503.3253879,503.3253879
6/27/2000,502.0314331,512.301022,499.4445283,507.8491996
6/28/2000,510.098175,510.098175,501.1825061,502.0944885
6/29/2000,512.5770264,513.2480207,508.6731867,510.2211306
6/30/2000,515.0899048,515.0899048,507.5482066,512.1550216
7/3/2000,503.8363342,514.6379454,496.4346454,514.6379454
7/4/2000,509.2441711,509.3641616,493.6837726,503.452374
7/5/2000,512.4460449,516.4758562,505.5683221,508.4101914
7/6/2000,513.4110718,516.6138892,511.639107,512.3851107
7/7/2000,508.0882263,513.8720283,505.1243524,513.4110477
7/10/2000,508.4482117,511.1181213,505.2883614,508.3332259
7/11/2000,512.5970459,512.5970459,508.6771851,509.0031917
7/12/2000,510.966095,514.5619327,509.9251504,512.5930153
7/13/2000,505.9013062,511.8150775,504.4873597,511.0711184
7/14/2000,504.0943604,507.4142077,502.1214148,505.9282732
7/17/2000,506.7822876,508.5842195,504.191385,504.191385
7/18/2000,507.0252991,507.0252991,504.6063868,506.8512946
7/19/2000,513.7580566,513.7580566,507.0683141,507.0683141
7/20/2000,513.3730469,517.8648766,509.8401642,513.8020463
7/21/2000,508.7742004,514.3419769,508.0382367,513.914015
7/24/2000,506.9202881,512.254065,505.9793152,508.8512127
7/25/2000,499.6575623,506.8832943,498.9615749,506.8832943
7/26/2000,496.6716919,499.6165542,494.6437556,499.6165542
7/27/2000,499.1595459,499.1595459,494.8187421,496.4936646
7/28/2000,498.7845764,500.5995082,497.7296248,499.3575827
7/31/2000,492.1738281,498.6895961,489.3329353,498.6895961
8/1/2000,489.657959,496.7136843,487.9050364,492.1738524
8/2/2000,490.4179382,491.2178949,487.1850623,489.7899414
8/3/2000,491.9728699,495.6137195,490.4629188,490.4629188
8/4/2000,494.1407776,494.9127507,491.9508604,491.9508604
8/7/2000,490.5249023,494.2997492,489.3049486,494.1587635
8/8/2000,485.0610962,491.4958737,483.0262023,490.4989032
8/9/2000,483.3312073,486.2910836,482.1722558,485.047144
8/10/2000,488.5999756,490.903902,483.705177,483.705177
8/11/2000,505.7713013,505.7713013,490.0519423,490.676918
8/14/2000,504.0473328,510.1371222,502.1474129,506.3712473
8/15/2000,501.5594788,505.0323355,500.5954965,504.1383578
8/16/2000,496.3807068,501.541517,495.1377741,501.541517
8/18/2000,494.1687622,496.3806818,492.7888415,496.3806818
8/21/2000,497.3746338,499.6595179,492.7308023,494.1447486
8/22/2000,500.0795593,502.5604504,497.270678,497.270678
8/23/2000,503.3764343,503.3764343,499.529599,500.2245488
8/24/2000,482.6342163,501.5214506,480.4002945,501.5214506
8/25/2000,486.888092,486.888092,482.6352361,482.6352361
8/28/2000,481.6482544,489.0449698,480.6853097,486.9480665
8/29/2000,470.8197021,481.418289,469.7307247,481.418289
8/30/2000,469.0427246,470.7796564,459.6250924,470.7796564
8/31/2000,466.3618469,470.3096913,462.4979837,469.0497306
9/1/2000,470.3967285,474.7525468,466.3618817,466.3618817
9/4/2000,475.3374939,475.7624957,470.7416949,470.7416949
9/5/2000,478.4033508,478.4033508,473.4995503,475.3584866
9/6/2000,475.5274963,478.9263815,474.7175303,478.4834056
9/7/2000,472.5806274,475.3305205,468.8707802,475.3305205
9/8/2000,470.9066162,473.0885379,470.0686667,472.8175524
9/11/2000,462.519989,470.9276817,461.8880251,470.9276817
9/12/2000,451.0274353,462.334978,449.1584896,462.334978
9/13/2000,442.0737915,449.707497,441.6288015,449.707497
9/18/2000,411.0169983,440.8998383,408.5661049,440.8998383
9/19/2000,425.1114502,425.1114502,408.2051256,409.3060654
9/20/2000,419.3356628,428.4373287,418.5346992,425.354441
9/21/2000,417.6617737,420.1336625,415.233859,419.0997061
9/22/2000,406.8991699,417.3817636,405.188238,417.3817636
9/25/2000,410.882019,415.1288325,407.2171531,407.2171531
9/26/2000,411.8379822,411.8379822,408.4011042,410.5320332
9/27/2000,410.1150513,411.8049879,406.7791826,411.8049879
9/28/2000,415.5068359,415.5068359,407.6931447,410.1150475
9/29/2000,421.3196106,423.6715089,417.3117709,417.3117709
10/2/2000,432.2221985,432.2221985,421.0566172,421.1436195
10/3/2000,427.6943665,432.4801911,425.3664541,432.2461914
10/4/2000,418.8136902,427.6223684,415.7528352,427.6223684
10/5/2000,423.8795166,425.8304295,418.7677158,418.8497134
10/6/2000,421.9795532,424.0924775,421.0045851,423.9034895
10/9/2000,415.3478394,420.504621,413.2219151,420.504621
10/10/2000,412.8989258,415.2028216,410.1770164,415.2028216
10/11/2000,412.3139343,413.9018852,409.2370583,412.1609557
10/12/2000,408.4081116,414.2568829,408.0091098,411.9539635
10/13/2000,408.1841125,408.1841125,400.5533978,406.0551977
10/16/2000,411.7339783,415.095847,408.7311044,408.7311044
10/17/2000,417.42276,420.6406524,412.1109854,412.1109854
10/18/2000,416.9317627,420.8516235,416.0937826,418.0097236
10/19/2000,422.7165527,422.7165527,413.624896,416.9647624
10/20/2000,420.3146362,430.838244,418.9836944,426.9793854
10/23/2000,417.4347534,423.9875076,415.7018191,420.8016269
10/24/2000,418.6246948,419.7736674,416.4507987,417.0627744
10/26/2000,414.1439209,418.1827655,411.7550061,418.1827655
10/27/2000,411.8269653,414.3818891,409.8810571,414.1438918
10/30/2000,404.0992737,411.7719794,401.6713896,411.7719794
10/31/2000,405.3311768,405.3311768,399.0574346,403.6192684
11/1/2000,409.3460693,411.2360104,406.8791548,406.8791548
11/2/2000,407.9450989,409.3310312,405.5511797,409.3310312
11/3/2000,409.8180847,410.1570608,406.8921731,409.0830974
11/6/2000,415.250824,416.2397991,409.9380426,409.9380426
11/7/2000,421.0166321,421.0166321,415.3938647,415.3938647
11/8/2000,426.0594177,428.2973373,418.1287264,420.9366311
11/9/2000,421.4555969,428.0183605,419.2437078,425.5234624
11/10/2000,426.9533997,426.9533997,420.3156573,421.5626181
11/13/2000,423.647522,426.8214097,421.7696043,426.8214097
11/14/2000,425.5934143,427.2513698,420.3636375,423.6705155
11/15/2000,418.7026978,428.5483229,417.4507628,426.5624077
11/16/2000,416.9647522,419.9296636,416.3277836,418.6657053
11/17/2000,421.1266479,421.1266479,417.0268011,417.0268011
11/20/2000,426.2763977,426.9203851,421.0555927,421.1016114
11/21/2000,425.4994202,428.0653298,423.8404882,426.2684027
11/22/2000,431.6851807,434.0680834,425.3794265,425.3794265
11/23/2000,433.5311279,435.6870499,429.5522789,431.7732008
11/24/2000,434.1941223,436.1040517,431.8182076,433.4751561
11/27/2000,431.223175,435.5720045,428.0852969,434.2800627
11/28/2000,426.9263916,430.0242631,424.4585005,430.0242631
11/29/2000,425.2854309,426.3383989,422.1635433,426.3383989
11/30/2000,429.1972656,429.1972656,424.2134815,425.2854307
12/1/2000,427.5353699,428.575338,426.0374118,428.2563501
12/4/2000,429.8872681,431.1212289,427.5753768,427.5753768
12/5/2000,431.4181824,431.4181824,428.4132946,429.6432577
12/6/2000,433.7051086,435.2760619,431.7401888,433.9141154
12/7/2000,435.625061,435.625061,430.7552553,432.7681775
12/8/2000,431.7911987,438.5749311,429.7312509,436.0980073
12/11/2000,421.456604,432.1471978,419.5046841,432.1471978
12/12/2000,415.1608276,423.7324847,412.6419133,421.9015623
12/13/2000,420.4216309,420.4216309,414.5618735,415.2268562
12/14/2000,419.179718,423.6465243,416.1998229,420.1736674
12/15/2000,423.667511,423.667511,416.9857946,418.1617437
12/18/2000,418.5367126,424.7154577,416.0618029,423.7634989
12/19/2000,418.7666931,420.4286463,416.6177899,418.5557028
12/20/2000,414.8538208,420.5215991,412.0219305,418.8766742
12/21/2000,415.0868225,415.1628083,410.9229833,414.5118632
12/22/2000,416.3048096,418.7987005,412.5159556,414.3018663
1/2/2001,410.1890259,415.3558475,407.5811256,415.3558475
1/3/2001,405.8132019,409.5850581,402.3663147,409.5850581
1/4/2001,409.8110657,409.9410655,405.255243,407.2541582
1/5/2001,418.8037109,418.8037109,410.8840057,410.8840057
1/8/2001,415.7498169,418.7316955,413.1369425,418.7316955
1/9/2001,415.2568359,418.9576806,412.9429307,415.7497977
1/10/2001,417.5027771,418.2127409,414.575889,415.3098387
1/11/2001,410.3650513,416.9277843,408.0671365,416.9277843
1/12/2001,407.3491516,411.1670268,404.7162584,409.7660803
1/15/2001,411.9599915,412.7899457,407.6701497,407.6701497
1/16/2001,415.0728149,415.1948195,411.9599602,411.9599602
1/17/2001,414.6488342,418.3806833,410.384993,415.8247832
1/18/2001,416.3287964,417.572736,414.105891,416.0167968
1/19/2001,411.5419922,416.3857978,409.082066,416.3857978
1/22/2001,417.8916931,417.8916931,412.5759214,412.5759214
1/23/2001,415.7268372,416.5668008,413.6409198,415.6618372
1/24/2001,416.9507751,416.9507751,413.8488757,415.530817
1/25/2001,417.1137695,418.2707069,415.522828,416.9817556
1/26/2001,416.7717896,417.1137868,414.6818745,417.1137868
1/29/2001,413.0359192,415.9848095,408.4851015,415.9848095
1/30/2001,416.3088074,416.3088074,413.0359245,413.0359245
1/31/2001,425.5974426,425.5974426,416.165803,416.8337763
2/1/2001,430.56427,430.8782532,422.2866069,426.2494352
2/2/2001,451.9614258,454.2803358,430.6442617,431.0772283
2/5/2001,458.9341431,469.7937365,456.3172405,461.116065
2/6/2001,450.0924683,456.6302387,447.6835654,456.6302387
2/7/2001,444.3157043,449.3654955,438.6559211,449.3654955
2/8/2001,440.7588501,445.4366771,438.1049617,444.1387235
2/9/2001,427.8973389,440.6288377,422.8785219,440.6288377
2/12/2001,424.4484863,427.8973573,421.4206195,427.8973573
2/13/2001,426.155426,428.6003383,424.2605107,424.4484917
2/14/2001,423.1975403,425.4724763,420.7906514,425.4724763
2/15/2001,440.2058716,441.0058588,427.6823718,427.6823718
2/16/2001,432.0621948,439.4678819,430.7962224,439.1699199
2/19/2001,435.1220703,436.9290068,429.9242746,430.5242268
2/20/2001,433.6641235,436.2960096,431.7841918,435.3220485
2/21/2001,439.8858948,442.4987692,434.1611115,434.1611115
2/22/2001,437.0130005,440.4078575,435.6820586,440.4078575
2/23/2001,438.6289063,439.0898868,434.9400546,435.9960132
2/26/2001,432.1331787,438.1549476,429.6452689,438.1549476
2/27/2001,433.2911682,435.117086,429.662281,432.1331932
2/28/2001,428.2863464,432.6611762,426.1404338,432.6611762
3/1/2001,424.0134888,426.6283772,422.3915426,426.6283772
3/2/2001,426.1104431,429.2863145,423.2885314,423.5795357
3/6/2001,431.5011902,431.5011902,425.8404,425.8404
3/7/2001,430.5332642,435.358089,428.9833366,431.7182157
3/8/2001,428.0193481,432.9481419,426.7463874,430.5332273
3/9/2001,414.0899048,427.8893871,412.7289652,427.8893871
3/12/2001,396.5955505,411.8609779,391.1817599,411.8609779
3/13/2001,385.8909912,392.758705,383.63406,391.870739
3/14/2001,389.1778259,394.8846043,387.6748938,387.6748938
3/15/2001,386.8479309,386.9099097,381.5021309,386.1329624
3/16/2001,380.5002136,388.2218981,378.4112751,387.5759272
3/19/2001,367.1277161,378.7912638,364.671818,378.7912638
3/20/2001,360.4349976,367.8726968,358.1920733,367.1277306
3/21/2001,369.0606384,369.0606384,352.6572551,359.3859969
3/22/2001,363.1678467,367.6936712,360.7929393,366.6387196
3/23/2001,371.45755,371.45755,362.0369261,362.0369261
3/27/2001,369.2886353,376.6063436,367.6597009,371.5855429
3/28/2001,375.1653748,375.1653748,368.9756135,369.2346061
3/29/2001,381.7581177,381.7581177,372.2914765,374.2184033
3/30/2001,381.0351868,387.8739409,379.6692425,383.8610963
4/2/2001,375.017395,381.2481397,374.355403,381.0311377
4/3/2001,372.6384888,374.0414187,369.7335727,374.0414187
4/4/2001,367.3937073,371.2935801,365.0118113,371.2935801
4/5/2001,362.4538879,368.9076469,361.2989341,367.3357171
4/6/2001,364.3288269,367.5347265,363.5178843,364.048839
4/9/2001,362.2619019,364.7238117,361.2069502,363.3008629
4/10/2001,369.1826172,369.3176217,362.2759037,362.2759037
4/11/2001,367.1417236,373.8304588,364.9528134,371.5825299
4/12/2001,365.96875,368.8396404,364.5957871,367.6746772
4/16/2001,363.1968384,365.807729,361.5748923,365.807729
4/17/2001,360.0229797,363.5528412,358.1020645,363.5528412
4/18/2001,356.2161255,360.6849454,354.1891964,360.1429744
4/19/2001,349.2944031,359.9639702,345.5045422,357.272089
4/20/2001,342.8446655,348.3644398,338.1658314,348.3644398
4/23/2001,346.3935547,346.3935547,340.1417834,342.3096985
4/24/2001,348.0854797,348.0854797,345.3005842,346.612545
4/25/2001,353.1672668,353.7222379,348.0974567,348.0974567
4/26/2001,351.3223267,352.40929,349.2924069,352.40929
4/27/2001,351.5483398,351.7723302,345.5595591,350.3023861
4/30/2001,358.2180481,358.2180481,350.162362,351.6213201
5/1/2001,362.2138977,365.7747637,357.7960704,359.3880189
5/2/2001,362.7078857,366.3837682,361.6489364,362.7768833
5/3/2001,371.92453,373.7114784,362.2699067,362.7468779
5/4/2001,375.543396,377.1813327,370.6935787,371.9745347
5/8/2001,372.9594727,377.4443138,371.1005363,375.8393654
5/9/2001,372.0965271,372.1125482,367.0017239,372.1125482
5/10/2001,369.0186157,374.0364256,367.4136978,372.1635128
5/11/2001,370.344574,370.344574,366.7267035,368.696628
5/14/2001,368.2677002,370.9045911,367.8447125,370.4176105
5/15/2001,370.8615723,370.8615723,367.3307038,367.7176822
5/16/2001,376.2133484,376.3493599,371.064562,371.064562
5/17/2001,376.6873474,379.506238,375.2643986,376.8633354
5/18/2001,376.7813416,376.981346,374.3504363,376.981346
5/21/2001,380.3652039,380.3652039,373.3624856,376.190348
5/22/2001,379.6552124,382.3571029,378.0942686,380.4221808
5/23/2001,380.6641846,380.6641846,377.8322939,379.3272615
5/25/2001,390.1088257,390.2298232,380.1152262,380.6852114
5/28/2001,392.7727051,394.4136324,387.6289234,391.9127532
5/29/2001,406.3681946,406.5221803,392.7397269,392.7397269
5/30/2001,408.9110718,414.1208603,403.3562955,406.5371713
5/31/2001,405.8471985,412.701912,404.0062668,409.4070574
6/1/2001,396.4985657,408.7680768,393.5476613,405.7671866
6/5/2001,396.4445496,396.4445496,386.4819554,394.9266033
6/6/2001,397.5865479,400.4664409,395.7576394,397.6015619
6/7/2001,397.9485168,399.6534676,394.867643,396.8415653
6/8/2001,398.7954712,399.2214495,396.9105348,397.9234959
6/11/2001,404.4632874,404.4632874,397.6915473,398.8674965
6/12/2001,417.0327759,417.0327759,404.5222461,405.652207
6/13/2001,417.0667725,419.3116802,414.789853,417.755741
6/14/2001,416.7207947,419.114714,413.8089206,416.3917975
6/15/2001,417.5457764,417.5457764,414.2078935,416.1118111
6/18/2001,421.456604,421.456604,415.2228681,416.5618053
6/19/2001,424.0254822,426.2533923,421.2935939,421.4405914
6/20/2001,432.3041992,432.3041992,423.6925347,423.6925347
6/21/2001,435.1940613,435.1940613,427.5653604,432.7051445
6/22/2001,437.5780029,437.5780029,432.7191829,435.385095
6/25/2001,435.7350464,440.0278785,434.3010812,437.5779617
6/26/2001,438.388916,439.0198729,434.9410524,435.1800262
6/27/2001,436.1080017,438.4479068,433.3870995,438.4479068
6/28/2001,428.4573364,436.0190541,423.8715162,436.0190541
6/29/2001,437.6029968,437.6029968,427.0854,428.2623562
7/2/2001,431.3191833,437.2929495,430.1332249,437.2929495
7/3/2001,428.6383057,433.4131136,427.4313519,431.2741893
7/4/2001,428.9902649,429.3492597,426.4843811,429.3492597
7/5/2001,430.9882202,431.6102053,427.8553466,428.9012959
7/6/2001,432.861145,432.861145,428.5943128,430.8812416
7/9/2001,434.5210571,434.7810568,430.2662181,431.9861523
7/10/2001,435.5870667,437.4579961,430.5822564,434.5380962
7/11/2001,437.4100037,437.7279845,433.0451831,435.3800838
7/12/2001,441.448822,443.8817107,437.6309774,437.6309774
7/13/2001,446.1106262,448.2635576,441.6788224,441.6788224
7/16/2001,443.3067627,449.5585032,440.3618699,446.252632
7/17/2001,446.4276428,446.5776309,440.2868599,443.4537595
7/18/2001,453.2833557,453.2833557,446.7686251,446.7686251
7/19/2001,463.242981,463.8809566,453.3003742,453.3053789
7/20/2001,460.8900452,466.0878408,458.3701543,464.2699185
7/23/2001,470.2107239,478.349415,463.3409958,463.3409958
7/24/2001,457.900177,472.1606083,454.8142986,472.1606083
7/25/2001,447.6075439,456.7581881,444.9526487,456.7581881
7/26/2001,443.6767273,453.8213214,441.9538024,447.9245478
7/27/2001,447.3636169,447.3636169,439.9929013,443.6777556
7/30/2001,449.1735229,451.2564192,446.5436204,447.449591
7/31/2001,444.0637207,449.1155262,441.3788276,448.8535429
8/1/2001,443.1767578,444.7436829,441.4578305,443.5287339
8/2/2001,436.4440002,443.5457134,433.9690905,443.251749
8/3/2001,435.1330566,436.4440103,430.4482414,436.4440103
8/6/2001,430.7932434,435.133071,428.2613595,435.133071
8/7/2001,432.9191589,434.6890791,427.8593583,429.7712712
8/8/2001,442.5087891,442.5087891,432.0481974,432.3741735
8/9/2001,430.676239,446.1186314,428.6603262,443.5357546
8/10/2001,435.6570435,436.7399786,430.7422263,430.7422263
8/13/2001,441.1638184,442.5127648,436.1010273,436.1010273
8/14/2001,441.8797913,444.2956823,439.0368844,442.3837694
8/15/2001,436.3890076,441.8297746,434.4550619,441.8297746
8/16/2001,435.302063,436.8829951,432.5941605,435.9110481
8/20/2001,437.8519592,439.0209201,433.9371335,435.3190682
8/21/2001,437.1799927,440.3118899,436.3040502,437.8719824
8/22/2001,441.9607849,441.9607849,437.753948,437.753948
8/23/2001,439.6729126,441.7688394,436.4290506,441.7688394
8/24/2001,441.2018127,441.9647835,438.348927,439.6658923
8/27/2001,441.2898254,443.7317164,439.848872,441.4278206
8/28/2001,440.9228516,442.9187761,439.7259072,441.1558442
8/29/2001,437.8239746,441.2818479,435.8370524,440.2748681
8/30/2001,434.3010864,437.3439672,431.2311986,437.3439672
8/31/2001,435.5350647,436.01405,433.3561333,433.845128
9/3/2001,432.7551575,435.5180504,430.8932304,435.4560411
9/4/2001,441.145813,441.145813,431.7731922,432.7581392
9/5/2001,442.2147827,445.0056897,438.6569378,441.1688334
9/6/2001,448.6725464,448.6725464,441.5848094,442.5067706
9/7/2001,443.7887268,449.2505198,442.4807638,448.1905635
9/10/2001,443.5837402,443.5837402,440.7558474,443.1757361
9/11/2001,445.4596252,445.4596252,441.7487714,444.0877
9/12/2001,429.8302612,439.9108932,427.6903604,439.9108932
9/13/2001,432.5501404,434.025089,429.6292641,431.4531982
9/14/2001,425.6364441,433.1821403,423.4305058,432.4441624
9/17/2001,407.2341614,422.9695418,403.6413141,422.9695418
9/18/2001,413.816925,417.6847557,409.6400854,409.6400854
9/19/2001,422.4335632,422.7445252,414.0018847,414.0018847
9/20/2001,422.3295593,422.3295593,417.2397612,420.3836207
9/21/2001,414.4108887,421.5496187,412.9359399,421.5496187
9/24/2001,410.3780518,414.0728849,403.3023077,414.0728849
9/25/2001,409.0710754,415.8688149,407.8401053,412.661939
9/26/2001,401.0024109,408.0991198,397.5765492,407.7161391
9/27/2001,395.0286255,401.2183869,394.1806666,401.2183869
9/28/2001,392.4637146,398.1404954,388.9358369,395.0686241
10/1/2001,388.6598511,394.9606311,385.6719914,392.4517261
10/2/2001,377.2173157,388.011909,375.13741,388.011909
10/3/2001,371.4735718,377.4263434,361.6579437,377.2113554
10/4/2001,381.2261963,381.2261963,371.8535743,373.0595212
10/5/2001,381.5731506,382.6430858,378.1582751,381.5181296
10/8/2001,367.0587158,375.1014021,362.4449122,375.1014021
10/9/2001,369.7826233,371.8175479,366.6797471,367.0087443
10/10/2001,368.2826843,371.142589,367.4537065,369.324636
10/11/2001,370.5745544,372.6134765,369.5476169,369.5476169
10/12/2001,378.583252,379.0922348,371.0155534,371.0155534
10/16/2001,378.8652649,379.6842333,376.3833668,378.5892747
10/17/2001,381.3541565,381.3541565,376.8083433,379.0092465
10/18/2001,385.1499939,385.1499939,379.9641914,381.2341309
10/19/2001,387.8389282,387.8389282,384.0420787,384.6710521
10/22/2001,391.744751,391.744751,385.5359779,387.5749
10/23/2001,391.7697449,394.7056352,391.4467594,392.5167251
10/24/2001,385.9459839,392.8777211,385.1260085,392.2987336
10/25/2001,390.4197998,390.4197998,385.4870084,385.7329705
10/26/2001,387.8069153,389.8838304,385.8830094,389.8838304
10/29/2001,384.3130493,389.4648569,381.8751559,388.0989128
10/30/2001,378.3472595,382.3771013,375.9743661,382.3771013
10/31/2001,383.7200623,384.2930685,376.8273555,377.9553023
11/1/2001,381.9841003,384.3640124,380.5171776,383.9650412
11/2/2001,380.637207,382.4071272,377.9232928,381.9951559
11/5/2001,375.1993713,379.7052078,373.3214538,379.7052078
11/6/2001,375.4143677,376.314357,373.1084577,375.5813839
11/7/2001,377.4863281,378.2772825,375.0544159,375.9733865
11/8/2001,381.822113,381.822113,376.9003079,377.2752933
11/9/2001,377.3253174,382.1811465,375.5783761,381.8271564
11/12/2001,371.3475647,377.0983482,368.6046598,377.0853483
11/13/2001,369.2336121,370.2695825,365.9927409,370.2695825
11/14/2001,372.7744751,373.2384463,369.9065754,369.9545777
11/15/2001,378.3622742,378.9132476,372.662484,373.1134552
11/16/2001,378.6552734,379.2852233,377.3223175,378.8172544
11/19/2001,382.7720947,382.7720947,377.4803084,378.183284
11/20/2001,381.8231201,386.3279188,380.658157,383.5400331
11/21/2001,382.0791016,384.8369897,379.5642155,383.186053
11/22/2001,380.8192139,382.0881465,378.9752609,382.0881465
11/23/2001,382.6891174,382.9221101,380.8001834,380.8191951
11/26/2001,381.4131775,384.5690606,378.7082656,383.177086
11/27/2001,380.9612122,383.1691037,378.1373167,381.5261621
11/28/2001,382.8861084,383.3980819,379.951225,380.9611955
11/29/2001,380.1781921,383.465082,378.1802841,382.9100804
11/30/2001,380.2932129,380.8981698,376.9653395,380.3872034
12/3/2001,380.7851868,382.0581475,379.1152688,380.1882251
12/4/2001,377.5423279,381.0161918,376.2013766,380.6242088
12/5/2001,377.9272766,379.5442181,377.08832,377.5423123
12/6/2001,379.3402405,380.4491756,376.9883118,379.2142383
12/7/2001,377.1963196,379.8492315,375.8343731,379.4972249
12/10/2001,373.8484802,378.0713081,371.2195846,377.2423303
12/11/2001,371.2315674,372.6225045,368.4506697,372.6225045
12/12/2001,372.8384705,373.4764461,370.8275625,371.2315384
12/13/2001,374.675415,375.3273977,372.9874925,373.3334568
12/19/2001,375.0593872,376.6723309,371.7885186,375.5633654
12/20/2001,377.8132935,377.8132935,374.2154416,375.5473905
12/21/2001,378.2362671,378.2362671,374.953375,376.6843256
12/26/2001,377.9532776,378.3532864,376.8553284,378.2362866
12/27/2001,379.9522095,379.9522095,376.5413316,378.2782635
12/28/2001,392.020752,392.020752,378.8012653,380.0862189
1/2/2002,383.4430847,387.2939175,381.0101655,387.2939175
1/3/2002,381.4971619,383.4431006,377.6883195,383.4431006
1/4/2002,385.1859741,388.2678547,383.049064,383.049064
1/7/2002,388.7088318,388.7088318,384.3950047,385.7559441
1/8/2002,387.6789246,391.4297858,386.4039802,388.0839076
1/9/2002,391.4827271,391.4827271,387.3278902,387.7048897
1/10/2002,402.0533447,402.0533447,391.5177442,391.7527509
1/11/2002,411.7589722,417.4637673,403.7832998,403.7832998
1/14/2002,415.8208313,416.4687858,410.4380451,413.7399186
1/15/2002,421.2376099,421.8985949,416.4687829,416.4687829
1/16/2002,423.568512,432.5641642,421.5586109,421.9985962
1/17/2002,425.0254517,425.0254517,417.8637431,422.5335442
1/18/2002,426.3944092,429.6342733,425.0924579,425.0924579
1/21/2002,426.1344299,429.0153299,425.3244639,426.6054199
1/22/2002,428.4553223,428.8193218,424.8744679,425.7624338
1/23/2002,433.9581299,433.9581299,428.760334,428.9693102
1/24/2002,445.838623,448.6125323,435.0830605,435.0830605
1/25/2002,452.4414063,453.4203415,446.5516208,446.5516208
1/28/2002,441.5498047,452.4414097,440.7668457,452.4414097
1/29/2002,446.8226318,448.6085732,440.9698625,440.9698625
1/30/2002,444.4067078,446.4226205,441.8588028,446.4226205
1/31/2002,451.6184082,451.6184082,444.5066855,444.5066855
2/1/2002,454.2643433,455.9252589,450.9394604,453.1553776
2/4/2002,451.1544189,453.8943024,449.4564871,453.8943024
2/5/2002,450.4724731,453.4893541,449.2265194,451.1974511
2/6/2002,446.192627,452.2124122,441.8018066,450.9424421
2/7/2002,433.1531677,446.3476314,431.0122293,446.3476314
2/8/2002,436.9630127,437.7229624,428.8893216,431.568203
2/11/2002,438.829895,439.0019159,434.6680698,437.7719528
2/13/2002,436.7720032,438.9019252,435.6120447,438.9019252
2/14/2002,439.3849182,439.9348846,437.0450129,437.2579868
2/15/2002,449.3635254,449.3635254,438.9229222,439.3799051
2/18/2002,462.3309937,462.5409769,449.4334857,449.4334857
2/19/2002,460.6770935,466.6558649,456.8982182,462.2680351
2/20/2002,458.440155,460.0610941,455.8032643,459.5790877
2/21/2002,459.3691101,461.8170129,456.5432313,458.6931415
2/25/2002,449.2985229,459.8080932,445.7766568,459.8080932
2/26/2002,448.6705322,451.0874609,446.6326171,449.9055
2/27/2002,454.4842834,455.0012616,449.7784429,449.7784429
2/28/2002,453.228363,456.4402436,448.9145356,454.0003362
3/1/2002,452.1443787,452.9253541,449.0845003,452.9253541
3/4/2002,455.169281,455.2682762,453.2033542,453.5473349
3/5/2002,459.2531128,460.6390757,455.9602417,455.9602417
3/6/2002,476.9424438,476.9424438,459.5321104,459.5321104
3/7/2002,472.3716431,476.1474667,471.9046507,472.4626124
3/8/2002,475.0964966,476.3634456,472.9715793,473.003591
3/11/2002,474.0075684,478.2594172,473.2366022,474.2855422
3/12/2002,469.3477173,474.3405343,466.3248248,474.0825487
3/13/2002,473.9815674,474.3965598,468.5377788,469.2187521
3/14/2002,467.9727783,474.1705351,467.0448054,474.1705351
3/18/2002,469.6577148,469.6577148,464.2129194,467.9477899
3/19/2002,471.6246338,472.2896164,470.0986923,470.0986923
3/20/2002,477.2674561,477.7354249,471.0636872,471.6686747
3/21/2002,480.6282654,485.5590729,477.4803779,477.4803779
3/22/2002,484.7131348,485.2571199,480.3802955,480.6752975
3/25/2002,479.4093628,484.4881448,478.4823969,484.4881448
3/26/2002,481.8432312,483.8701603,480.3363014,480.3363014
3/27/2002,481.2672729,485.0361081,477.3404239,483.1551999
3/28/2002,481.7562561,488.1090058,479.9163313,481.267292
4/1/2002,486.6490784,486.6490784,480.9882877,482.5062341
4/2/2002,489.0699768,491.7708911,485.9301147,487.1590709
4/3/2002,488.1380005,492.0608213,487.9149867,489.028957
4/4/2002,502.4804382,502.4804382,489.7919368,489.7919368
4/5/2002,508.9741821,509.8801527,500.9224935,500.9224935
4/8/2002,515.0599365,518.0737961,509.1191586,509.2811396
4/9/2002,519.9807129,520.6087402,514.1879699,515.472893
4/10/2002,533.7871704,533.7871704,520.9926864,521.7806805
4/11/2002,531.4923706,540.5960212,528.2155203,534.2922497
4/12/2002,539.2490234,539.8879756,527.7704665,530.2513269
4/15/2002,549.8166504,551.947549,541.0419669,541.0419669
4/16/2002,551.5855713,557.5713618,548.3076835,550.9076191
4/17/2002,542.2529297,556.1043815,539.0440699,553.1935449
4/18/2002,534.8171997,546.6986953,529.8303943,542.173908
4/19/2002,532.7602539,534.5211716,527.0344638,534.5211716
4/22/2002,535.6641846,540.6089998,533.7902339,533.7902339
4/23/2002,543.039856,544.6508163,535.6351757,535.6351757
4/24/2002,544.2408447,546.9347096,539.2860205,544.0448074
4/25/2002,544.5657959,547.2387266,540.9309885,545.0378234
4/26/2002,539.9419556,544.8477701,535.7870883,544.8477701
4/29/2002,525.838501,539.8729268,524.5635263,539.8729268
4/30/2002,534.0411987,535.211136,525.1845493,525.392549
5/1/2002,534.6991577,536.7671314,531.2833361,534.0891961
5/2/2002,539.6789551,539.6789551,533.8991513,535.2051306
5/3/2002,544.0618286,544.0618286,539.499018,539.6550177
5/6/2002,539.7869263,544.0428027,539.102993,544.0428027
5/7/2002,544.8648071,544.8648071,537.8581215,539.9509967
5/8/2002,547.7196655,550.4585113,545.2257442,545.2257442
5/10/2002,543.8838501,551.0205351,542.7798892,547.9666379
5/13/2002,537.1231079,544.6288587,533.5932768,544.2108452
5/14/2002,538.6069946,539.2919655,534.3521556,537.1320765
5/15/2002,538.8660278,540.4669176,534.6421934,539.114004
5/16/2002,529.7243652,537.7230772,529.0213897,537.7230772
5/17/2002,531.557373,533.4692861,530.0604219,530.0604219
5/20/2002,526.9135132,531.6182861,524.8635441,531.6182861
5/21/2002,525.3145142,527.3633844,523.3205734,526.8554086
5/22/2002,511.611084,525.3385461,506.5332788,525.3075415
5/23/2002,503.6494446,511.6311292,495.9627314,511.6311292
5/24/2002,506.9352722,508.3542234,502.6774422,504.0584005
5/27/2002,512.7740479,513.8100183,506.0822917,506.94026
5/28/2002,513.5640259,516.1549286,510.2991686,512.799041
5/29/2002,520.6707153,520.6707153,512.9820497,513.6239925
5/30/2002,522.5286865,524.4045901,520.062779,520.7057594
5/31/2002,530.7693481,530.7693481,522.9456776,522.9456776
6/3/2002,523.8496094,530.9473556,521.8496872,530.7963605
6/4/2002,518.9147949,522.9636485,517.2648347,522.9636485
6/5/2002,520.4447632,523.002647,518.5927845,519.4547505
6/6/2002,513.7060547,521.0247401,511.5851349,520.6117922
6/7/2002,514.0079956,514.4659856,510.5931201,512.7040303
6/10/2002,511.3460693,513.7749603,508.4501861,513.7749603
6/11/2002,516.8009033,516.8009033,510.9031527,510.9031527
6/12/2002,523.9446411,523.9446411,516.2189285,517.1098851
6/13/2002,540.05896,540.05896,524.0085604,524.0085604
6/14/2002,544.9828491,545.0158068,536.6581604,540.8569719
6/17/2002,544.4918213,544.4948119,540.4789769,544.4948119
6/18/2002,539.7949219,547.2136388,537.5600237,545.0187171
6/19/2002,534.4992065,539.7949598,529.6993446,539.7949598
6/20/2002,529.9813843,534.4632044,529.67738,534.4632044
6/21/2002,525.8424683,530.7172781,522.6525902,530.3663397
6/24/2002,518.7907715,525.3935417,515.2059501,525.3935417
6/25/2002,516.9389038,518.4158362,513.5700772,518.4158362
6/26/2002,503.4804382,516.0969524,498.7236345,515.9699432
6/27/2002,506.846283,510.3991538,503.3654308,503.3654308
6/28/2002,504.9893494,511.4471059,501.6144807,507.8592328
7/1/2002,492.2468262,505.5763243,488.4199793,505.124346
7/2/2002,483.7611694,491.5938724,473.9755396,491.5938724
7/3/2002,478.5153503,483.1591818,476.2064498,483.1591818
7/4/2002,488.7049866,488.7049866,479.0713587,479.0713587
7/5/2002,492.7608337,495.0887461,489.7079434,489.7079434
7/8/2002,484.5961304,497.5656268,484.5961304,494.575753
7/9/2002,480.2902832,487.1220178,478.9093555,484.2261345
7/10/2002,477.3564148,480.3732956,472.4935975,480.3732956
7/11/2002,470.8006897,475.4115028,470.1257282,475.4115028
7/12/2002,479.5943604,479.8743482,471.7276618,471.7276618
7/15/2002,480.8832703,484.453108,478.958327,479.6323119
7/16/2002,481.7482605,482.1952341,479.1363626,481.4722703
7/17/2002,479.3583679,481.7482591,475.5664927,481.7482591
7/18/2002,488.2009888,488.2009888,479.5483106,479.5483106
7/19/2002,484.8311462,487.2460608,482.9102005,487.2460608
7/22/2002,475.2554932,483.191189,472.918609,483.191189
7/23/2002,477.062439,477.2584457,470.0997276,472.2466473
7/24/2002,460.0101013,476.2124428,458.3791529,476.2124428
7/25/2002,453.1373596,463.7859319,452.069408,461.1220647
7/26/2002,441.8577881,452.0513913,440.1508538,452.0513913
7/29/2002,455.0682678,455.383258,439.2568722,442.1197672
7/30/2002,462.8009949,468.8547449,456.6182215,456.6182215
7/31/2002,463.6509705,463.746975,456.738245,462.7699928
8/1/2002,461.2650452,466.9288263,459.7321153,462.9259913
8/2/2002,456.2972412,459.7291145,454.8272972,459.7291145
8/5/2002,449.8554688,456.2972345,448.1595509,456.2972345
8/6/2002,440.914856,447.4085914,437.6989776,447.4085914
8/7/2002,447.0436401,448.3765962,444.5117255,444.5117255
8/8/2002,446.4476318,450.5674667,445.7206704,448.0575851
8/9/2002,450.2184753,451.8174122,446.7066186,446.7066186
8/12/2002,448.5005493,451.1924306,446.9165961,451.1924306
8/13/2002,450.9534302,450.9534302,447.7095381,448.2745185
8/14/2002,447.6625366,450.2294531,446.2126115,450.2294531
8/15/2002,448.7155457,449.2435097,445.4706768,448.2985697
8/16/2002,450.9674072,452.3053678,447.9385336,448.7155114
8/19/2002,451.431427,451.431427,448.2965393,450.9674253
8/20/2002,456.7332458,456.7332458,453.114368,453.114368
8/21/2002,457.2062073,457.2062073,452.8243893,456.7182197
8/22/2002,454.3273315,460.1270938,452.7973923,459.1451373
8/23/2002,458.2531433,459.337116,454.7042703,454.7042703
8/26/2002,456.3912354,458.1721719,454.5393177,458.0211768
8/27/2002,452.0464172,456.8612325,449.9015116,456.3182543
8/28/2002,442.9517517,451.3974374,440.1808635,451.3974374
8/29/2002,438.9069214,442.9517468,437.0269897,442.9517468
8/30/2002,443.6567383,443.6567383,438.4539379,438.549912
9/2/2002,439.9718933,443.3847549,438.3469565,443.0097695
9/3/2002,429.971283,439.8998824,426.9813785,439.8998824
9/4/2002,420.4256287,427.4003634,415.6468229,427.4003634
9/5/2002,427.102356,427.804355,422.0155789,422.0155789
9/6/2002,427.7833252,428.8943049,422.1065444,425.3434178
9/9/2002,430.2542725,430.4312675,427.2694031,429.1603208
9/10/2002,429.3192749,431.3852039,425.934397,430.3512476
9/11/2002,430.1042786,430.1342762,426.2104175,429.2702961
9/12/2002,428.1663513,431.4172014,427.0833857,431.0252183
9/13/2002,420.9866333,427.8933779,420.3966599,427.8933779
9/16/2002,420.2006531,420.9866027,416.2138088,420.9866027
9/17/2002,427.1663818,427.5223555,420.749609,420.749609
9/18/2002,419.1047058,426.7594069,417.1787858,426.7594069
9/19/2002,408.6800842,417.7557192,406.8071409,417.7557192
9/20/2002,408.7830811,408.7830811,401.6853352,405.8831696
9/23/2002,410.756012,411.38999,407.7541147,407.7541147
9/24/2002,408.2880859,410.5100148,404.956215,410.5100148
9/25/2002,408.6311035,409.4620648,404.128288,407.2451406
9/26/2002,411.9249878,411.9249878,408.5161238,410.207037
9/27/2002,412.9569092,413.4578967,409.741031,413.0359161
9/30/2002,419.2906799,419.2906799,403.0663056,412.1579621
10/1/2002,407.5021362,418.4566962,404.3692626,418.4566962
10/2/2002,409.486084,411.5980013,406.7681721,409.7750437
10/3/2002,408.4151001,409.5490586,406.2781899,408.8160855
10/7/2002,401.8273315,407.5581263,399.5884356,407.5581263
10/8/2002,402.0363464,402.0363464,396.7895415,401.849342
10/9/2002,391.8217468,401.5853742,388.7098685,401.5853742
10/10/2002,384.4720459,390.1948153,381.5481484,390.1948153
10/11/2002,376.451355,387.2469249,374.5794185,384.7510198
10/14/2002,337.461853,370.9005521,334.7179414,370.9005521
10/15/2002,342.1906738,342.5256522,323.304386,337.2498569
10/16/2002,357.3631287,360.1550124,347.9614859,347.9614859
10/17/2002,355.091217,357.6261222,352.4943025,356.5021425
10/18/2002,360.8909607,363.5418586,355.36017,355.36017
10/21/2002,361.8548889,362.9968427,358.6400178,359.8599715
10/22/2002,353.8002319,362.3999035,352.2543021,362.3999035
10/23/2002,354.8372192,354.8372192,348.8964407,353.6372537
10/24/2002,353.1742554,355.5231631,350.4943669,354.9102108
10/25/2002,353.6402283,353.9552185,350.3403689,351.4823228
10/28/2002,361.6659241,361.6659241,353.2772428,353.7042282
10/29/2002,361.9049072,364.3818005,359.7579877,361.7869003
10/30/2002,361.10495,361.10495,358.16909,360.4549813
10/31/2002,369.0296326,369.6106036,362.2029026,362.2029026
11/1/2002,371.1215515,373.183483,368.4966536,369.6906074
11/4/2002,383.8560791,383.8560791,371.2735605,371.2735605
11/5/2002,374.8994141,385.1090083,372.849506,384.9960061
11/6/2002,369.3896179,375.1144013,367.909695,374.8854063
11/7/2002,369.3616333,371.267565,367.5257062,369.2666358
11/8/2002,365.6897583,368.125668,363.9098289,367.6476593
11/11/2002,362.5588989,365.6717845,360.5619673,365.6717845
11/12/2002,371.0775757,371.0775757,362.2269068,362.4359136
11/13/2002,367.0877075,372.7824933,365.3527897,371.560556
11/14/2002,371.2365723,371.2365723,367.4247088,367.4247088
11/15/2002,374.135437,375.6753856,370.9705516,372.3095193
11/18/2002,367.8656921,374.1374513,366.2487507,373.2994712
11/19/2002,369.094635,369.094635,366.7177134,367.865679
11/20/2002,371.5785522,372.7495273,369.3696537,369.3696537
11/21/2002,373.2114868,373.9884341,371.3635363,372.676504
11/22/2002,381.440155,381.440155,373.2534922,373.2534922
11/25/2002,381.8751221,384.9799815,381.1251513,381.5071249
11/26/2002,381.9320984,382.2810838,376.3533364,382.2810838
11/27/2002,383.0281067,383.0281067,379.6042286,381.2291654
11/28/2002,389.9598389,389.9598389,383.9170746,383.9170746
11/29/2002,390.40979,391.1547867,388.2888704,389.8968095
12/2/2002,389.2548218,390.4127967,387.8398989,390.4097756
12/3/2002,397.7225342,398.1915101,389.0008581,389.2488648
12/4/2002,397.0675659,398.8414837,395.2066153,397.6505205
12/11/2002,391.7267456,396.878553,390.0728183,396.878553
12/12/2002,393.843689,396.1055944,391.7007669,391.7007669
12/13/2002,391.2067566,393.8396802,389.3218507,393.8396802
12/16/2002,395.2806091,395.6926109,391.530755,392.3677281
12/17/2002,402.3783569,402.3783569,395.7516006,395.7516006
12/18/2002,406.3761902,406.3761902,399.8654571,400.9823876
12/19/2002,420.3096313,420.3096313,406.9851682,407.0821493
12/20/2002,425.1034546,426.6983938,420.2986489,420.2986489
12/23/2002,425.5894165,427.801336,422.8965282,426.7143727
12/27/2002,424.9284668,428.6063022,420.8806202,425.5934189
1/2/2003,409.1090698,423.3255268,407.9571066,423.3255268
1/3/2003,407.4961243,412.0979653,405.4261976,410.1170244
1/6/2003,398.2314758,407.4960986,393.8816394,407.4960986
1/7/2003,394.5036621,400.3974147,392.9947181,398.3274879
1/8/2003,389.3988342,393.9986612,387.4579003,393.9986612
1/9/2003,396.0135498,396.1885613,387.1298935,389.27782
1/10/2003,399.6494446,399.6494446,395.3206032,396.7815448
1/13/2003,396.2125549,400.0513946,394.9095967,399.9144065
1/14/2003,407.1611633,407.1611633,396.1235983,396.1505748
1/15/2003,405.5821838,409.7040325,402.1673389,407.4391061
1/16/2003,397.0935669,401.2683923,392.932718,401.2683923
1/17/2003,401.6333313,401.6333313,396.85654,397.4635109
1/20/2003,404.4072876,404.4072876,400.7414144,402.0363775
1/21/2003,405.1481934,405.1481934,401.4683443,404.6492199
1/22/2003,405.6851807,405.8151805,403.4952636,405.1482143
1/23/2003,406.7541809,406.7541809,403.2733286,405.248258
1/24/2003,405.327179,407.9601024,402.5533003,405.7561783
1/27/2003,393.5426941,403.2032982,391.9747314,403.2032982
1/28/2003,395.1946106,395.1946106,388.1538995,393.0956933
1/29/2003,391.51474,396.9285305,390.0617937,396.1525597
1/30/2003,392.27771,394.0096371,390.0617929,391.6477296
1/31/2003,388.427887,392.2777433,386.7979455,392.2777433
2/3/2003,390.1998291,390.7998119,387.9389307,388.2158974
2/4/2003,394.1316528,394.1316528,390.1997991,390.1997991
2/5/2003,392.297699,393.1546907,390.515786,393.1546907
2/6/2003,394.4396362,394.4396362,391.8767477,392.4817351
2/7/2003,394.6156616,394.6156616,391.9597591,394.5366547
2/10/2003,397.2025452,397.2025452,393.5786931,394.6026707
2/11/2003,395.5436096,397.2025417,392.8827329,397.2025417
2/13/2003,395.456604,396.0875914,393.6536956,395.0176257
2/14/2003,399.5004578,399.5004578,393.8786976,395.3516323
2/17/2003,404.3822937,404.9152625,400.8654321,400.8654321
2/18/2003,402.932312,404.4082677,400.6144091,404.3822678
2/19/2003,401.9373474,404.3372478,400.2854037,403.5712865
2/20/2003,399.9494324,401.4123881,398.6674998,401.4123881
2/21/2003,402.2283325,402.2283325,399.3204562,399.8394484
2/24/2003,403.0163269,403.0163269,399.3964422,402.1683374
2/25/2003,399.0924683,400.7453885,396.36058,400.7453885
2/26/2003,397.5205688,399.3934819,395.9166272,399.0924988
2/27/2003,398.9334717,398.9334717,395.9035909,397.0575376
2/28/2003,399.2044678,399.4064558,396.4285748,399.0944562
3/4/2003,395.3516235,398.7264922,394.7556384,398.7264922
3/5/2003,391.1667786,395.4055967,388.6708735,395.3516132
3/6/2003,393.9696655,393.9696655,389.9558446,391.4057699
3/7/2003,389.777832,393.1996959,387.7299076,393.1996959
3/10/2003,382.650116,389.7668434,381.302146,389.757841
3/11/2003,379.3362427,382.0711215,377.3913111,382.0711215
3/12/2003,387.2319336,387.2319336,379.7952114,379.7952114
3/13/2003,383.8410645,387.2319543,379.8322176,387.2319543
3/14/2003,387.8649292,389.1368829,384.6280555,385.8960116
3/17/2003,382.1340942,386.3649474,380.0661817,386.3649474
3/18/2003,384.6220398,385.9369911,383.4590906,384.9660206
3/19/2003,385.4679871,385.8139819,383.7370669,384.872002
3/20/2003,394.6226501,394.6226501,385.4680075,385.4680075
3/21/2003,394.0236816,394.9096335,392.4417424,394.248679
3/24/2003,395.0706177,397.4025276,393.6146807,395.5026077
3/25/2003,394.9206238,394.9206238,390.9937748,393.4716751
3/26/2003,401.023407,401.023407,396.0905849,396.0905849
3/27/2003,401.3273926,403.2083315,399.9104554,400.7894191
3/28/2003,404.4162903,404.4162903,400.7764171,401.2134118
3/31/2003,397.9885254,404.457268,395.7516128,404.457268
4/1/2003,398.0394897,398.0394897,393.8266717,397.0265287
4/2/2003,398.0394897,398.0394897,393.8266717,397.0265287
4/3/2003,400.741394,400.741394,398.1045032,398.1045032
4/4/2003,405.6622009,405.6622009,399.1304425,400.656384
4/7/2003,423.7975159,423.7975159,406.288187,406.288187
4/8/2003,422.0945435,428.8083016,419.1176697,422.8745118
4/9/2003,430.2592773,432.3252066,422.0546097,422.1655978
4/10/2003,430.4302673,431.4872331,427.9583785,430.7212717
4/11/2003,438.5319214,438.8658927,430.4542332,430.4542332
4/14/2003,433.9301147,438.3529469,432.2811921,438.3529469
4/15/2003,437.7069702,437.7069702,429.6182956,434.9490819
4/16/2003,442.7027588,443.4217249,438.0369249,438.0369249
4/17/2003,443.8397217,443.8397217,440.3968625,441.2178144
4/21/2003,447.9235535,447.9235535,442.6167534,443.7167167
4/22/2003,442.7197571,448.2515546,441.165832,447.4445792
4/23/2003,447.6685486,447.6685486,440.51981,442.7197364
4/24/2003,445.1346741,447.668572,443.3667375,447.668572
4/25/2003,435.026062,444.0677022,433.015154,444.0677022
4/28/2003,430.900238,432.972179,425.6714374,430.5332479
4/29/2003,444.1647339,444.1647339,433.0281736,433.0281736
4/30/2003,450.8434448,452.615379,442.6557752,444.5906975
5/1/2003,452.1803894,453.5303429,449.6955008,452.1373918
5/2/2003,447.8015442,452.0963902,446.8845877,451.9633693
5/5/2003,458.9391479,458.9391479,447.8015807,447.8015807
5/6/2003,463.5939636,465.4409071,459.1611222,459.1611222
5/7/2003,473.1095886,473.1095886,463.4179795,463.4179795
5/8/2003,471.0996399,474.6484822,468.941704,472.6525578
5/9/2003,469.6157227,470.609672,466.4378373,470.609672
5/12/2003,473.9085693,473.9085693,469.615737,469.615737
5/13/2003,473.4925537,478.4023662,472.2326235,474.7055192
5/14/2003,467.9207764,472.2736037,464.2789199,472.2736037
5/19/2003,459.197113,466.2868333,457.5421787,466.2868333
5/20/2003,466.1238708,467.0268509,455.9442741,456.8382212
5/21/2003,466.2688293,468.7777343,463.8789383,466.3418245
5/22/2003,465.1109009,467.1048113,465.0429104,466.4668357
5/23/2003,472.0866394,472.0866394,465.3818832,465.3818832
5/26/2003,478.3913574,478.622336,472.5035864,472.5035864
5/27/2003,480.2473145,480.2473145,477.3154522,478.2244134
5/28/2003,492.7987976,492.7987976,481.1882574,481.1882574
5/29/2003,494.7567139,500.5934919,491.9208259,492.9897845
6/2/2003,505.7043152,505.7043152,495.2177238,495.2177238
6/3/2003,502.405426,505.8492922,499.8305446,505.7282947
6/4/2003,504.5123596,505.2133211,496.6696476,497.0176259
6/5/2003,511.1460571,512.7749914,505.8152713,505.8152713
6/6/2003,510.6731262,511.286109,507.6242641,511.2161044
6/9/2003,519.3047485,519.5537012,509.5651078,510.1010977
6/10/2003,519.5227661,520.2306853,516.7438218,519.3617617
6/11/2003,515.6929321,524.8715908,512.5780632,519.7727904
6/12/2003,501.7864685,509.6271667,499.7615534,509.6271667
6/13/2003,510.459137,511.5740838,503.7293879,503.7293879
6/16/2003,512.6710205,512.9050202,510.3671246,510.3671246
6/17/2003,509.0221863,517.0718609,505.1273488,515.1059339
6/18/2003,503.2134399,509.3992041,500.2445612,509.0222046
6/19/2003,509.8091736,509.8091736,502.4514582,502.5594557
6/20/2003,511.4320679,513.2220067,509.3071507,509.3071507
6/23/2003,506.2932739,511.9980689,503.8933735,511.2760816
6/24/2003,500.1715393,504.0803837,493.7337711,504.0803837
6/25/2003,500.2595215,503.7353994,498.5286013,500.1095334
6/26/2003,497.7946167,501.5134661,493.2557919,500.7235188
6/27/2003,506.7612915,506.7612915,499.5565547,499.5565547
6/30/2003,505.4793396,509.8471813,503.0404391,505.8493203
7/1/2003,505.6443176,508.7331866,502.1434468,505.4543226
7/2/2003,506.0513306,506.0513306,503.3874327,505.1133483
7/3/2003,507.7452393,509.5841569,504.8443513,506.5232715
7/4/2003,504.0793457,506.329258,501.1894742,505.7292753
7/7/2003,511.3580627,511.3580627,504.1043476,504.1043476
7/8/2003,518.5098877,518.5098877,511.4371339,511.4371339
7/9/2003,519.7907104,521.0676992,517.0698693,519.0147397
7/10/2003,518.2258301,521.6866941,516.6769401,520.3267616
7/11/2003,524.6676025,524.6676025,514.0280013,516.4399559
7/14/2003,534.9401855,534.9401855,524.7985513,530.7323414
7/15/2003,533.8092041,539.1099618,531.2593157,536.1141069
7/16/2003,524.2406006,533.2572788,522.5357108,533.2572788
7/17/2003,523.5326538,526.7355324,520.5747608,524.2406341
7/18/2003,525.4794922,525.4794922,520.0876738,521.9206101
7/21/2003,520.8927612,525.4805344,517.3628693,525.4805344
7/22/2003,516.7589111,521.1747552,513.3230705,519.7587946
7/23/2003,512.6010132,516.81789,509.0041684,516.81789
7/24/2003,505.024353,511.130103,496.1986772,511.130103
7/25/2003,510.0631714,510.0631714,504.3283785,505.4723465
7/28/2003,512.7740479,515.0619227,509.6241766,509.6241766
7/29/2003,511.4520569,513.1859981,507.5502314,513.1859981
7/30/2003,508.2022095,509.2341823,504.2353839,509.1391847
7/31/2003,507.96521,508.6981831,504.2623817,508.6981831
8/1/2003,508.683197,508.683197,505.5033282,508.089226
8/4/2003,503.9223328,508.6151734,498.8525537,508.6151734
8/5/2003,488.5099792,503.8184045,479.8013338,503.8184045
8/6/2003,494.416748,494.416748,489.7959258,489.7959258
8/7/2003,508.2502136,508.2502136,495.940695,495.940695
8/8/2003,505.340332,508.5062245,503.4914049,508.5062245
8/11/2003,504.8213501,505.7003137,501.5084908,505.1103403
8/12/2003,506.3972778,507.2202438,503.5043851,504.8263551
8/13/2003,511.2050781,512.4690364,506.7162394,507.2992245
8/14/2003,510.1091614,512.0170767,507.5552751,512.0170767
8/15/2003,516.6268921,516.6268921,509.8301897,510.6831534
8/19/2003,517.0328979,520.7947758,513.9640474,518.3408916
8/20/2003,518.7567749,518.7567749,512.5560276,516.6198952
8/21/2003,525.5625,525.5625,518.0698114,518.0698114
8/22/2003,528.9223633,528.9223633,524.5745104,525.2245095
8/25/2003,529.0153809,531.3312696,526.1635023,529.1233478
8/26/2003,528.7383423,528.7383423,523.4505847,528.4563709
8/27/2003,530.8413696,530.8413696,526.7425299,528.0554672
8/28/2003,530.2193604,531.5903397,526.6414966,531.3813024
8/29/2003,529.6543579,531.7262987,527.5084454,529.8093812
9/1/2003,534.3161621,534.3161621,529.4853566,529.4853566
9/2/2003,538.9180298,538.9180298,533.6482156,533.6482156
9/3/2003,558.2272949,558.2282714,540.416953,540.416953
9/4/2003,575.1696777,576.71161,562.4581353,562.4581353
9/5/2003,582.300354,590.3210382,575.5666071,575.5666071
9/8/2003,587.0341187,588.3450417,574.0435973,583.3132554
9/9/2003,585.269165,591.5349119,582.6782627,589.3930276
9/10/2003,572.8306885,584.4001836,571.6376808,584.4001836
9/11/2003,565.6159668,571.248743,561.3121183,571.248743
9/12/2003,578.352478,578.352478,565.8029789,566.3259688
9/15/2003,574.7766724,580.1744728,569.7098527,578.3525222
9/16/2003,581.2223511,581.4613554,573.9146524,573.9146524
9/17/2003,585.8901978,588.2230536,581.8913301,581.8913301
9/18/2003,582.6643677,585.7512228,579.8474605,584.8682615
9/19/2003,585.6481934,585.6481934,581.9233019,582.0103347
9/23/2003,588.4880981,588.4880981,580.6514278,583.5982737
9/24/2003,605.5993652,605.5993652,588.4880331,588.4880331
9/25/2003,603.6845093,606.5993738,598.580704,600.7636025
9/26/2003,599.8166504,602.7335289,596.3477304,602.7335289
9/29/2003,597.1168213,597.8898015,591.701016,597.3178023
9/30/2003,597.6287842,601.1666718,595.9218802,597.138813
10/1/2003,606.0153809,606.0153809,597.5896839,597.5896839
10/2/2003,619.5689087,623.7707105,607.7763378,607.7763378
10/3/2003,621.8378296,622.7178003,617.3190233,619.3999361
10/6/2003,615.8500977,623.2047924,610.9132777,621.6098226
10/7/2003,615.2850952,615.3340435,610.1002993,615.1820719
10/8/2003,624.3037109,624.4987107,616.0449991,616.0449991
10/9/2003,636.2022705,636.2022705,624.4727458,624.4727458
10/10/2003,644.7929077,648.6557945,638.1851936,638.1851936
10/13/2003,644.4089355,647.9047711,637.8981416,646.6448104
10/14/2003,648.6907959,650.9867272,644.5849374,644.5849374
10/15/2003,650.4147339,650.6707054,645.89489,649.8847252
10/16/2003,649.2727051,654.3325057,646.911835,650.4666894
10/17/2003,649.6207275,652.0076586,647.275848,649.4787653
10/20/2003,652.7335815,653.9075471,649.8976933,649.8976933
10/21/2003,646.9458008,658.0743345,644.1968845,653.4385288
10/22/2003,646.1397705,651.2385706,642.2919592,647.9697162
10/23/2003,630.9674072,643.2869343,626.6925495,642.9099348
10/24/2003,634.5422974,634.5422974,627.270547,631.8173669
10/27/2003,629.0275269,634.0723135,624.7566969,634.0723135
10/28/2003,626.8376465,636.1742588,623.068811,631.1664578
10/29/2003,624.5386353,629.6034402,617.2169603,626.8375568
10/30/2003,627.8095093,627.8095093,621.3917907,624.5236266
10/31/2003,625.5216675,631.9404239,623.4997125,627.5175615
11/3/2003,617.2369995,624.2437463,610.9602659,624.2437463
11/4/2003,626.4656372,626.4656372,617.2540202,617.2540202
11/5/2003,635.7922974,637.5792152,626.4656336,626.4656336
11/6/2003,632.7863159,642.3879925,630.6314316,637.8941491
11/7/2003,626.7126465,630.1575199,621.7708219,629.714544
11/10/2003,620.0458374,630.6084139,617.7259205,629.7924667
11/11/2003,617.6939697,617.6939697,606.3213656,615.8060427
11/12/2003,619.8479004,621.8758367,615.809056,617.3229742
11/13/2003,614.6120605,621.6078209,610.9121924,621.6078209
11/14/2003,610.3112793,614.3811283,608.1483385,614.3811283
11/17/2003,607.7653809,609.6542845,602.908575,609.6542845
11/18/2003,605.7633667,607.4013033,602.5654933,607.4013033
11/19/2003,601.9145508,603.6945108,598.7196679,603.6945108
11/20/2003,605.7813721,605.7813721,599.943587,601.8535467
11/21/2003,617.0599976,617.0599976,603.4845365,605.7274303
12/1/2003,629.9155273,630.0095178,617.2330367,617.2330367
12/2/2003,633.7033691,635.8812629,629.493511,630.7494436
12/3/2003,643.8379517,644.1369513,631.3404516,632.0564272
12/4/2003,641.1251221,643.8379684,639.1941668,643.8379684
12/5/2003,638.0201416,642.7160037,636.8431855,640.6430864
12/8/2003,647.7457886,647.7457886,633.8523473,635.6382886
12/9/2003,644.4338989,647.9897908,641.1990395,647.6787677
12/10/2003,645.935791,645.935791,640.7179771,644.3538825
12/11/2003,653.2985229,653.2985229,643.7409119,645.5938671
12/12/2003,656.7144165,659.3953424,652.3455681,654.0655328
12/15/2003,658.4963379,660.1942698,651.646629,658.7543845
12/16/2003,656.8834229,657.5163938,652.4435933,657.5163938
12/17/2003,655.6724854,657.6824169,652.6675974,654.8665475
12/18/2003,664.8510742,664.860046,655.6724162,655.6724162
12/19/2003,672.2658081,672.2658081,665.8010941,666.1010702
12/22/2003,674.3687744,674.5767741,669.0349366,672.8828093
12/23/2003,679.2805176,679.549489,674.3687218,674.3687218
12/29/2003,693.0060425,693.0060425,679.709563,679.763516
12/30/2003,691.868103,700.9327528,685.4733323,695.4939385
1/2/2004,704.47052,704.47052,687.9711633,691.3490223
1/5/2004,725.4437866,725.4437866,706.3425393,706.3425393
1/6/2004,723.9608154,738.1302464,717.8010212,728.6915882
1/7/2004,709.3394165,723.8958572,705.8135527,723.8778525
1/8/2004,730.786499,730.786499,709.3353093,709.3353093
1/9/2004,753.6627197,756.753603,734.5174679,734.5174679
1/12/2004,742.4771118,750.6877911,738.3982909,750.6877911
1/13/2004,743.1141357,745.2880625,738.0653207,743.9840971
1/14/2004,756.5335083,756.5335083,739.7591986,742.0301062
1/15/2004,763.4232178,764.0121841,756.6704905,756.6704905
1/16/2004,770.3039551,771.2579584,763.5052089,763.5052089
1/19/2004,766.453125,775.4868308,761.5363243,770.3039882
1/20/2004,773.0949097,773.0949097,767.2631664,767.8921092
1/21/2004,776.270813,777.3607364,772.3229686,773.0949112
1/23/2004,785.8484497,785.8484497,776.163768,776.163768
1/26/2004,786.8433838,786.8433838,776.3637504,782.5115212
1/27/2004,772.4639893,788.2233864,764.8562528,786.8514304
1/28/2004,767.0771484,778.8006913,765.5172116,771.9979775
1/29/2004,759.6143799,764.4382275,755.4725735,763.3752807
1/30/2004,752.90271,758.1164963,746.0609962,758.1164963
2/3/2004,730.2905273,748.4558355,725.1947785,748.4558355
2/4/2004,730.246582,736.4282871,727.6836325,732.7634518
2/5/2004,736.4393921,736.4393921,727.7027322,732.0325199
2/6/2004,758.8944092,758.8944092,736.7842487,736.7842487
2/9/2004,767.2251587,767.2251587,761.0833688,761.0833688
2/10/2004,766.7411499,770.4079994,765.0101992,767.2061587
2/11/2004,769.7630615,772.0899363,765.1191993,767.1271168
2/12/2004,766.0532227,773.3189314,761.8863925,769.9900813
2/13/2004,773.1099243,773.1099243,765.5981928,766.1932013
2/16/2004,775.1948242,775.1948242,767.5371631,773.0889491
2/17/2004,776.968811,777.292773,771.9339726,775.1068839
2/18/2004,785.8764038,786.1284082,777.4257439,777.4257439
2/19/2004,789.4013062,789.9293008,785.1764338,786.068428
2/20/2004,794.4360962,796.0390612,789.5053186,790.8682417
2/24/2004,780.7226563,794.887145,777.4227967,794.887145
2/25/2004,777.0227661,780.5476535,774.0219062,778.8367215
2/26/2004,775.9858398,779.4377321,772.3669619,777.1408243
2/27/2004,761.0513916,775.9798271,756.8525803,775.9798271
3/1/2004,758.9763794,761.5923052,749.2378066,760.8663203
3/2/2004,779.7156372,779.7156372,760.6184187,760.6184187
3/3/2004,776.7957764,781.1995968,776.7957764,780.7166444
3/4/2004,774.737854,780.239654,771.0429905,777.3307707
3/5/2004,777.9796753,780.010602,773.8578267,775.4637822
3/8/2004,772.8378906,778.4587045,769.8580262,778.4587045
3/9/2004,771.0479736,773.1318768,765.6831923,768.3751041
3/10/2004,760.2974243,770.472016,752.1457031,770.4239832
3/11/2004,741.1691284,759.6764031,737.9412268,759.6764031
3/12/2004,738.12323,738.12323,723.551837,733.7714097
3/15/2004,724.1228027,741.8881021,722.2508664,739.7702037
3/16/2004,716.1491699,720.6439904,700.1488152,720.6439904
3/17/2004,730.5565186,730.5565186,716.2280371,716.2280371
3/18/2004,733.5414429,736.8693162,729.6296079,730.8225546
3/19/2004,742.8851318,742.8851318,731.9095452,732.3835258
3/23/2004,736.4133911,736.4133911,725.1688331,734.6394733
3/24/2004,738.7642822,738.7642822,734.3224385,736.4133605
3/25/2004,727.074707,740.0931819,720.8879363,739.2841924
3/26/2004,714.1012573,731.6135768,708.4004292,729.3246643
3/29/2004,716.8930664,718.558956,710.5842914,714.8471257
3/30/2004,730.0325317,730.0325317,718.7710076,718.7710076
3/31/2004,735.6483765,735.8283621,726.1617461,733.4874498
4/1/2004,737.6242676,737.6242676,729.7425557,735.6493079
4/2/2004,750.6227417,750.6227417,739.6091936,739.6091936
4/6/2004,771.5179443,771.6879817,757.0125275,757.0125275
4/7/2004,774.3688354,779.5786546,769.5000675,771.7089659
4/8/2004,779.5866699,782.0025915,772.1759475,774.4178647
4/12/2004,767.7821655,777.7307534,762.0763937,777.7307534
4/13/2004,771.7089844,773.8538594,768.6060778,769.6480294
4/14/2004,777.9576416,777.9576416,769.0500299,771.2409235
4/15/2004,772.9569092,773.3738851,767.8430946,773.3018665
4/16/2004,776.5418091,776.6107761,771.2699805,774.0939063
4/19/2004,784.8084106,784.8084106,775.7607895,776.5997461
4/20/2004,810.8273926,810.8273926,785.1933823,785.1933823
4/21/2004,814.1713257,824.476894,809.3195247,810.3194858
4/22/2004,804.3956909,810.9284567,801.0167941,810.9284567
4/23/2004,815.4122314,815.4122314,807.1995994,807.1995994
4/26/2004,811.7133789,814.5502435,806.978578,812.8383351
4/27/2004,818.1271362,818.1271362,811.6763987,813.4893164
4/28/2004,817.901123,819.0451215,813.3683406,818.3271318
4/29/2004,801.935791,812.9663679,796.1790569,812.9663679
4/30/2004,783.3825073,798.0868906,774.8457915,798.0868906
5/4/2004,779.5726929,786.3514208,775.6808155,785.3734315
5/5/2004,758.0524902,781.4896281,755.0806209,781.2036285
5/6/2004,746.0879517,757.4755087,744.7659817,757.4755087
5/7/2004,743.6080933,748.6198612,737.6542844,741.5861382
5/10/2004,707.1904907,733.6764593,703.854622,733.6764593
5/11/2004,718.2330322,718.2330322,698.5348243,698.5348243
5/12/2004,744.2620239,744.3829909,723.46779,723.46779
5/13/2004,739.1082764,746.7039282,733.3404953,738.437282
5/14/2004,722.6808472,738.5712197,716.1281238,738.5712197
5/17/2004,668.4509888,718.5500532,665.9330813,718.5500532
5/18/2004,676.1256714,683.2323895,667.0060311,672.9307884
5/19/2004,706.7695313,706.7695313,684.1723869,684.1723869
5/21/2004,724.9038086,730.0206139,712.3262949,712.7802568
5/24/2004,732.5515137,732.5515137,726.4847331,726.4847331
5/25/2004,717.1070557,727.1476799,707.6784071,727.1476799
5/26/2004,717.9770508,725.737735,716.3021282,724.9047596
5/27/2004,728.284668,728.284668,722.3649153,722.3649153
5/28/2004,733.9614258,734.5574109,728.4566351,730.9925472
5/31/2004,732.4874878,732.4874878,722.5268769,731.8535403
6/1/2004,731.1735229,731.4835084,727.4696268,731.4835084
6/2/2004,719.0139771,728.4406117,712.8212252,728.4406117
6/4/2004,697.90979,707.9023812,689.5091167,707.9023812
6/7/2004,700.7576904,706.8905083,696.6558604,704.305587
6/8/2004,703.5516357,707.0165279,702.1487362,705.7575437
6/9/2004,709.7254028,710.0214118,703.3046319,704.0226216
6/10/2004,706.8135376,708.4164416,701.7237085,706.4545428
6/11/2004,704.0975342,706.6154413,700.3966898,706.3144277
6/14/2004,696.3109741,702.4617363,692.3691106,702.4617363
6/15/2004,707.3834839,707.3834839,692.8430341,696.1049311
6/16/2004,707.859436,711.1852952,704.1285634,710.5923007
6/17/2004,700.1098022,706.6765025,695.3729869,706.6765025
6/18/2004,692.6881104,697.4489117,687.456258,696.9829264
6/21/2004,689.5881348,696.1439097,686.1092663,694.5359401
6/22/2004,691.0661011,691.0661011,683.8963364,688.6321749
6/23/2004,699.7287598,699.7287598,691.9981035,691.9981035
6/24/2004,709.3234253,709.3234253,698.7428432,703.3686398
6/25/2004,720.2039795,720.2039795,707.7774609,707.8504561
6/28/2004,720.5109863,720.5109863,712.3092789,718.7060638
6/29/2004,722.2649536,722.2649536,714.4161987,718.5080806
6/30/2004,732.3724976,732.3724976,723.5958616,723.6158193
7/1/2004,729.7796021,729.7796021,722.719879,728.1947028
7/2/2004,744.9959717,744.9959717,726.4176557,728.5475775
7/5/2004,744.9959717,744.9959717,726.4176557,728.5475775
7/6/2004,768.2250977,769.0380543,757.864478,757.864478
7/7/2004,771.6339722,771.6339722,757.2465316,762.1443512
7/8/2004,759.7124023,772.3239105,757.382476,771.1609309
7/9/2004,761.1104126,761.1104126,752.8497476,757.0135871
7/12/2004,757.5455322,763.834289,752.9576981,762.9582855
7/13/2004,756.5524902,757.9054649,750.9177611,754.8955724
7/14/2004,744.2869873,753.7276596,738.3162116,753.6516738
7/15/2004,745.3109741,746.6818924,735.4023638,743.4880471
7/16/2004,756.0655518,756.0655518,743.3130572,743.3130572
7/19/2004,754.2436523,755.6535706,749.055866,754.7506517
7/20/2004,756.6375122,756.6375122,750.8067457,752.1216969
7/21/2004,761.2094116,762.5143536,755.630588,758.3345234
7/22/2004,761.4884033,761.4884033,753.6226813,755.0256419
7/23/2004,766.3371582,766.3371582,757.5754755,761.0553815
7/26/2004,761.7744141,762.5033896,748.9829189,762.5033896
7/27/2004,759.2493896,762.0362683,755.2165269,759.3823801
7/28/2004,760.1704102,760.8413435,756.1325425,760.0214291
7/29/2004,760.9434204,761.0883733,753.8896787,760.3714212
7/30/2004,756.9534912,763.289243,754.4925885,761.6573485
8/2/2004,749.428833,755.4975665,747.2929298,755.1095811
8/3/2004,757.2655029,757.2655029,750.3008082,750.7967606
8/4/2004,758.2745361,758.2745361,752.7647406,753.9316874
8/5/2004,761.9813843,761.9813843,756.254617,757.9335679
8/6/2004,753.9026489,759.4284347,750.3737946,759.4284347
8/9/2004,750.0107422,750.9337409,745.6179081,749.5157664
8/10/2004,752.4136963,752.4136963,748.6898423,750.1587792
8/11/2004,763.9172363,763.9172363,754.3765927,754.3765927
8/12/2004,758.1495361,762.6393518,755.1466622,762.6393518
8/13/2004,755.890564,756.8555533,752.710695,753.8446841
8/16/2004,751.9207153,754.7696034,748.4388564,754.3396274
8/17/2004,751.9207153,754.7696034,748.4388564,754.3396274
8/18/2004,754.2246704,755.09158,750.2287932,752.9366956
8/19/2004,753.659729,755.0226521,751.6407645,754.145672
8/20/2004,750.442749,753.587646,747.1178663,753.587646
8/23/2004,749.3417969,753.0786509,745.9659517,751.6757514
8/24/2004,738.8372803,743.5130627,731.026549,743.5130627
8/25/2004,731.6875,737.5412759,728.3216033,737.5412759
8/26/2004,735.2254028,735.2254028,729.7156076,732.4294912
8/27/2004,746.730957,746.730957,734.0124577,734.0124577
8/30/2004,752.9957275,752.9957275,744.0360542,745.1589963
8/31/2004,754.6746216,755.7025967,750.6028195,754.1676833
9/1/2004,775.0658569,775.0658569,755.9156009,755.932568
9/2/2004,780.2406616,780.2406616,770.5030641,776.1878407
9/3/2004,786.4594116,786.4594116,775.0188774,779.5296884
9/6/2004,784.7564087,784.7933946,780.0136125,784.7933946
9/7/2004,786.6564331,786.6564331,780.823652,784.8184919
9/8/2004,789.1043091,789.4252805,782.2175531,786.2274068
9/9/2004,782.6195679,792.6151506,757.2485459,790.5752519
9/10/2004,797.7439575,797.7439575,779.3616778,782.2285095
9/14/2004,808.9845581,813.9733779,803.5377483,803.5377483
9/15/2004,815.4542847,822.4590169,805.8786076,805.8786076
9/16/2004,813.0324097,813.0324097,807.5625906,811.7054349
9/17/2004,814.5942993,814.5942993,802.1027807,812.9213907
9/20/2004,814.5942993,814.5942993,802.1027807,812.9213907
9/21/2004,823.8259277,829.5387182,814.5593204,827.1488576
9/22/2004,818.1981201,823.8369386,814.4352662,823.8249152
9/23/2004,816.7302246,819.9170512,811.7193723,813.8392849
9/24/2004,819.7890625,819.7890625,813.0603206,816.4472126
9/27/2004,815.5502319,822.6520063,812.1383774,819.9910992
9/28/2004,812.0953979,815.348262,809.3264628,813.3583493
9/29/2004,812.8604126,813.4053743,806.0766188,812.563366
9/30/2004,820.1020508,820.8960262,813.9263268,814.498326
10/1/2004,835.8724365,835.8724365,820.4869891,820.660017
10/4/2004,856.4156494,856.8316489,844.2111683,844.2111683
10/5/2004,861.2844849,861.2844849,852.4428489,856.4436698
10/6/2004,856.0266724,859.2825271,848.166993,858.3825987
10/7/2004,849.7929077,853.9697471,843.0461611,853.9697471
10/8/2004,855.6856689,855.6856689,844.4550883,848.7939696
10/11/2004,860.1105347,863.0624462,855.5307567,856.7856518
10/12/2004,849.1599121,861.7054439,846.4140474,860.25146
10/13/2004,863.1373901,863.1373901,848.1869228,849.8348689
10/14/2004,859.6305542,864.5913597,854.3977866,860.2475346
10/15/2004,857.5596313,857.6476406,851.6988366,856.6186279
10/18/2004,854.3537598,857.9455999,850.6338729,856.9206154
10/19/2004,853.3598022,859.3865453,850.3369096,856.4936525
10/20/2004,840.7583008,852.6048247,834.5005487,852.6048247
10/21/2004,834.1365356,841.5072204,824.5648868,841.4122534
10/22/2004,850.7408447,850.7408447,832.7895787,835.1744345
10/25/2004,846.6021118,848.2280252,840.2643454,846.4650932
10/26/2004,841.3203125,845.7341423,837.0444778,844.7551765
10/27/2004,849.1509399,849.8058827,844.3710969,844.4351202
10/28/2004,862.0854492,862.0854492,851.2078821,854.5737178
10/29/2004,860.4535522,861.6425319,856.0406989,859.261582
11/1/2004,863.5553589,863.5553589,857.5375879,860.6194991
11/2/2004,881.3616943,883.7906159,863.5233993,863.5233993
11/3/2004,890.3303223,891.3232646,879.2597694,883.5705757
11/4/2004,888.3014526,893.1512396,881.5927292,891.8913399
11/5/2004,893.604248,895.0612227,884.5356308,894.4202564
11/8/2004,888.7033691,888.7033691,881.3356751,886.6324659
11/9/2004,901.3449707,901.3449707,889.6433992,890.4583699
11/10/2004,918.6772461,918.6772461,902.1968697,902.1968697
11/11/2004,925.1489868,926.0629527,916.8773361,919.2002438
11/12/2004,933.9937134,937.8465299,927.383924,928.8719032
11/19/2004,933.9937134,937.8465299,927.383924,928.8719032
11/22/2004,939.9544678,941.699395,935.5316051,936.2785854
11/23/2004,958.9816895,958.9816895,940.0214282,940.0214282
11/24/2004,961.286499,968.9052206,952.8908302,961.513541
11/25/2004,955.6438599,958.8377054,946.9781813,958.8377054
11/26/2004,965.1784668,965.1784668,954.9008514,954.9008514
11/29/2004,964.0484619,966.8103783,960.326622,966.1453651
11/30/2004,977.7290039,977.7290039,964.6084815,964.6084815
12/1/2004,986.1605835,986.1605835,974.2710927,977.7939048
12/2/2004,997.6591797,1003.463947,990.0954481,996.3632096
12/3/2004,981.3687744,1000.301082,977.7319531,1000.134035
12/6/2004,983.159729,983.3326959,974.353065,981.338816
12/7/2004,986.371582,987.7545848,975.247015,983.956698
12/8/2004,979.1818848,989.0615054,973.3171226,981.9387966
12/9/2004,963.7594604,974.6560087,955.6707862,974.6560087
12/10/2004,945.1932373,951.7009799,933.0947086,951.7009799
12/13/2004,935.7475586,946.1701264,929.7318016,944.0492373
12/14/2004,922.0371094,936.7065213,910.9585611,935.7575836
12/15/2004,939.1144409,939.1144409,920.6821751,921.8630984
12/16/2004,957.1287231,957.1287231,941.2343229,941.2343229
12/17/2004,973.3161621,973.3161621,959.5137202,959.5137202
12/20/2004,966.7753906,971.3372249,960.736624,971.3372249
12/21/2004,976.2809448,976.2809448,962.0415092,965.5283729
12/22/2004,985.1436768,985.339653,980.7618282,980.9358327
12/23/2004,986.4675903,987.1345566,980.9748231,986.4616091
12/27/2004,997.479187,997.479187,984.6646833,985.2106825
12/28/2004,1003.879883,1003.879883,992.1053173,998.6360686
12/29/2004,1004.390869,1007.455752,996.6061992,1006.236806
12/30/2004,1000.194092,1003.469965,995.1503425,1001.821043
1/3/2005,1000.838074,1002.333011,994.4923123,1000.515088
1/4/2005,1018.503357,1019.03129,1002.232934,1002.232934
1/5/2005,1015.391479,1025.343118,1013.326557,1016.366417
1/6/2005,1029.845825,1029.845825,1014.826452,1014.826452
1/7/2005,1032.484863,1038.783568,1028.303996,1034.262748
1/10/2005,1015.438477,1028.226919,1010.327653,1028.226919
1/11/2005,1011.633606,1013.848547,1005.164864,1013.351557
1/12/2005,1008.538696,1012.384555,1004.741847,1008.716668
1/13/2005,1021.630188,1022.236182,1010.076683,1010.076683
1/14/2005,1021.300293,1027.292064,1017.848401,1020.979261
1/17/2005,1024.845093,1029.605894,1022.63418,1024.101103
1/18/2005,1017.686401,1025.786123,1012.902591,1025.079119
1/19/2005,1027.77002,1028.146958,1019.462299,1019.462299
1/20/2005,1035.706665,1036.967724,1027.284996,1029.984964
1/24/2005,1030.67688,1033.545787,1026.933984,1033.190698
1/25/2005,1026.853027,1032.444851,1023.118248,1029.109043
1/26/2005,1037.468628,1037.468628,1028.95187,1028.95187
1/27/2005,1044.947388,1048.421252,1037.053652,1037.053652
1/28/2005,1046.442383,1049.086201,1042.007496,1046.316411
1/31/2005,1045.394409,1045.409301,1040.413524,1045.409301
2/1/2005,1047.491211,1049.918118,1045.080294,1046.062311
2/2/2005,1052.783936,1058.724744,1048.50212,1048.50212
2/3/2005,1049.290283,1055.245984,1037.031726,1055.245984
2/4/2005,1048.35022,1052.817087,1043.550358,1046.325274
2/7/2005,1041.587524,1051.354112,1037.791652,1049.977091
2/8/2005,1036.563721,1041.103583,1034.106785,1040.035632
2/11/2005,1045.828369,1045.828369,1037.360681,1037.360681
2/14/2005,1050.692017,1054.782799,1049.069033,1049.282037
2/15/2005,1067.158325,1067.607404,1051.877915,1052.4609
2/16/2005,1073.403198,1073.403198,1067.686502,1067.686502
2/17/2005,1082.935913,1087.820733,1075.458177,1075.458177
2/18/2005,1092.450562,1092.450562,1079.65101,1082.287871
2/21/2005,1093.735352,1097.658294,1087.801623,1093.873408
2/22/2005,1099.870239,1100.322248,1092.213554,1094.330537
2/23/2005,1102.883179,1108.872936,1092.38554,1094.829414
2/24/2005,1101.976196,1109.435867,1096.381321,1104.373076
2/25/2005,1083.333862,1105.133064,1081.03195,1103.572089
2/28/2005,1073.786255,1081.934986,1066.387495,1081.934986
3/1/2005,1093.238525,1096.940408,1074.208259,1074.208259
3/2/2005,1082.704834,1094.244424,1079.691035,1093.792415
3/3/2005,1094.553223,1096.45122,1082.869719,1082.869719
3/4/2005,1102.96521,1106.213009,1095.539473,1095.838412
3/7/2005,1105.254883,1106.936824,1099.734102,1105.034921
3/8/2005,1114.163696,1117.251589,1104.52308,1105.265971
3/9/2005,1116.764404,1116.764404,1110.980694,1115.2265
3/10/2005,1108.003906,1112.082727,1103.563039,1111.886812
3/14/2005,1123.438232,1124.795113,1104.639893,1117.988372
3/15/2005,1118.957397,1125.901097,1112.059717,1123.819269
3/16/2005,1138.189697,1138.403678,1124.139219,1124.60319
3/17/2005,1134.546753,1139.560596,1127.851091,1137.701659
3/18/2005,1147.829346,1147.829346,1135.669785,1135.669785
3/21/2005,1151.51416,1155.639,1147.220382,1150.206228
3/22/2005,1152.55603,1156.913893,1138.803637,1154.67399
3/23/2005,1142.103516,1148.278324,1139.115717,1148.278324
3/24/2005,1114.50769,1137.603716,1109.438918,1137.603716
3/28/2005,1100.197266,1120.175494,1096.588397,1111.442801
3/29/2005,1070.258423,1093.080533,1056.509934,1093.080533
3/30/2005,1065.085449,1085.885664,1057.903722,1061.82459
3/31/2005,1080.122925,1080.122925,1067.402351,1076.540057
4/1/2005,1095.023315,1095.802216,1081.479776,1081.479776
4/4/2005,1100.160278,1100.160278,1092.314636,1096.842414
4/5/2005,1096.483276,1103.48398,1089.600488,1101.263119
4/6/2005,1103.245117,1103.245117,1095.811446,1096.973388
4/7/2005,1111.577759,1112.290744,1104.224041,1105.099983
4/8/2005,1111.182739,1114.212651,1107.310942,1113.442661
4/11/2005,1105.938965,1109.577739,1098.615154,1109.357777
4/12/2005,1110.84082,1110.84082,1100.083182,1104.853993
4/13/2005,1116.626465,1121.417293,1110.582633,1112.156547
4/14/2005,1108.395752,1115.89253,1104.276894,1115.89253
4/15/2005,1096.47522,1102.427014,1093.885355,1102.427014
4/18/2005,1060.147705,1085.093756,1056.579851,1085.093756
4/19/2005,1062.651733,1067.455502,1054.357012,1064.581712
4/20/2005,1070.904419,1070.904419,1065.212624,1067.343522
4/21/2005,1047.763184,1060.528678,1040.928489,1060.528678
4/25/2005,1019.835327,1047.173253,1011.336634,1047.173253
4/26/2005,1031.727783,1031.727783,1012.165617,1024.035089
4/27/2005,1032.177856,1038.347538,1029.426987,1034.756736
4/28/2005,1038.316528,1040.09246,1031.909674,1032.046754
4/29/2005,1029.572876,1030.961738,1021.97814,1030.961738
5/2/2005,1026.482056,1032.888789,1022.712244,1031.062932
5/3/2005,1033.462891,1033.462891,1021.36131,1021.887291
5/4/2005,1049.538208,1051.372121,1036.969727,1037.284656
5/6/2005,1068.233398,1069.63935,1053.592001,1053.592001
5/9/2005,1080.164917,1080.164917,1066.896391,1066.896391
5/10/2005,1071.115356,1080.911973,1067.267484,1080.316049
5/11/2005,1057.035767,1062.043506,1054.777798,1062.043506
5/12/2005,1063.785645,1064.561615,1056.883935,1057.080827
5/13/2005,1059.231689,1064.279589,1055.943854,1058.965709
5/16/2005,1048.746216,1058.421865,1046.484341,1058.007819
5/17/2005,1045.7323,1053.542055,1034.933769,1051.859137
5/18/2005,1040.222412,1048.993189,1038.172565,1048.02411
5/19/2005,1045.424316,1049.01219,1040.884576,1045.54333
5/20/2005,1048.071289,1048.071289,1042.988479,1045.844325
5/23/2005,1045.109375,1045.428332,1039.708584,1045.428332
5/25/2005,1049.015259,1049.015259,1042.928459,1044.472345
5/26/2005,1054.319946,1054.319946,1041.073513,1043.605397
5/27/2005,1061.453735,1061.453735,1054.215003,1058.340819
5/30/2005,1062.914795,1062.914795,1054.074074,1056.153949
5/31/2005,1088.126587,1088.166624,1060.3867,1060.3867
6/1/2005,1082.898926,1087.778741,1079.09402,1087.516666
6/2/2005,1091.422485,1093.490398,1083.266797,1083.266797
6/3/2005,1092.459473,1095.885365,1087.443676,1091.009578
6/6/2005,1096.790283,1096.790283,1087.180672,1088.882632
6/7/2005,1092.771484,1099.462264,1086.539793,1096.570409
6/8/2005,1095.467285,1095.467285,1085.376614,1088.906506
6/9/2005,1094.146362,1094.965422,1089.806565,1093.785414
6/10/2005,1096.889282,1096.889282,1089.643593,1092.610396
6/13/2005,1100.835205,1101.38511,1096.161315,1098.726278
6/14/2005,1105.846924,1105.886961,1097.92316,1098.18023
6/15/2005,1119.5354,1123.208231,1106.580949,1106.580949
6/16/2005,1125.71521,1131.819953,1116.787579,1122.224257
6/17/2005,1141.77356,1141.77356,1124.897263,1124.897263
6/20/2005,1147.665283,1148.753254,1134.262851,1143.805448
6/21/2005,1133.28186,1142.891471,1129.283969,1142.891471
6/22/2005,1134.650757,1135.228737,1121.772352,1127.747095
6/23/2005,1137.379639,1146.55433,1133.366856,1133.812883
6/24/2005,1135.622803,1135.622803,1127.375077,1127.375077
6/27/2005,1119.85437,1130.45906,1116.218525,1129.570056
6/28/2005,1127.773193,1128.022207,1116.292682,1117.983535
6/29/2005,1126.813232,1130.419049,1123.553349,1129.002112
6/30/2005,1122.332397,1130.443167,1122.204473,1130.443167
7/1/2005,1138.943726,1138.943726,1123.605333,1124.25521
7/4/2005,1138.837646,1140.048659,1129.046035,1137.257752
7/5/2005,1131.123901,1142.243463,1128.466046,1139.920556
7/6/2005,1117.768433,1131.351887,1114.678587,1131.351887
7/7/2005,1108.359741,1112.720655,1101.94898,1112.720655
7/8/2005,1110.513794,1112.982692,1103.250039,1103.250039
7/11/2005,1123.418213,1123.418213,1112.457581,1112.835618
7/12/2005,1129.071167,1131.711079,1125.316308,1125.316308
7/13/2005,1132.749756,1132.749756,1127.329069,1128.732945
7/14/2005,1136.52478,1139.101706,1132.775903,1132.775903
7/15/2005,1131.416992,1142.785446,1127.051073,1142.117503
7/18/2005,1128.396118,1128.937113,1124.090377,1127.257246
7/19/2005,1131.9729,1132.99288,1126.716147,1126.716147
7/20/2005,1140.611694,1140.611694,1131.163087,1131.577988
7/21/2005,1157.468994,1160.095845,1145.526466,1145.526466
7/22/2005,1172.198364,1172.36828,1160.285864,1164.42169
7/25/2005,1169.704346,1174.551202,1166.944444,1174.519099
7/26/2005,1177.957275,1179.136185,1170.470506,1170.786534
7/27/2005,1178.066284,1181.767068,1174.18936,1181.767068
7/28/2005,1186.567871,1186.567871,1180.154058,1184.080907
7/29/2005,1182.255005,1187.743805,1178.130165,1187.319749
8/1/2005,1178.177246,1187.130878,1174.199373,1180.440098
8/2/2005,1189.28064,1189.30664,1177.169052,1178.278994
8/3/2005,1192.156616,1194.670556,1188.136753,1189.786713
8/4/2005,1185.280884,1195.503508,1178.310086,1192.749587
8/5/2005,1174.044189,1181.355916,1170.810307,1180.924903
8/8/2005,1158.541016,1169.516541,1154.755152,1169.447574
8/9/2005,1162.753662,1164.69365,1154.942077,1155.955953
8/10/2005,1176.792236,1177.97615,1168.0936,1168.0936
8/11/2005,1167.926636,1182.05304,1163.94974,1179.401165
8/12/2005,1153.924072,1167.904485,1146.516402,1167.319547
8/15/2005,1118.230469,1151.890168,1114.899544,1151.890168
8/16/2005,1113.781616,1123.16028,1109.195857,1118.594417
8/18/2005,1100.256226,1114.224677,1090.141628,1114.224677
8/19/2005,1087.910645,1103.255018,1081.681883,1100.975077
8/22/2005,1076.311157,1086.861772,1064.717614,1086.861772
8/23/2005,1066.050537,1086.247749,1062.325584,1075.870101
8/24/2005,1035.404663,1058.797796,1011.539625,1058.797796
8/25/2005,1061.805786,1061.805786,1031.472858,1031.525957
8/26/2005,1048.833252,1060.802757,1045.463388,1059.419877
8/29/2005,994.7312622,1034.785732,981.0147556,1034.785732
8/30/2005,1039.779419,1039.779419,951.1729482,978.0378679
8/31/2005,1050.049072,1056.306885,1032.652777,1034.024672
9/1/2005,1039.189453,1041.559356,1024.841014,1028.7819
9/5/2005,1035.850708,1044.04143,1032.435802,1035.984736
9/6/2005,1051.552979,1051.552979,1036.001583,1036.001583
9/7/2005,1059.338745,1063.596514,1056.148806,1056.97287
9/8/2005,1080.407837,1085.612712,1061.114644,1061.114644
9/9/2005,1098.41333,1098.920268,1083.35581,1084.925818
9/12/2005,1105.613892,1106.770829,1095.939342,1099.884134
9/13/2005,1085.701782,1098.31323,1080.883976,1098.31323
9/14/2005,1058.585693,1081.923773,1056.090795,1080.35694
9/15/2005,1050.86499,1061.772523,1046.297175,1056.575705
9/16/2005,1056.684937,1060.537814,1051.947205,1052.856106
9/19/2005,1066.549316,1068.577313,1061.503615,1062.039605
9/20/2005,1055.549927,1062.178698,1047.993336,1062.178698
9/21/2005,1044.015381,1052.465003,1040.421527,1052.465003
9/22/2005,1016.718445,1039.080551,1008.35378,1039.080551
9/23/2005,1012.811584,1022.835181,1008.646708,1018.466333
9/26/2005,1034.5448,1036.216732,1018.627449,1018.627449
9/27/2005,1037.593628,1038.58358,1031.473871,1034.537717
9/28/2005,1027.8479,1038.227501,1025.949049,1037.150639
9/29/2005,1048.26123,1048.26123,1026.074105,1026.074105
9/30/2005,1079.23291,1079.23291,1051.540998,1051.540998
10/3/2005,1083.371826,1091.404595,1055.108032,1055.108032
10/4/2005,1101.123169,1109.387862,1088.822622,1088.822622
10/5/2005,1104.011963,1109.75771,1094.739254,1102.458923
10/6/2005,1096.333252,1105.012967,1089.823496,1090.202509
10/7/2005,1094.609253,1102.915936,1084.312658,1084.594629
10/10/2005,1102.737183,1102.737183,1093.540518,1097.104345
10/11/2005,1105.585938,1105.904895,1096.544298,1102.77904
10/12/2005,1102.937134,1105.858041,1096.6864,1105.858041
10/13/2005,1090.492554,1099.474137,1089.260546,1097.821248
10/14/2005,1096.661255,1101.141061,1085.559759,1089.554598
10/17/2005,1090.048584,1100.951236,1086.681771,1097.191373
10/18/2005,1095.830322,1095.830322,1087.044654,1091.55046
10/19/2005,1075.870117,1089.00962,1072.689211,1088.690663
10/20/2005,1075.359253,1081.973986,1070.728451,1080.347096
10/21/2005,1075.920166,1077.669121,1068.029482,1070.403291
10/24/2005,1073.040283,1081.103934,1070.107414,1076.840062
10/25/2005,1062.130737,1077.429093,1058.898807,1076.70915
10/26/2005,1062.133789,1063.001675,1055.145047,1058.603897
10/27/2005,1063.65564,1065.99051,1061.677689,1063.178607
10/28/2005,1058.214722,1059.940729,1053.422916,1059.305744
10/31/2005,1066.182495,1066.182495,1057.97383,1059.293725
11/1/2005,1064.911499,1077.068008,1055.01894,1072.841244
11/9/2005,1052.780029,1061.704608,1042.950334,1060.055747
11/10/2005,1043.656372,1051.142042,1041.879464,1051.142042
11/11/2005,1028.943848,1049.25409,1023.545072,1047.88012
11/14/2005,1017.693359,1027.605998,1012.441611,1027.605998
11/15/2005,1022.036194,1022.860197,1013.159525,1015.418471
11/16/2005,1025.789063,1031.309844,1019.68432,1022.094199
11/17/2005,1033.240845,1033.240845,1023.460219,1025.362123
11/18/2005,1054.94397,1054.94397,1036.013675,1036.013675
11/21/2005,1062.415771,1065.860584,1057.05099,1058.506866
11/22/2005,1066.252319,1066.252319,1056.680794,1063.056521
11/23/2005,1061.038696,1068.445513,1058.295883,1067.866434
11/24/2005,1078.136963,1078.136963,1063.528523,1063.528523
11/25/2005,1074.358276,1081.180033,1070.946422,1079.673011
11/28/2005,1081.017944,1081.017944,1073.897128,1076.921058
11/29/2005,1082.23584,1083.308796,1077.354072,1081.31693
11/30/2005,1096.598267,1096.598267,1081.240833,1081.422832
12/1/2005,1096.328247,1102.401008,1087.119622,1095.379309
12/2/2005,1119.373413,1119.373413,1102.486131,1102.486131
12/5/2005,1120.534424,1123.126364,1113.530668,1121.065409
12/6/2005,1123.391235,1128.993922,1119.756367,1121.587229
12/7/2005,1151.32019,1155.376063,1130.91095,1130.91095
12/8/2005,1158.273926,1169.975497,1150.61126,1157.141035
12/9/2005,1160.022827,1166.795513,1150.592164,1160.894741
12/12/2005,1174.961182,1184.05885,1167.286554,1167.286554
12/13/2005,1181.981934,1183.101885,1174.811314,1178.727055
12/14/2005,1173.672363,1185.858901,1165.523632,1184.860893
12/15/2005,1155.919067,1171.826408,1152.536264,1171.826408
12/16/2005,1143.38147,1155.019932,1139.534574,1152.400039
12/19/2005,1162.282715,1163.053681,1147.762285,1147.762285
12/20/2005,1162.98877,1171.327434,1155.451954,1169.354488
12/21/2005,1160.513672,1164.62252,1155.817932,1160.214733
12/22/2005,1163.97168,1163.97168,1155.378996,1159.344907
12/23/2005,1158.292969,1164.589721,1153.532168,1162.482747
12/27/2005,1161.661743,1164.357561,1158.219861,1158.878771
12/28/2005,1164.097656,1164.097656,1157.791017,1159.886883
12/29/2005,1162.589722,1169.860435,1157.372884,1163.20774
1/2/2006,1171.66333,1171.66333,1161.255777,1161.931776
1/3/2006,1184.643799,1186.439749,1169.983481,1169.983481
1/4/2006,1211.651733,1211.651733,1192.385517,1192.385517
1/5/2006,1210.952759,1221.121307,1204.91503,1215.696592
1/6/2006,1222.201416,1224.956314,1205.694979,1208.389942
1/9/2006,1245.005493,1247.41641,1227.242269,1227.242269
1/11/2006,1261.234009,1265.314905,1242.73375,1245.686639
1/12/2006,1256.204102,1268.582525,1252.24222,1267.12665
1/13/2006,1250.379272,1258.821937,1246.322424,1248.254355
1/16/2006,1235.208008,1255.288283,1230.218211,1250.565444
1/17/2006,1212.822754,1231.696042,1204.687084,1231.128071
1/18/2006,1193.149658,1210.081983,1183.661013,1191.458684
1/19/2006,1230.011108,1230.011108,1201.567269,1201.567269
1/20/2006,1222.840332,1237.958762,1216.519655,1235.354859
1/23/2006,1200.0802,1211.133847,1195.167428,1200.33019
1/24/2006,1207.172974,1212.578769,1205.355051,1208.698915
1/25/2006,1230.069092,1230.069092,1216.88772,1217.840564
1/26/2006,1226.605103,1233.765834,1219.151414,1232.544934
1/27/2006,1229.661133,1235.435933,1225.178275,1234.044019
1/30/2006,1232.273193,1235.75902,1227.671321,1231.636133
2/1/2006,1240.646606,1243.611579,1232.903988,1233.907977
2/2/2006,1243.344604,1247.584552,1239.14384,1244.599561
2/3/2006,1244.077637,1245.919606,1237.784912,1243.268708
2/6/2006,1245.600586,1247.496508,1240.78278,1243.671584
2/7/2006,1259.31311,1259.907081,1248.155463,1250.215442
2/8/2006,1238.121826,1253.946161,1235.829923,1253.946161
2/9/2006,1246.591553,1247.634481,1237.082889,1243.890608
2/10/2006,1253.056274,1255.563257,1245.334651,1246.030547
2/13/2006,1252.355347,1260.054998,1248.774431,1252.866313
2/14/2006,1230.3302,1248.934457,1226.782242,1248.934457
2/15/2006,1236.894775,1236.894775,1220.96046,1232.557908
2/16/2006,1237.825806,1241.82565,1234.103905,1238.789757
2/17/2006,1243.426636,1245.998557,1237.470935,1240.064828
2/20/2006,1247.365356,1250.942243,1241.838594,1244.438591
2/21/2006,1236.040771,1242.385495,1230.493991,1242.385495
2/22/2006,1231.202148,1233.891009,1224.447406,1230.218178
2/23/2006,1224.116333,1230.966164,1219.040603,1230.872174
2/24/2006,1216.092773,1225.085466,1212.237943,1222.554559
2/27/2006,1235.374878,1239.945745,1219.296524,1219.296524
2/28/2006,1230.616089,1240.524761,1229.915188,1239.72279
3/1/2006,1239.221802,1239.890721,1222.16143,1222.75943
3/2/2006,1249.629272,1250.594201,1240.85459,1245.410443
3/3/2006,1261.216064,1261.216064,1248.598512,1251.237448
3/6/2006,1262.640747,1263.382784,1256.84007,1259.237926
3/7/2006,1246.202515,1266.032798,1246.079595,1263.078934
3/8/2006,1233.547974,1239.561778,1222.371406,1238.591845
3/9/2006,1239.528809,1240.067728,1225.889325,1232.943005
3/10/2006,1247.373413,1249.346359,1240.340728,1240.475733
3/13/2006,1243.612671,1250.26439,1241.85273,1249.753423
3/14/2006,1245.330566,1245.330566,1240.27278,1242.545641
3/15/2006,1244.3927,1250.989368,1240.401766,1248.25754
3/16/2006,1273.747437,1276.226344,1250.504322,1250.504322
3/17/2006,1305.127197,1306.192219,1280.68015,1280.68015
3/20/2006,1330.061157,1334.575996,1308.880953,1308.880953
3/21/2006,1327.090454,1339.767941,1318.44577,1331.176355
3/22/2006,1302.277222,1320.810557,1299.864352,1320.810557
3/23/2006,1305.572144,1321.903416,1298.810322,1307.474047
3/24/2006,1311.322998,1319.552658,1307.349154,1314.233896
3/27/2006,1311.898926,1312.43101,1306.143168,1307.477101
3/28/2006,1325.16748,1327.851336,1313.588951,1313.588951
3/29/2006,1322.922485,1335.72997,1321.552544,1321.573539
4/3/2006,1329.26123,1331.649199,1322.248564,1322.416526
4/4/2006,1326.396484,1333.432222,1323.832619,1329.48633
4/5/2006,1344.547607,1344.91356,1332.914027,1332.914027
4/6/2006,1354.960205,1356.79424,1346.530602,1347.389577
4/7/2006,1363.244995,1364.563914,1349.737585,1356.028357
4/11/2006,1360.073975,1367.445758,1357.32811,1366.638782
4/12/2006,1372.340576,1375.682365,1353.919297,1356.313124
4/13/2006,1382.068115,1383.916066,1376.897418,1376.897418
4/17/2006,1386.730957,1389.788821,1379.211231,1385.20294
4/18/2006,1417.319824,1417.319824,1387.83501,1387.83501
4/19/2006,1453.17041,1456.276246,1431.989229,1431.989229
4/20/2006,1464.470947,1490.588949,1455.213373,1455.213373
4/21/2006,1459.231201,1468.114889,1444.470789,1454.420475
4/24/2006,1442.808838,1459.143163,1436.577147,1453.57441
4/25/2006,1458.727417,1458.727417,1440.324079,1440.324079
4/26/2006,1481.661255,1485.67416,1460.580045,1460.580045
4/27/2006,1474.551514,1499.935534,1468.753766,1493.097788
4/28/2006,1464.348999,1469.136777,1447.487595,1463.68008
5/1/2006,1476.397461,1478.941429,1468.166824,1468.234815
5/2/2006,1475.835449,1495.415741,1470.929757,1489.707956
5/3/2006,1499.012695,1499.012695,1483.4342,1489.48206
5/4/2006,1484.274292,1501.791555,1479.420477,1501.452579
5/5/2006,1483.003296,1485.994146,1468.811832,1485.650166
5/8/2006,1507.86731,1507.86731,1488.508078,1492.743875
5/9/2006,1532.564331,1538.18606,1516.108917,1516.108917
5/10/2006,1539.341064,1542.548947,1524.1627,1538.046071
5/11/2006,1553.001587,1553.427596,1536.852191,1538.082123
5/12/2006,1525.720703,1541.538081,1520.971864,1530.3725
5/15/2006,1429.48645,1496.973818,1426.994604,1496.973818
5/16/2006,1427.758423,1437.00904,1339.180936,1427.34047
5/17/2006,1462.100952,1484.060179,1458.495136,1459.95504
5/18/2006,1400.79248,1416.055802,1375.015408,1386.863946
5/19/2006,1392.935913,1411.681157,1389.522105,1394.861864
5/22/2006,1308.994141,1397.363629,1304.29425,1395.906776
5/23/2006,1326.208496,1327.44441,1272.206565,1280.274245
5/24/2006,1323.095459,1339.304911,1311.877878,1339.304911
5/29/2006,1333.832153,1354.378351,1326.750398,1342.316809
5/30/2006,1366.116943,1370.501783,1335.554044,1335.554044
5/31/2006,1329.944092,1343.566607,1326.160304,1327.805259
6/1/2006,1321.508545,1346.067524,1311.319855,1340.120734
6/2/2006,1347.633667,1347.633667,1316.097905,1329.603362
6/5/2006,1348.985474,1359.477131,1342.842768,1350.418401
6/6/2006,1316.893677,1328.118337,1305.617138,1324.469432
6/7/2006,1287.12793,1303.832358,1282.029129,1303.832358
6/8/2006,1241.27771,1265.6647,1229.906083,1262.328892
6/9/2006,1274.703491,1274.703491,1243.440669,1252.792234
6/12/2006,1273.060425,1273.060425,1258.52205,1261.345915
6/13/2006,1236.519775,1256.128996,1232.127979,1246.75839
6/14/2006,1234.150024,1239.240769,1222.228491,1234.599958
6/15/2006,1241.601685,1259.639923,1236.380819,1255.897149
6/16/2006,1309.474121,1309.474121,1271.500622,1276.468324
6/19/2006,1295.00061,1300.809344,1286.34897,1295.019531
6/20/2006,1294.919556,1295.060541,1276.966275,1277.681213
6/21/2006,1293.236572,1301.121275,1287.869838,1297.750434
6/22/2006,1303.39917,1313.62985,1298.410473,1313.62985
6/23/2006,1290.11377,1290.11377,1283.184107,1285.090039
6/26/2006,1283.802979,1290.114744,1276.376266,1289.005779
6/27/2006,1285.576904,1292.261703,1281.546055,1286.501917
6/28/2006,1272.00354,1277.708396,1266.259745,1271.253569
6/29/2006,1274.694458,1279.073316,1271.343514,1275.971386
6/30/2006,1310.212036,1311.565987,1301.654385,1311.135096
7/3/2006,1327.703369,1327.703369,1308.803103,1310.528012
7/4/2006,1337.81604,1341.315904,1332.956244,1338.24095
7/5/2006,1338.270996,1345.590658,1333.3072,1334.184119
7/6/2006,1339.968872,1339.968872,1318.109737,1327.619377
7/7/2006,1347.852661,1350.663465,1340.859891,1347.161648
7/10/2006,1339.777832,1351.241375,1335.66703,1338.56096
7/11/2006,1343.892578,1349.225378,1339.788734,1339.82279
7/12/2006,1345.814575,1355.132328,1341.468797,1348.107577
7/13/2006,1333.977173,1349.820551,1329.95731,1343.349733
7/14/2006,1303.53418,1316.967738,1298.108488,1303.669184
7/17/2006,1283.898926,1292.136642,1279.620162,1290.385733
7/18/2006,1286,1294.106618,1281.622119,1288.721818
7/19/2006,1280.446167,1294.522646,1277.553335,1293.748628
7/20/2006,1315.538696,1315.538696,1300.673309,1307.235065
7/21/2006,1314.525879,1314.861803,1302.66135,1302.66135
7/24/2006,1303.099243,1303.379262,1295.393489,1303.379262
7/25/2006,1307.724121,1316.754775,1302.438316,1315.257763
7/26/2006,1312.778931,1315.955809,1307.227144,1308.373096
7/27/2006,1330.540161,1334.953929,1314.164701,1317.478659
7/28/2006,1337.358032,1337.358032,1332.378245,1334.779153
7/31/2006,1351.596436,1351.640379,1342.629744,1351.640379
8/1/2006,1371.639526,1372.161479,1350.952344,1352.687262
8/2/2006,1394.309692,1394.309692,1368.517728,1368.517728
8/3/2006,1379.661255,1400.686437,1376.386358,1400.216485
8/4/2006,1389.29895,1391.057915,1381.247262,1381.247262
8/7/2006,1403.435425,1408.332207,1392.473815,1392.473815
8/8/2006,1396.028564,1409.641071,1393.285629,1407.099178
8/9/2006,1413.045044,1413.735081,1392.044884,1393.699849
8/10/2006,1384.802124,1419.16883,1383.942172,1410.883141
8/11/2006,1402.136475,1405.533315,1396.933674,1396.933674
8/14/2006,1415.168945,1415.168945,1399.534544,1407.169257
8/15/2006,1424.183472,1424.183472,1415.518771,1415.746789
8/16/2006,1437.711914,1441.899861,1429.17233,1437.672975
8/22/2006,1434.973145,1441.400873,1425.13344,1438.235957
8/23/2006,1438.574951,1438.574951,1430.224324,1430.500314
8/24/2006,1429.428467,1436.557218,1424.844661,1427.004611
8/25/2006,1416.874878,1432.001242,1410.746088,1431.470257
8/28/2006,1417.948853,1429.51432,1414.813965,1418.384749
8/29/2006,1432.875244,1432.875244,1418.704775,1424.91657
8/30/2006,1425.169434,1436.883943,1420.647637,1435.490076
8/31/2006,1431.206299,1432.911311,1424.151642,1431.848364
9/1/2006,1444.433838,1444.433838,1431.48732,1431.48732
9/4/2006,1469.501831,1469.501831,1449.646646,1455.376404
9/5/2006,1468.180908,1472.966733,1461.644175,1472.966733
9/6/2006,1472.505737,1472.505737,1463.695045,1469.647816
9/7/2006,1470.408691,1470.408691,1456.294251,1460.466085
9/8/2006,1466.518921,1467.661821,1457.953215,1462.322063
9/11/2006,1447.197632,1464.473936,1441.940757,1464.473936
9/12/2006,1435.151123,1444.782706,1417.183805,1444.782706
9/13/2006,1451.02356,1457.240359,1443.432912,1446.204777
9/14/2006,1461.234985,1461.941012,1454.21524,1458.432116
9/15/2006,1465.644043,1465.644043,1455.280432,1457.532298
9/18/2006,1474.200562,1474.200562,1462.38901,1466.573784
9/19/2006,1485.29126,1487.16814,1473.166731,1473.166731
9/20/2006,1479.249512,1483.831365,1471.328799,1471.328799
9/21/2006,1507.306396,1507.306396,1482.354364,1482.557359
9/22/2006,1510.766113,1515.352971,1500.449621,1500.449621
9/25/2006,1506.697388,1506.697388,1495.955862,1503.545533
9/26/2006,1500.046509,1510.362147,1492.707806,1509.644157
9/27/2006,1522.999756,1522.999756,1509.96828,1509.96828
9/28/2006,1533.740356,1533.740356,1520.754778,1525.977597
9/29/2006,1534.555298,1534.555298,1526.184652,1532.043433
10/2/2006,1528.847412,1533.678279,1522.354623,1531.924319
10/3/2006,1537.650146,1537.650146,1520.848798,1521.497821
10/4/2006,1537.025146,1537.555155,1515.405016,1534.981281
10/5/2006,1544.917969,1549.396799,1534.908348,1547.2659
10/6/2006,1549.568726,1560.172317,1547.109837,1547.474813
10/9/2006,1543.363892,1551.077581,1533.990355,1549.219743
10/10/2006,1554.856323,1554.856323,1540.839902,1540.839902
10/11/2006,1553.058594,1563.19919,1548.449764,1554.370554
10/12/2006,1549.474731,1553.961495,1539.607073,1549.837632
10/13/2006,1572.136841,1572.914765,1555.530431,1555.530431
10/16/2006,1561.72522,1579.443524,1555.493407,1578.01255
10/17/2006,1566.762939,1566.901972,1561.289154,1562.082092
10/18/2006,1564.488037,1565.224092,1556.886404,1559.136317
10/19/2006,1568.533936,1572.898756,1564.930072,1567.434979
10/20/2006,1572.78479,1572.78479,1565.093195,1569.929921
10/30/2006,1580.127441,1583.034311,1568.679889,1569.97293
10/31/2006,1582.564453,1588.469253,1574.987721,1581.052549
11/1/2006,1589.806274,1589.858274,1576.373813,1582.637486
11/2/2006,1607.633423,1607.633423,1582.712397,1585.791256
11/3/2006,1612.860107,1616.932947,1606.502323,1607.750321
11/6/2006,1640.78418,1649.373811,1612.062275,1612.062275
11/7/2006,1654.087646,1664.35629,1644.255021,1657.50951
11/8/2006,1646.001953,1655.120617,1642.020052,1652.247682
11/9/2006,1660.199341,1660.199341,1644.552856,1644.703851
11/10/2006,1664.772217,1673.059858,1655.229498,1661.480353
11/13/2006,1639.206299,1659.340526,1636.484359,1659.340526
11/14/2006,1672.005859,1672.005859,1648.170729,1648.170729
11/15/2006,1670.045044,1680.487631,1664.790243,1679.798693
11/16/2006,1668.759033,1673.413881,1660.102388,1673.087844
11/17/2006,1672.042847,1678.724593,1666.332986,1668.948973
11/20/2006,1683.940552,1684.665499,1665.230341,1666.809259
11/21/2006,1681.274536,1684.305424,1672.876914,1684.305424
11/22/2006,1705.374634,1705.374634,1686.580322,1686.580322
11/23/2006,1704.063721,1708.987479,1696.583055,1708.886531
11/24/2006,1717.663086,1718.236062,1698.413836,1702.49168
11/27/2006,1728.865723,1738.338377,1716.418209,1722.557985
11/28/2006,1691.018188,1716.151244,1690.104284,1710.925373
11/29/2006,1713.330322,1713.330322,1696.871978,1710.155519
11/30/2006,1718.894165,1737.348403,1715.186302,1725.87778
12/1/2006,1734.682495,1735.505461,1719.969078,1720.086017
12/4/2006,1731.167603,1734.555532,1726.23176,1734.555532
12/5/2006,1776.688965,1776.688965,1740.891285,1740.891285
12/6/2006,1784.358521,1801.570863,1779.36079,1784.997534
12/7/2006,1782.046509,1786.641422,1772.121969,1779.080682
12/8/2006,1775.215942,1781.256723,1770.622127,1778.398802
12/11/2006,1759.604492,1781.122698,1751.821836,1776.827821
12/12/2006,1754.509644,1759.4865,1741.553117,1757.224504
12/13/2006,1753.729614,1758.093458,1742.110072,1753.82568
12/14/2006,1767.733154,1767.733154,1751.255769,1756.503611
12/15/2006,1792.094116,1792.094116,1777.857732,1783.11949
12/18/2006,1787.550537,1795.821212,1776.866016,1793.229272
12/19/2006,1736.602539,1781.994695,1719.27521,1778.615921
12/20/2006,1766.730103,1773.917933,1762.588296,1763.825309
12/21/2006,1789.016479,1789.016479,1767.177241,1767.177241
12/22/2006,1785.690552,1789.07543,1778.725857,1784.227596
12/26/2006,1783.909546,1787.608376,1781.923661,1784.264513
12/27/2006,1803.193848,1803.193848,1788.575398,1788.575398
12/28/2006,1805.452637,1814.186305,1800.581855,1812.952345
1/2/2007,1836.448608,1836.448608,1813.379437,1813.379437
1/3/2007,1834.637573,1837.003448,1829.527787,1831.998638
1/4/2007,1824.032104,1843.277328,1820.747198,1839.488535
1/5/2007,1832.478638,1832.478638,1813.831293,1817.495213
1/8/2007,1813.323486,1818.756258,1804.257799,1817.941227
1/9/2007,1780.811646,1823.023015,1770.526035,1821.225111
1/10/2007,1710.300415,1747.203032,1703.588762,1746.43109
1/11/2007,1703.77771,1732.019653,1698.770947,1729.328718
1/12/2007,1677.978638,1711.141409,1627.698612,1711.141409
1/15/2007,1730.407593,1730.407593,1694.093089,1694.093089
1/16/2007,1754.225586,1755.667546,1737.108333,1741.733153
1/17/2007,1758.414673,1761.347542,1753.197835,1755.090827
1/18/2007,1777.638794,1783.583509,1764.848276,1764.848276
1/19/2007,1795.489136,1795.489136,1768.587228,1775.422899
1/22/2007,1817.338379,1817.338379,1801.281997,1804.50587
1/23/2007,1808.504517,1811.628418,1789.22829,1811.628418
1/24/2007,1805.621704,1819.241169,1798.21794,1815.443343
1/25/2007,1773.886963,1805.311642,1763.991352,1804.048752
1/26/2007,1759.137573,1759.137573,1736.251379,1747.34897
1/29/2007,1764.92627,1771.047003,1755.980573,1755.980573
1/30/2007,1765.453247,1773.914954,1753.379742,1771.507089
1/31/2007,1757.189697,1767.668294,1742.491172,1767.668294
2/1/2007,1771.25708,1772.144008,1754.050719,1765.798186
2/2/2007,1780.311646,1786.331431,1771.395977,1774.732883
2/5/2007,1768.470093,1775.996899,1762.468373,1770.752108
2/6/2007,1761.224487,1770.312147,1757.31668,1764.576408
2/7/2007,1764.840332,1772.981006,1753.124724,1758.653561
2/8/2007,1751.250854,1759.175595,1740.336362,1759.078553
2/9/2007,1740.249268,1744.285121,1732.198556,1742.828147
2/12/2007,1734.394531,1745.479061,1722.687956,1727.027753
2/13/2007,1727.292725,1742.226103,1721.714939,1734.145485
2/14/2007,1750.917847,1761.094453,1744.619142,1753.108801
2/15/2007,1790.335205,1790.335205,1774.484749,1774.484749
2/16/2007,1794.293213,1802.930816,1789.780327,1793.799214
2/19/2007,1799.2229,1804.400677,1794.618099,1798.388948
2/20/2007,1806.411743,1806.411743,1794.068107,1799.053021
2/21/2007,1816.495483,1817.832346,1806.470848,1813.542595
2/22/2007,1808.370605,1824.920864,1802.309806,1819.300111
2/23/2007,1791.483154,1807.184569,1784.817398,1807.184569
2/26/2007,1783.881592,1790.818211,1774.287971,1790.412343
2/27/2007,1763.939331,1794.104049,1760.908443,1788.614273
2/28/2007,1740.903198,1740.903198,1664.139218,1672.167958
3/1/2007,1759.421509,1774.418972,1750.561868,1752.045819
3/2/2007,1759.950562,1765.045334,1751.979802,1752.648844
3/5/2007,1698.753784,1739.759267,1692.152113,1728.17671
3/6/2007,1732.370605,1733.923524,1706.89955,1714.754347
3/7/2007,1743.121094,1755.229631,1737.813317,1745.593043
3/8/2007,1771.489014,1774.078879,1747.223967,1747.223967
3/9/2007,1764.513306,1783.97556,1759.755434,1781.983572
3/12/2007,1794.452148,1794.452148,1770.499101,1770.499101
3/13/2007,1797.332031,1798.553053,1786.469417,1798.482987
3/14/2007,1762.215454,1776.553885,1757.007649,1757.085649
3/15/2007,1776.29187,1785.654543,1770.95907,1778.144825
3/16/2007,1777.820801,1786.870375,1771.627072,1776.252869
3/20/2007,1775.353882,1792.1523,1768.83021,1790.870246
3/21/2007,1779.167847,1781.168745,1767.954172,1775.622941
3/22/2007,1808.995605,1808.995605,1790.196289,1794.786076
3/23/2007,1805.890747,1813.361403,1801.04389,1813.361403
3/26/2007,1813.647461,1813.647461,1803.90785,1805.519725
3/27/2007,1819.589111,1824.887855,1812.404333,1819.20607
3/28/2007,1800.321899,1811.13349,1794.04419,1811.13349
3/29/2007,1817.648193,1817.648193,1787.119353,1787.392414
3/30/2007,1830.852661,1833.343653,1823.591958,1830.148709
4/2/2007,1849.312012,1852.896833,1837.109484,1837.109484
4/3/2007,1894.502319,1894.502319,1859.037635,1859.037635
4/4/2007,1921.976196,1930.1978,1915.650393,1924.212071
4/5/2007,1895.537231,1926.573012,1889.026498,1925.294131
4/9/2007,1913.6604,1914.815385,1903.994761,1908.973571
4/10/2007,1925.395996,1926.461018,1910.435641,1914.779466
4/11/2007,1930.96875,1939.694484,1919.61824,1931.625829
4/12/2007,1930.321899,1933.214853,1911.063615,1911.680657
4/13/2007,1941.076416,1944.399285,1934.042754,1936.789596
4/16/2007,1963.745605,1963.812619,1951.353021,1954.418942
4/17/2007,1965.36145,1975.123033,1957.932784,1973.032172
4/18/2007,1959.600708,1974.252115,1956.157849,1970.056356
4/19/2007,1918.278442,1951.462089,1912.651586,1948.364187
4/20/2007,1968.654297,1968.654297,1935.761657,1941.415367
4/23/2007,1986.64978,1993.738494,1978.272054,1986.420785
4/24/2007,1981.492798,1992.780444,1976.502025,1982.006816
4/25/2007,1986.59375,1986.610717,1971.934286,1975.091146
4/26/2007,2015.954346,2018.127357,1996.587181,1999.115037
4/27/2007,2019.597412,2019.597412,2002.027051,2010.581772
4/30/2007,1999.089233,2020.931401,1993.473485,2016.894571
5/1/2007,2001.100098,2007.181892,1990.548506,1995.089345
5/2/2007,2008.480713,2015.952468,1987.807568,2011.34669
5/3/2007,2025.565186,2030.764934,2018.86342,2020.085296
5/4/2007,2033.28894,2042.388562,2024.459206,2037.712719
5/7/2007,2036.961792,2042.017626,2027.904161,2040.679665
5/8/2007,2022.711304,2033.455881,2014.473587,2033.316848
5/9/2007,2037.898682,2039.492614,2011.117742,2015.051549
5/10/2007,2046.951294,2049.45315,2035.375695,2044.346415
5/11/2007,2022.218384,2028.388188,2012.74573,2016.618626
5/14/2007,2044.13147,2048.722233,2031.081929,2046.597316
5/15/2007,2037.703613,2049.54617,2030.619905,2048.154134
5/16/2007,2063.682617,2063.682617,2034.020808,2037.303761
5/21/2007,2071.191406,2071.572495,2055.808948,2071.390373
5/22/2007,2078.672852,2078.672852,2065.703387,2071.381144
5/23/2007,2104.164063,2111.744578,2083.138759,2083.138759
5/24/2007,2078.523926,2098.387165,2073.149135,2094.800391
5/25/2007,2060.35376,2060.35376,2043.882356,2051.419049
5/28/2007,2076.677002,2080.776695,2061.054565,2073.417119
5/29/2007,2058.655762,2078.935,2052.230964,2076.360881
5/30/2007,2055.315918,2065.421481,2043.215437,2054.334999
5/31/2007,2084.24292,2084.24292,2068.555542,2076.671193
6/4/2007,2111.669922,2113.278014,2094.448667,2100.602481
6/5/2007,2093.028809,2117.476834,2084.089947,2111.151884
6/6/2007,2102.362061,2112.432468,2084.970649,2086.316544
6/7/2007,2093.729736,2105.522247,2082.274126,2084.272096
6/8/2007,2054.370117,2067.438701,2045.497537,2057.242076
6/11/2007,2083.947998,2083.947998,2068.021616,2071.20655
6/12/2007,2108.498047,2112.090925,2089.015651,2089.015651
6/13/2007,2088.519775,2091.505499,2079.995937,2087.399702
6/14/2007,2108.330078,2113.308888,2096.762413,2107.650905
6/15/2007,2120.557373,2122.812412,2108.170892,2122.613445
6/18/2007,2126.4104,2137.372133,2113.438003,2135.523084
6/19/2007,2142.102783,2142.102783,2116.691661,2116.691661
6/20/2007,2160.989746,2160.989746,2139.926602,2139.926602
6/21/2007,2152.256348,2162.22886,2141.115668,2149.907318
6/22/2007,2152.237305,2156.885073,2135.590003,2155.542108
6/25/2007,2152.119141,2152.119141,2138.874783,2144.033518
6/26/2007,2153.458252,2167.366647,2143.716687,2152.93337
6/27/2007,2125.255371,2146.674705,2107.224089,2146.674705
6/28/2007,2112.769043,2133.116153,2088.411834,2131.370127
6/29/2007,2139.194824,2139.497791,2109.788986,2118.000581
7/2/2007,2167.73584,2167.73584,2140.538899,2140.538899
7/3/2007,2189.033447,2191.89149,2168.414379,2168.414379
7/4/2007,2196.019531,2196.969445,2184.011942,2191.05073
7/5/2007,2220.844482,2220.844482,2199.512305,2199.512305
7/6/2007,2226.964355,2226.964355,2215.756784,2219.807652
7/9/2007,2271.255615,2272.630562,2235.429128,2235.429128
7/10/2007,2282.290283,2284.941303,2267.652912,2281.813495
7/11/2007,2273.328613,2276.609492,2252.31234,2256.198176
7/12/2007,2284.827148,2298.279506,2278.515382,2284.967036
7/13/2007,2301.511719,2319.813987,2293.255936,2318.943903
7/16/2007,2286.128906,2313.568755,2277.868242,2307.964969
7/17/2007,2301.252686,2301.252686,2282.258306,2282.954324
7/18/2007,2294.501709,2296.555584,2284.981084,2296.555584
7/19/2007,2333.592285,2333.592285,2290.788775,2291.295836
7/20/2007,2366.303711,2366.303711,2337.399809,2346.526406
7/23/2007,2380.117188,2380.117188,2344.03168,2344.102722
7/24/2007,2401.050537,2401.050537,2373.856528,2385.431028
7/25/2007,2394.47168,2395.706739,2375.688476,2375.992419
7/26/2007,2365.170654,2405.869017,2354.63713,2399.619261
7/27/2007,2298.324707,2329.380384,2281.774325,2301.271614
7/30/2007,2301.462646,2306.799353,2268.57989,2291.69911
7/31/2007,2348.581543,2348.581543,2323.093523,2328.2193
8/1/2007,2256.220459,2322.70689,2242.192928,2318.608905
8/2/2007,2270.765625,2296.209703,2224.407322,2288.796906
8/3/2007,2269.702637,2294.641607,2259.007985,2292.124859
8/6/2007,2189.021484,2210.39272,2161.84359,2210.39272
8/7/2007,2173.986328,2222.945358,2166.725625,2216.946568
8/8/2007,2262.547852,2263.411832,2199.370381,2199.370381
8/9/2007,2241.314941,2298.514621,2233.492248,2296.125798
8/10/2007,2207.310059,2207.310059,2155.836965,2157.553939
8/13/2007,2211.368896,2211.368896,2185.82082,2207.330968
8/14/2007,2168.553711,2200.847623,2159.261103,2200.847623
8/15/2007,2029.004028,2121.854418,2019.558351,2121.854418
8/16/2007,1908.560791,1936.470716,1863.292532,1936.470716
8/20/2007,2041.504517,2042.640459,1999.651165,2008.229811
8/21/2007,1992.929443,2063.154861,1987.376681,2041.09859
8/22/2007,2062.910645,2062.910645,1999.028122,2007.258881
8/23/2007,2117.577393,2139.224742,2104.341092,2117.772453
8/24/2007,2143.025635,2143.025635,2092.885737,2107.078057
8/27/2007,2175.268311,2180.449994,2162.674807,2174.715354
8/28/2007,2159.524658,2177.298135,2147.970177,2167.067577
8/29/2007,2134.799805,2134.799805,2085.762655,2085.762655
8/30/2007,2150.631592,2172.206682,2145.209683,2164.739931
8/31/2007,2194.253662,2194.253662,2151.04221,2157.034897
9/3/2007,2213.487793,2214.318815,2192.70369,2194.340589
9/4/2007,2215.030762,2226.907253,2202.100357,2211.90393
9/5/2007,2214.535889,2230.583116,2193.27573,2228.256302
9/6/2007,2220.690674,2220.690674,2194.958521,2196.977485
9/7/2007,2239.813721,2243.116815,2228.613229,2229.531162
9/10/2007,2209.555908,2210.872751,2195.065262,2201.914116
9/11/2007,2211.326904,2220.816525,2204.889167,2211.010755
9/12/2007,2209.844727,2227.322072,2194.17151,2223.355186
9/13/2007,2222.659668,2222.659668,2199.526534,2212.593897
9/14/2007,2225.520508,2234.184234,2219.994843,2234.184234
9/17/2007,2223.134521,2236.038073,2209.712192,2230.311244
9/18/2007,2239.774902,2239.774902,2217.137844,2217.137844
9/19/2007,2313.249023,2313.249023,2275.885488,2293.857689
9/20/2007,2304.54126,2330.945016,2303.741242,2320.921481
9/21/2007,2335.39624,2335.39624,2295.782791,2296.358696
9/24/2007,2353.53833,2353.53833,2325.23865,2336.136175
9/25/2007,2330.272461,2348.449733,2323.282742,2341.019114
9/26/2007,2360.921143,2360.921143,2335.483167,2336.647184
9/27/2007,2378.737305,2380.98917,2369.347534,2377.833287
9/28/2007,2359.114258,2385.142298,2354.939371,2380.226473
10/1/2007,2399.362549,2399.362549,2366.522764,2366.522764
10/2/2007,2464.847412,2464.847412,2418.224222,2425.669734
10/3/2007,2451.490479,2498.695672,2440.917892,2474.959535
10/4/2007,2473.058594,2478.408239,2439.56283,2439.56283
10/5/2007,2500.483643,2504.346529,2476.456502,2477.519449
10/8/2007,2523.602783,2533.41246,2508.647554,2515.441235
10/9/2007,2546.508789,2546.508789,2509.548314,2512.306263
10/10/2007,2591.38208,2592.224088,2562.145425,2562.347321
10/11/2007,2638.110352,2638.110352,2599.493933,2599.493933
10/17/2007,2641.487061,2641.487061,2602.70537,2611.178184
10/18/2007,2616.638184,2661.16941,2612.189382,2652.337722
10/19/2007,2563.652344,2609.780678,2548.435894,2601.321046
10/22/2007,2453.115234,2503.356438,2446.661629,2471.039584
10/23/2007,2553.699463,2555.731366,2485.786096,2485.786096
10/24/2007,2524.882568,2597.249866,2518.928943,2585.809149
10/25/2007,2596.562012,2596.669918,2544.297933,2552.394542
10/26/2007,2624.329834,2655.056666,2607.994532,2615.765226
10/29/2007,2667.428223,2674.98286,2654.711676,2655.273666
10/30/2007,2662.818359,2689.811204,2654.251555,2664.049268
10/31/2007,2643.384033,2646.52478,2617.930924,2635.473209
11/1/2007,2704.551758,2732.559701,2692.406234,2692.406234
11/2/2007,2710.511475,2717.473362,2636.749452,2638.618276
11/5/2007,2652.375,2727.810058,2639.849363,2710.781667
11/6/2007,2681.797852,2681.797852,2660.245711,2667.128256
11/7/2007,2713.872314,2723.941014,2687.700238,2708.769486
11/8/2007,2678.119873,2680.197673,2640.044207,2657.234456
11/9/2007,2707.561768,2707.561768,2663.448492,2674.830129
11/12/2007,2671.798096,2701.861867,2649.851929,2663.639234
11/13/2007,2654.10498,2678.513945,2630.759939,2669.12637
11/14/2007,2691.766357,2714.100449,2676.006961,2696.845994
11/15/2007,2705.714844,2716.593327,2678.66487,2694.054164
11/16/2007,2668.600342,2689.457441,2647.543055,2670.556076
11/19/2007,2646.709961,2685.531448,2636.802388,2679.546573
11/20/2007,2624.76001,2630.688734,2550.929872,2583.740609
11/21/2007,2563.521484,2632.056663,2548.894855,2608.581745
11/22/2007,2569.413818,2571.589759,2526.851512,2542.180993
11/23/2007,2584.246094,2595.435843,2574.546521,2589.785917
11/26/2007,2647.940918,2647.940918,2617.038068,2617.038068
11/27/2007,2627.851807,2634.388417,2604.727707,2604.727707
11/28/2007,2671.791016,2671.791016,2639.563266,2646.483895
11/29/2007,2699.71167,2737.706283,2693.017107,2731.726535
11/30/2007,2688.227295,2733.833428,2686.393382,2709.927377
12/3/2007,2726.819092,2726.819092,2697.725252,2703.611009
12/4/2007,2752.835938,2752.835938,2707.244695,2720.674104
12/5/2007,2767.950439,2767.950439,2733.150768,2749.876924
12/6/2007,2795.290039,2802.565879,2779.158831,2802.430874
12/7/2007,2778.838867,2818.425217,2771.390182,2817.176242
12/10/2007,2790.156006,2814.339144,2776.907744,2782.578421
12/11/2007,2810.852539,2810.852539,2790.591365,2804.982894
12/12/2007,2795.730225,2798.714972,2776.871828,2776.871828
12/13/2007,2755.621826,2800.753127,2748.613066,2799.026144
12/14/2007,2739.954346,2752.945783,2719.391182,2752.945783
12/17/2007,2664.814209,2731.676596,2645.211945,2731.676596
12/18/2007,2646.125,2674.048962,2628.971615,2644.757133
12/19/2007,2657.873535,2672.083919,2643.201987,2667.666123
12/26/2007,2714.442383,2714.442383,2682.100625,2689.721178
12/27/2007,2739.597412,2739.597412,2717.219133,2721.467991
12/28/2007,2745.718994,2745.718994,2723.877804,2726.284937
1/2/2008,2731.400879,2740.212548,2709.056777,2739.479422
1/3/2008,2714.958984,2717.726943,2697.545601,2706.436368
1/4/2008,2765.082275,2769.321124,2716.990154,2716.990154
1/7/2008,2776.301758,2776.673814,2732.326664,2732.326664
1/8/2008,2785.516846,2800.187175,2771.693408,2783.498858
1/9/2008,2830.152832,2830.152832,2771.961248,2771.961248
1/14/2008,2810.262695,2838.365605,2788.511589,2831.142742
1/15/2008,2729.924805,2838.159608,2713.415437,2829.595976
1/16/2008,2592.210205,2661.399408,2556.932525,2658.955656
1/17/2008,2649.176025,2649.176025,2558.318475,2617.594246
1/18/2008,2611.030518,2633.01062,2542.850064,2546.610904
1/21/2008,2485.782227,2597.144106,2461.042222,2576.685673
1/22/2008,2294.43457,2375.789556,2229.732256,2375.789556
1/23/2008,2476.181641,2490.130072,2386.950985,2441.020901
1/24/2008,2516.603027,2547.004921,2474.936679,2515.153133
1/25/2008,2620.391113,2620.391113,2561.850419,2566.017249
1/28/2008,2581.948486,2607.618385,2561.184159,2569.73778
1/29/2008,2607.741455,2630.416597,2591.696182,2624.931704
1/30/2008,2610.257324,2636.731392,2581.884649,2631.000658
1/31/2008,2627.148682,2627.148682,2586.347292,2608.652332
2/1/2008,2646.718018,2660.640327,2613.403152,2657.056482
2/4/2008,2701.523682,2719.123094,2679.834585,2684.016551
2/5/2008,2704.141846,2725.007977,2685.183599,2687.317549
2/6/2008,2638.984375,2640.934495,2608.486537,2615.737476
2/11/2008,2589.28125,2639.012224,2573.306774,2624.935867
2/12/2008,2591.969238,2626.760854,2581.763581,2623.304933
2/13/2008,2610.679443,2631.992579,2604.145762,2626.867778
2/14/2008,2675.541016,2675.541016,2652.522867,2654.87385
2/15/2008,2688.086182,2688.086182,2641.770115,2641.770115
2/18/2008,2684.597168,2707.357266,2673.261673,2701.817688
2/19/2008,2711.766602,2713.073436,2700.990898,2711.586433
2/20/2008,2689.151367,2714.334224,2674.138768,2713.113325
2/21/2008,2734.103516,2734.103516,2707.166576,2715.095222
2/22/2008,2741.074219,2741.732396,2718.355132,2718.355132
2/25/2008,2751.755127,2767.738393,2744.931418,2763.823506
2/26/2008,2738.765381,2773.326046,2732.531493,2772.080978
2/27/2008,2740.03125,2764.449245,2730.683714,2764.449245
2/28/2008,2756.206787,2756.987763,2738.551468,2738.551468
2/29/2008,2721.838135,2749.370022,2712.113416,2745.356018
3/3/2008,2652.208984,2689.555434,2641.89835,2651.772966
3/4/2008,2634.649414,2681.841669,2609.211439,2679.295626
3/5/2008,2639.549561,2645.813233,2611.602648,2636.010636
3/6/2008,2656.352539,2670.915936,2647.400739,2669.150868
3/10/2008,2527.768311,2594.487875,2514.817888,2594.487875
3/11/2008,2523.435791,2523.435791,2446.133866,2502.791574
3/12/2008,2556.142334,2602.547508,2542.262992,2599.308621
3/13/2008,2440.49707,2528.727524,2432.739316,2522.385729
3/14/2008,2383.327148,2475.233727,2381.733216,2473.937635
3/17/2008,2312.231201,2312.231201,2239.641004,2274.509522
3/18/2008,2339.703613,2339.703613,2242.511605,2336.5199
3/19/2008,2323.475342,2389.905858,2301.634396,2389.905858
3/24/2008,2339.202637,2339.202637,2291.068529,2319.510534
3/25/2008,2419.521729,2419.521729,2361.501039,2366.895849
3/26/2008,2440.544922,2459.218267,2402.919433,2417.174982
3/27/2008,2451.254639,2451.254639,2405.052336,2418.340881
3/28/2008,2477.489502,2477.489502,2447.998707,2450.703679
3/31/2008,2447.203857,2476.482748,2429.93036,2467.756036
4/1/2008,2393.155762,2465.725932,2343.031738,2463.644958
4/2/2008,2342.097656,2432.896118,2331.765051,2432.896118
4/3/2008,2237.883789,2350.923332,2220.920583,2349.207578
4/4/2008,2276.996338,2277.06738,2239.71483,2261.883889
4/7/2008,2286.708008,2290.787683,2251.967174,2286.508797
4/8/2008,2249.682373,2279.558162,2244.081517,2274.071315
4/9/2008,2180.004395,2267.990966,2171.52157,2248.760512
4/10/2008,2235.846924,2235.846924,2167.5615,2167.5615
4/11/2008,2303.839355,2303.839355,2253.98729,2264.014977
4/14/2008,2272.387695,2278.932363,2243.004805,2245.554755
4/15/2008,2294.167725,2305.61723,2278.887314,2287.309837
4/16/2008,2337.832275,2337.832275,2312.998035,2316.885091
4/17/2008,2341.688721,2374.193313,2325.704237,2370.828454
4/18/2008,2349.17749,2362.699912,2339.306781,2343.137687
4/21/2008,2335.798096,2386.970178,2325.86855,2386.970178
4/22/2008,2289.006836,2319.402625,2279.285291,2318.385819
4/23/2008,2314.211914,2314.211914,2269.467562,2287.712946
4/24/2008,2269.891602,2329.711294,2265.802894,2329.711294
4/25/2008,2240.490723,2279.614201,2231.571148,2279.614201
4/28/2008,2254.220459,2257.200324,2222.632576,2250.327544
4/29/2008,2303.436279,2305.056333,2272.152584,2274.135661
4/30/2008,2304.42627,2304.42627,2277.320149,2300.830218
5/5/2008,2387.893311,2387.893311,2354.813541,2360.839186
5/6/2008,2371.734619,2395.532765,2366.312955,2386.357097
5/7/2008,2382.606201,2388.511001,2367.496926,2378.521399
5/8/2008,2376.840576,2376.840576,2345.78075,2360.283115
5/9/2008,2374.934814,2382.00534,2360.815246,2380.773455
5/12/2008,2377.910156,2382.398018,2357.453923,2365.93162
5/13/2008,2418.805664,2426.176471,2388.584918,2393.32277
5/14/2008,2449.242676,2459.50131,2424.148681,2424.148681
5/15/2008,2449.71582,2469.176001,2439.753073,2468.129167
5/16/2008,2468.744141,2473.456848,2459.714462,2462.081314
5/21/2008,2494.611816,2508.125206,2472.570683,2481.465356
5/22/2008,2503.854492,2503.854492,2452.3875,2456.591438
5/23/2008,2465.859131,2516.165035,2447.8237,2513.558203
5/26/2008,2419.632813,2447.440567,2412.514926,2423.464695
5/27/2008,2396.905518,2446.945558,2387.155898,2421.980467
5/28/2008,2433.674316,2433.674316,2390.17601,2416.081984
5/29/2008,2446.858887,2455.459382,2426.807665,2455.459382
5/30/2008,2444.25415,2454.885573,2433.434502,2450.064716
6/2/2008,2427.673584,2460.955248,2422.840764,2447.536825
6/3/2008,2403.720459,2423.943793,2378.192399,2405.373471
6/4/2008,2362.49585,2406.78929,2356.76829,2405.417273
6/5/2008,2399.583496,2399.583496,2349.098403,2357.949132
6/6/2008,2402.142578,2437.318211,2397.771655,2432.688264
6/9/2008,2409.983154,2410.785125,2352.50956,2352.50956
6/10/2008,2373.724609,2425.501649,2360.232214,2425.501649
6/11/2008,2374.692627,2389.497227,2361.588156,2382.338326
6/12/2008,2408.914307,2408.914307,2344.959764,2344.959764
6/13/2008,2398.323486,2415.838917,2390.001789,2407.814083
6/16/2008,2397.94751,2419.163723,2389.752761,2411.762889
6/17/2008,2377.883301,2399.86633,2366.773627,2397.676474
6/18/2008,2364.488037,2390.21604,2360.987197,2378.746515
6/19/2008,2372.969727,2376.308464,2350.670545,2350.670545
6/20/2008,2371.683594,2386.08611,2353.776332,2376.004471
6/23/2008,2362.651855,2366.636808,2350.909393,2352.366367
6/24/2008,2365.285645,2369.66145,2353.403296,2362.112917
6/25/2008,2341.270752,2361.439887,2327.208312,2360.253898
6/26/2008,2350.800537,2366.110732,2338.30786,2353.349266
6/27/2008,2332.024414,2344.565919,2316.339965,2321.159846
6/30/2008,2349.013428,2349.013428,2333.502069,2333.502069
7/1/2008,2378.715332,2384.406028,2359.909913,2361.38593
7/2/2008,2378.381348,2394.077513,2366.937702,2379.641064
7/3/2008,2286.521973,2323.311555,2275.464298,2323.311555
7/4/2008,2314.660889,2315.948924,2296.355693,2305.4403
7/7/2008,2303.728516,2320.515705,2289.513004,2317.034883
7/8/2008,2278.884277,2306.079265,2263.682964,2292.286832
7/9/2008,2285.936768,2308.69589,2273.645255,2302.120219
7/10/2008,2276.142334,2276.142334,2241.834832,2267.836749
7/11/2008,2276.764404,2284.871022,2259.182081,2284.871022
7/14/2008,2259.452148,2283.12115,2251.24446,2265.064967
7/15/2008,2214.765869,2244.938523,2203.815123,2237.437838
7/16/2008,2218.038574,2244.10958,2211.082791,2244.10958
7/17/2008,2167.628662,2251.805567,2156.696226,2251.805567
7/18/2008,2141.051758,2168.302651,2129.318083,2163.813812
7/21/2008,2194.981445,2194.981445,2152.939137,2168.843547
7/22/2008,2212.667725,2216.219588,2190.605596,2194.431618
7/23/2008,2225.757568,2238.586172,2201.429411,2237.013235
7/24/2008,2256.966309,2256.966309,2200.408446,2215.580953
7/25/2008,2245.256592,2245.256592,2222.398595,2223.032359
7/28/2008,2275.587402,2279.659265,2249.04742,2252.306327
7/29/2008,2278.595459,2278.595459,2249.450596,2254.240205
7/31/2008,2304.418213,2322.315464,2297.873302,2307.347054
8/1/2008,2248.662354,2282.928108,2241.347697,2282.928108
8/4/2008,2227.588379,2233.424089,2214.429955,2232.486138
8/5/2008,2185.533936,2227.588453,2153.647236,2227.588453
8/6/2008,2187.118896,2208.371975,2172.248382,2206.441142
8/7/2008,2198.925537,2198.925537,2180.528303,2188.957907
8/8/2008,2195.840576,2210.031918,2184.207972,2201.169226
8/11/2008,2133.83667,2198.437177,2124.210092,2198.437177
8/12/2008,2057.498779,2126.644029,2042.424295,2121.305126
8/13/2008,2063.440674,2076.989219,2035.511707,2035.930758
8/14/2008,2106.560059,2106.560059,2077.235029,2088.905717
8/15/2008,2085.06665,2100.318985,2067.509474,2086.674742
8/19/2008,2042.418579,2080.057007,2036.630718,2060.554836
8/20/2008,2069.617676,2072.534555,2055.319158,2062.562041
8/21/2008,2088.169678,2098.85017,2078.401992,2079.66415
8/22/2008,2120.408447,2127.128156,2109.366885,2117.814554
8/25/2008,2127.141602,2127.141602,2097.47454,2111.315067
8/26/2008,2107.466064,2119.340602,2099.476385,2105.35311
8/27/2008,2130.97998,2130.97998,2113.229695,2113.229695
8/28/2008,2144.764404,2154.23718,2136.057956,2142.721515
8/29/2008,2165.858887,2165.858887,2140.772704,2154.87616
9/1/2008,2164.535889,2168.716634,2138.699736,2156.939016
9/2/2008,2158.967773,2158.967773,2127.635011,2149.656125
9/3/2008,2115.91748,2151.679025,2114.454647,2151.138031
9/4/2008,2075.153076,2100.173098,2058.077813,2100.173098
9/5/2008,2022.485229,2036.061727,1999.456219,2020.044407
9/8/2008,2037.918701,2078.224017,2033.727824,2078.224017
9/9/2008,1958.675781,2019.737494,1945.700334,2019.737494
9/10/2008,1884.969482,1928.550791,1869.923072,1902.696819
9/11/2008,1870.060181,1897.366001,1848.177,1887.457452
9/12/2008,1803.991699,1873.34593,1767.180146,1873.34593
9/15/2008,1719.187134,1791.030286,1701.522782,1777.929843
9/16/2008,1735.568481,1735.568481,1592.181114,1628.099639
9/17/2008,1769.825195,1786.934515,1745.734091,1773.187003
9/18/2008,1787.603516,1787.603516,1709.340565,1710.204545
9/19/2008,1891.658447,1923.169184,1840.644319,1841.360356
9/22/2008,1897.268188,1934.046664,1890.299466,1931.440808
9/23/2008,1873.0271,1905.144869,1867.485323,1872.905156
9/24/2008,1883.477661,1888.003486,1856.504713,1857.474646
9/25/2008,1869.988159,1876.850807,1860.74743,1876.850807
9/26/2008,1846.019043,1865.334331,1825.142903,1864.501355
10/6/2008,1648.674805,1766.866247,1634.481388,1766.866247
10/7/2008,1619.657959,1650.9668,1603.917604,1614.684153
10/8/2008,1451.612427,1565.677077,1451.612427,1564.961041
10/13/2008,1461.81604,1468.529767,1360.358937,1361.563846
10/14/2008,1555.906372,1561.024092,1528.663416,1528.663416
10/15/2008,1520.347778,1599.768758,1510.89319,1562.607119
10/16/2008,1463.19397,1477.510429,1439.154989,1442.677801
10/17/2008,1399.369507,1467.40995,1391.21687,1467.40995
10/20/2008,1426.882446,1441.091854,1377.730429,1394.551674
10/21/2008,1440.093018,1469.304894,1427.06142,1462.653053
10/22/2008,1379.689331,1426.229511,1369.175702,1422.395676
10/23/2008,1337.151978,1337.151978,1313.218948,1326.975371
10/24/2008,1244.815552,1306.716096,1239.242771,1306.716096
10/27/2008,1166.36377,1185.509022,1157.153068,1185.509022
10/28/2008,1111.346802,1131.714052,1089.29761,1119.072454
10/29/2008,1113.580688,1146.485414,1097.150298,1146.485414
10/30/2008,1173.817383,1179.98206,1140.63569,1143.067602
10/31/2008,1256.655029,1258.926913,1186.475756,1186.475756
11/3/2008,1352.66333,1367.350869,1281.458214,1281.458214
11/4/2008,1369.731689,1378.500269,1328.211212,1358.269123
11/5/2008,1366.221924,1430.661436,1357.656217,1388.570054
11/6/2008,1307.846069,1316.528715,1292.399649,1303.251277
11/7/2008,1338.307983,1338.307983,1270.552682,1273.258509
11/10/2008,1340.628906,1374.989509,1324.852542,1364.593917
11/11/2008,1336.505005,1346.076654,1317.616702,1321.725551
11/12/2008,1326.569458,1340.077967,1315.894946,1328.354423
11/13/2008,1259.664063,1305.160341,1246.769544,1305.160341
11/14/2008,1264.327637,1295.051536,1255.254016,1262.741761
11/17/2008,1236.884766,1270.754417,1228.889106,1261.255886
11/18/2008,1189.815674,1231.935003,1167.802494,1231.935003
11/19/2008,1180.311157,1185.462934,1159.916931,1185.462934
11/20/2008,1154.925049,1157.589984,1134.881883,1144.766508
11/21/2008,1146.231323,1157.624922,1102.630972,1131.637898
11/24/2008,1141.356689,1149.619308,1125.499273,1147.163471
11/25/2008,1154.096069,1176.32726,1148.712246,1169.68848
11/26/2008,1193.104614,1193.104614,1155.858015,1157.266042
11/27/2008,1202.027222,1222.070509,1185.097949,1211.398927
11/28/2008,1241.492676,1241.492676,1201.122177,1207.634985
12/1/2008,1223.077393,1260.984975,1216.789673,1240.800702
12/2/2008,1191.311646,1204.687101,1177.811195,1204.687101
12/3/2008,1192.479614,1205.12109,1188.774802,1201.085237
12/4/2008,1205.2771,1215.077744,1197.675467,1205.39709
12/5/2008,1202.295288,1208.149064,1191.728682,1197.258497
12/9/2008,1266.06665,1266.06665,1229.931095,1233.283015
12/10/2008,1315.84375,1315.84375,1266.973584,1266.973584
12/11/2008,1316.6427,1343.658738,1310.010024,1314.728834
12/12/2008,1262.918823,1321.851464,1255.85904,1307.51108
12/15/2008,1359.224976,1359.224976,1285.177935,1285.177935
12/16/2008,1342.783691,1359.110936,1333.84593,1352.614241
12/17/2008,1363.93103,1376.047503,1348.765604,1371.528758
12/18/2008,1351.711426,1362.500923,1340.615788,1362.500923
12/19/2008,1348.232544,1352.085299,1332.169082,1339.183824
12/22/2008,1345.255615,1348.341555,1327.229339,1344.510649
12/23/2008,1343.663574,1343.663574,1323.437434,1341.394742
12/24/2008,1336.562012,1356.700266,1333.848128,1346.529641
12/30/2008,1355.355225,1361.802972,1345.223661,1345.223661
1/5/2009,1437.281982,1438.148892,1377.396255,1377.396255
1/6/2009,1435.481079,1462.573042,1430.042326,1438.362925
1/7/2009,1421.414673,1472.402679,1414.095988,1440.193972
1/8/2009,1402.606445,1410.879073,1388.040972,1401.037537
1/9/2009,1416.614868,1416.614868,1395.268654,1400.643444
1/12/2009,1406.498291,1411.179139,1392.162911,1406.728263
1/13/2009,1399.678589,1412.626083,1392.303876,1395.394698
1/14/2009,1386.851929,1416.003746,1383.209004,1406.458098
1/15/2009,1343.44165,1358.644061,1329.248234,1358.644061
1/16/2009,1363.822998,1363.822998,1345.343735,1349.767514
1/19/2009,1350.634399,1375.312393,1342.031707,1370.84162
1/20/2009,1344.098633,1344.098633,1320.640562,1335.668908
1/21/2009,1321.401489,1334.858972,1311.336818,1326.626261
1/22/2009,1327.271484,1336.730102,1314.688965,1332.277272
1/23/2009,1315.533691,1321.376481,1307.476999,1321.376481
1/27/2009,1336.578979,1340.8918,1320.091584,1320.091584
1/28/2009,1321.399536,1339.88673,1320.739528,1339.88673
1/29/2009,1324.598511,1336.576072,1319.611644,1333.569109
1/30/2009,1332.615112,1332.615112,1315.190742,1324.47041
2/2/2009,1310.591919,1329.963235,1297.973514,1329.963235
2/3/2009,1304.280273,1313.437876,1300.021406,1311.147926
2/4/2009,1320.311523,1320.311523,1307.591927,1311.830775
2/5/2009,1328.023193,1331.45409,1318.735591,1319.46359
2/6/2009,1350.588379,1351.861279,1336.465882,1337.526876
2/9/2009,1342.173584,1360.890871,1332.227073,1360.890871
2/10/2009,1332.077148,1342.216768,1326.61032,1342.216768
2/11/2009,1324.772461,1327.343406,1301.985383,1327.343406
2/12/2009,1325.369507,1325.594474,1315.333886,1322.049568
2/13/2009,1338.689819,1342.708706,1325.510401,1326.822361
2/16/2009,1341.949707,1346.112631,1336.46701,1338.753909
2/17/2009,1317.98877,1338.766892,1311.41798,1338.766892
2/18/2009,1330.558105,1331.58309,1304.29912,1312.426854
2/19/2009,1323.644531,1330.763151,1313.67385,1330.763151
2/20/2009,1296.891602,1320.570613,1291.359834,1320.570613
2/23/2009,1312.387939,1312.387939,1294.328705,1298.235536
2/24/2009,1295.818604,1305.649154,1286.675893,1305.649154
2/25/2009,1300.057495,1312.291028,1290.116842,1301.033409
2/26/2009,1290.270874,1303.70126,1281.721158,1303.70126
2/27/2009,1285.425903,1293.900671,1281.025074,1292.231669
3/2/2009,1256.060059,1285.425858,1252.822148,1285.425858
3/3/2009,1264.766724,1270.902471,1244.819503,1256.060032
3/4/2009,1289.329834,1289.749862,1261.452867,1264.766825
3/5/2009,1288.023926,1300.153459,1282.171126,1289.329905
3/6/2009,1286.642944,1290.569794,1278.812316,1288.023872
3/10/2009,1300.164429,1300.490466,1282.582104,1286.642982
3/11/2009,1314.467896,1319.458668,1300.164375,1300.164375
3/12/2009,1310.363037,1318.10175,1305.204302,1314.46798
3/13/2009,1327.385498,1333.164204,1310.363087,1310.363087
3/16/2009,1324.795532,1340.942854,1322.429535,1327.385397
3/17/2009,1312.041016,1326.055485,1308.34011,1324.795524
3/18/2009,1322.785522,1324.033399,1312.040946,1312.040946
3/19/2009,1341.550781,1347.063506,1322.785521,1322.785521
3/20/2009,1360.83606,1364.251942,1341.098791,1341.5508
3/23/2009,1406.592285,1407.537317,1360.83613,1360.83613
3/24/2009,1436.060059,1449.893504,1406.592212,1406.592212
3/25/2009,1419.917847,1448.412711,1418.203924,1436.060164
3/27/2009,1462.687988,1467.466855,1419.917683,1419.917683
3/30/2009,1419.036865,1463.532083,1404.321373,1462.688122
3/31/2009,1434.018066,1453.71432,1417.283733,1419.036717
4/1/2009,1461.69104,1464.335834,1434.018047,1434.018047
4/2/2009,1499.674561,1499.93749,1461.691056,1461.691056
4/3/2009,1500.30249,1511.276062,1494.062743,1499.674585
4/6/2009,1516.582031,1527.120684,1500.302635,1500.302635
4/7/2009,1490.79895,1516.581881,1483.664219,1516.581881
4/8/2009,1465.692993,1491.052969,1459.982156,1490.799072
4/13/2009,1540.342896,1540.45898,1465.692852,1465.692852
4/14/2009,1570.199829,1573.33374,1536.60812,1540.34296
4/15/2009,1593.60083,1603.248525,1564.883932,1570.199765
4/16/2009,1625.023804,1641.740072,1593.600954,1593.600954
4/17/2009,1634.726318,1659.277363,1619.276847,1625.023694
4/20/2009,1661.780273,1661.780273,1618.817957,1634.726395
4/22/2009,1615.169189,1674.85278,1610.401309,1628.785603
4/23/2009,1592.637817,1615.187963,1585.862081,1615.169043
4/24/2009,1591.27417,1609.903328,1576.22373,1592.638008
4/27/2009,1576.019775,1598.893886,1574.164745,1591.274187
4/28/2009,1595.852905,1617.999016,1576.019693,1576.019693
4/29/2009,1644.121094,1648.566844,1595.852952,1595.852952
4/30/2009,1722.698975,1727.998817,1644.121099,1644.121099
5/1/2009,1729.514771,1738.641369,1701.927831,1722.698996
5/4/2009,1788.077515,1796.643222,1729.514848,1729.514848
5/5/2009,1772.000977,1823.310015,1759.415529,1788.077377
5/6/2009,1798.266113,1799.554027,1761.041487,1772.001022
5/7/2009,1828.780884,1840.404333,1798.26608,1798.26608
5/8/2009,1862.459473,1863.555499,1821.071069,1828.780852
5/11/2009,1830.669678,1891.695377,1827.090838,1862.459455
5/12/2009,1841.950317,1842.654269,1796.875045,1830.66975
5/13/2009,1851.26001,1871.744198,1834.23162,1841.950313
5/14/2009,1784.933594,1851.259992,1776.871896,1851.259992
5/15/2009,1750.845825,1820.784144,1708.318549,1784.93361
5/18/2009,1803.497803,1804.800731,1712.571288,1750.424917
5/19/2009,1885.942505,1888.14945,1805.360684,1805.360684
5/20/2009,1885.64856,1907.42066,1872.186072,1886.149517
5/22/2009,1881.635864,1889.806567,1858.009829,1885.338723
5/25/2009,1890.897339,1897.975066,1878.577872,1881.325812
5/26/2009,1857.513672,1905.834787,1851.951877,1891.104282
5/27/2009,1892.769409,1902.005012,1858.341671,1858.341671
5/28/2009,1902.80188,1904.541802,1878.392796,1892.665312
5/29/2009,1916.75647,1941.711431,1903.111981,1903.111981
6/1/2009,1998.502197,1998.502197,1917.378401,1917.378401
6/2/2009,1998.565186,2043.868477,1991.887467,1999.123269
6/3/2009,2010.835693,2027.613117,1993.003502,1999.083221
6/4/2009,2032.636841,2032.973864,1989.713584,2010.731809
6/5/2009,2078.849854,2078.849854,2032.946736,2032.946736
6/8/2009,2056.566895,2098.998348,2051.947201,2079.690994
6/9/2009,2093.212646,2096.848492,2056.945989,2056.987003
6/10/2009,2108.731934,2116.083698,2094.05355,2094.05355
6/11/2009,2089.503662,2112.757884,2077.373275,2108.418942
6/12/2009,2090.861816,2106.894152,2073.2563,2089.710738
6/15/2009,2069.794678,2100.689475,2060.540154,2090.654952
6/16/2009,2030.286865,2069.380313,1995.488294,2069.380313
6/17/2009,2024.886108,2034.240725,2009.354731,2029.872975
6/18/2009,1950.911011,2025.045084,1940.24834,2024.57208
6/19/2009,1990.394531,1993.164321,1922.787179,1951.751017
6/22/2009,1974.950195,2011.621743,1965.311532,1990.601564
6/23/2009,1914.310425,1973.916135,1888.747456,1973.916135
6/24/2009,1995.596313,1995.596313,1913.890508,1913.890508
6/25/2009,2044.091431,2045.588321,1996.009318,1996.009318
6/26/2009,2040.113647,2066.23458,2026.659215,2044.298543
6/29/2009,2033.636841,2049.771345,2021.283439,2040.379621
6/30/2009,2026.701172,2060.64492,2020.613396,2034.897874
7/1/2009,2059.803711,2059.810791,2023.769105,2026.804998
7/2/2009,2065.672607,2085.371793,2056.67491,2060.009986
7/3/2009,2075.221191,2077.971084,2039.001655,2065.465468
7/6/2009,2034.930786,2074.801304,2023.896182,2074.801304
7/7/2009,2083.166016,2083.166016,2034.805837,2034.805837
7/9/2009,2083.893066,2116.776553,2060.400816,2083.371846
7/10/2009,2063.013672,2090.500639,2058.241885,2084.73182
7/13/2009,2020.060425,2063.871586,1992.301495,2062.59478
7/14/2009,2056.499023,2059.756709,2020.560359,2020.560359
7/15/2009,2123.195557,2123.375481,2056.912,2056.912
7/16/2009,2117.867432,2154.792995,2112.850781,2123.711198
7/17/2009,2106.270996,2126.424264,2060.536693,2117.042549
7/21/2009,2146.470459,2157.409975,2106.992991,2106.992991
7/22/2009,2125.532471,2156.331324,2119.431633,2146.780669
7/23/2009,2160.632813,2162.663739,2125.635153,2125.635153
7/24/2009,2185.569092,2199.138633,2161.045875,2161.045875
7/27/2009,2209.014893,2213.533759,2185.987715,2185.987715
7/28/2009,2237.017822,2240.55162,2201.105159,2209.433936
7/29/2009,2225.725586,2241.546017,2190.324861,2236.81207
7/30/2009,2298.045654,2298.680639,2218.341722,2224.469414
7/31/2009,2323.145508,2332.671992,2298.560285,2298.560285
8/3/2009,2338.706055,2350.584498,2323.763521,2323.763521
8/4/2009,2360.002197,2382.003295,2338.911953,2338.911953
8/5/2009,2316.9729,2362.674248,2308.544273,2360.421162
8/6/2009,2359.885254,2359.954099,2309.898185,2317.282907
8/7/2009,2349.041504,2366.864784,2333.648061,2359.472006
8/10/2009,2389.469238,2394.228087,2349.660725,2349.660725
8/11/2009,2399.182373,2404.641389,2370.589493,2389.365861
8/12/2009,2347.266602,2399.079772,2326.723455,2399.079772
8/13/2009,2396.396484,2408.790044,2347.885438,2347.885438
8/14/2009,2386.772217,2411.805179,2369.99699,2397.531808
8/18/2009,2336.89624,2384.709323,2296.874846,2384.709323
8/19/2009,2277.66333,2351.085522,2271.120616,2337.102179
8/20/2009,2328.54834,2330.609295,2279.107392,2279.107392
8/21/2009,2333.806152,2346.743637,2313.679006,2328.341277
8/24/2009,2375.781738,2379.813564,2335.662203,2335.662203
8/25/2009,2380.428223,2382.318042,2351.76723,2375.575384
8/26/2009,2379.994141,2387.284872,2366.183644,2379.70631
8/27/2009,2355.972412,2379.575499,2338.60004,2379.575499
8/28/2009,2377.154297,2378.018277,2355.875098,2356.487135
8/31/2009,2341.445801,2378.198274,2333.217118,2377.360172
9/1/2009,2326.823486,2355.717381,2325.375545,2341.342941
9/2/2009,2285.835938,2325.792388,2272.675318,2325.792388
9/3/2009,2322.155518,2329.191132,2284.838858,2286.144715
9/4/2009,2322.645508,2333.856008,2315.963639,2322.468513
9/7/2009,2340.300781,2342.066581,2323.064393,2323.064393
9/8/2009,2371.209717,2371.310787,2333.775139,2340.613007
9/9/2009,2383.245117,2389.696038,2364.554927,2371.415744
9/10/2009,2411.769287,2422.486888,2383.658319,2383.658319
9/11/2009,2415.852051,2425.295531,2408.319385,2412.081201
9/14/2009,2382.609131,2415.014851,2376.940406,2415.014851
9/15/2009,2420.014648,2420.727755,2382.875226,2382.875226
9/16/2009,2439.261963,2442.048964,2420.220712,2420.220712
9/17/2009,2456.890381,2474.691689,2440.08586,2440.08586
9/24/2009,2468.806152,2482.753608,2454.761532,2457.199426
9/25/2009,2444.48877,2468.083798,2432.341293,2468.083798
9/28/2009,2397.734375,2444.282609,2394.678586,2444.282609
9/29/2009,2443.736084,2444.372046,2398.456838,2398.456838
9/30/2009,2467.495117,2471.781816,2434.925339,2444.15496
10/1/2009,2477.874512,2484.582258,2467.541906,2467.807032
10/2/2009,2479.751221,2493.266807,2432.972039,2477.461515
10/5/2009,2480.316406,2485.983178,2453.947317,2479.029347
10/6/2009,2528.047363,2532.964164,2480.729141,2480.729141
10/7/2009,2513.308105,2559.570219,2499.326716,2528.665417
10/8/2009,2484.421387,2524.053878,2472.530736,2513.727131
10/9/2009,2474.304443,2489.826055,2464.51088,2484.839189
10/12/2009,2456.593262,2480.661416,2446.373689,2474.723659
10/13/2009,2471.895508,2486.036069,2456.888037,2457.00522
10/14/2009,2511.623047,2512.029037,2472.204661,2472.204661
10/15/2009,2515.285156,2537.5443,2505.945432,2512.242306
10/16/2009,2515.708008,2520.795945,2501.69659,2515.491219
10/19/2009,2520.826172,2521.461157,2497.227967,2515.399381
10/20/2009,2502.118652,2531.692452,2493.686852,2521.237781
10/21/2009,2476.700684,2501.294697,2461.930018,2501.294697
10/22/2009,2433.089355,2476.716563,2421.42062,2476.282498
10/23/2009,2467.852051,2469.046096,2429.46243,2433.398312
10/26/2009,2467.618164,2475.80974,2456.32539,2468.381074
10/27/2009,2425.106445,2466.780847,2417.37286,2466.780847
10/28/2009,2355.222412,2426.684722,2336.706286,2424.312744
10/29/2009,2343.94165,2354.605297,2235.299886,2354.605297
10/30/2009,2367.608643,2402.322377,2344.970609,2344.970609
11/2/2009,2371.549805,2373.105652,2294.466623,2365.556874
11/3/2009,2334.015137,2386.087085,2328.362281,2371.860588
11/4/2009,2371.763672,2371.804686,2334.849093,2334.849093
11/5/2009,2367.121826,2376.172255,2355.349092,2371.558421
11/6/2009,2395.012695,2403.178393,2367.532808,2367.532808
11/9/2009,2406.340332,2406.826153,2380.401157,2395.319765
11/10/2009,2381.862305,2432.240225,2371.948628,2406.648205
11/11/2009,2403.7854,2414.815977,2380.179385,2382.483251
11/12/2009,2420.186768,2433.91719,2405.036234,2405.036234
11/13/2009,2426.706543,2431.136302,2408.526343,2419.980731
11/16/2009,2468.579102,2471.614872,2427.219625,2427.219625
11/17/2009,2473.692627,2486.917941,2461.179931,2468.888859
11/18/2009,2484.132324,2487.513296,2451.611617,2473.589766
11/19/2009,2468.692139,2491.378269,2458.183514,2483.824363
11/20/2009,2487.268311,2490.198128,2458.532367,2468.164073
11/23/2009,2481.319336,2494.727749,2467.408745,2487.684078
11/24/2009,2471.787598,2491.767775,2455.227209,2481.421255
11/25/2009,2461.432373,2482.195482,2458.646349,2470.996943
11/26/2009,2393.425781,2462.222173,2386.636983,2459.842139
11/30/2009,2415.74292,2430.157398,2370.437798,2393.322894
12/1/2009,2452.405273,2452.405273,2412.902909,2415.947712
12/2/2009,2471.467529,2481.785242,2452.821284,2452.821284
12/3/2009,2499.939697,2502.453515,2471.057766,2471.057766
12/4/2009,2511.447021,2512.565142,2484.802064,2499.522682
12/7/2009,2483.661377,2516.08614,2478.487506,2511.857301
12/8/2009,2483.79541,2497.414753,2470.140912,2484.188217
12/9/2009,2481.200439,2485.740057,2462.783921,2483.693262
12/10/2009,2486.340332,2492.217057,2476.476702,2481.405465
12/11/2009,2519.001221,2519.001221,2485.725414,2485.725414
12/14/2009,2506.288574,2519.206041,2492.35601,2519.206041
12/15/2009,2494.639893,2510.191289,2481.599385,2505.49445
12/16/2009,2522.447021,2523.092993,2482.341644,2494.950286
12/17/2009,2509.478027,2542.404721,2505.875141,2522.548562
12/21/2009,2431.294434,2509.280417,2415.253065,2508.866614
12/22/2009,2467.541016,2468.689897,2432.123447,2432.123447
12/23/2009,2474.786621,2476.47552,2456.117183,2467.744903
12/28/2009,2509.593994,2512.126122,2474.990364,2474.990364
12/29/2009,2518.895996,2520.765064,2504.768615,2511.167293
12/30/2009,2534.257324,2534.257324,2518.910998,2520.205869
1/4/2010,2575.312988,2575.955786,2532.797551,2533.849512
1/5/2010,2605.175537,2605.967498,2575.516537,2575.516537
1/6/2010,2603.195557,2622.01367,2587.609007,2605.379309
1/7/2010,2586.794189,2611.501234,2570.172767,2603.399499
1/8/2010,2614.268311,2614.434076,2583.746306,2586.692236
1/11/2010,2632.101563,2649.09382,2615.506018,2615.506018
1/12/2010,2659.447266,2659.872298,2623.671562,2632.203211
1/13/2010,2632.769531,2657.799562,2623.358765,2657.799562
1/14/2010,2645.077881,2661.824299,2633.479456,2633.479456
1/15/2010,2646.987061,2655.702542,2638.25327,2646.649915
1/18/2010,2642.445068,2648.820796,2629.805424,2645.338754
1/19/2010,2665.967285,2666.469219,2640.075226,2642.251167
1/20/2010,2667.162354,2689.670267,2654.896717,2666.474148
1/21/2010,2638.279541,2664.555375,2621.25823,2664.555375
1/22/2010,2610.238525,2636.859316,2580.06758,2636.859316
1/25/2010,2597.759033,2609.629421,2575.862668,2609.629421
1/26/2010,2578.314697,2608.638468,2568.849001,2597.251949
1/27/2010,2564.454346,2594.145331,2554.782846,2577.807831
1/28/2010,2619.463135,2619.876205,2565.278229,2565.278229
1/29/2010,2610.694336,2619.159095,2569.166166,2619.159095
2/1/2010,2587.448242,2610.49129,2571.658818,2610.49129
2/2/2010,2580.150635,2613.571454,2574.010004,2588.15838
2/3/2010,2604.44751,2606.181329,2580.555375,2580.555375
2/4/2010,2593.119141,2610.266423,2588.954264,2604.650675
2/5/2010,2518.878174,2592.308181,2506.791485,2592.308181
2/8/2010,2475.475586,2518.508822,2431.743159,2518.508822
2/9/2010,2489.388428,2490.012183,2439.815158,2474.653893
2/10/2010,2483.341309,2511.637326,2474.304551,2490.196022
2/11/2010,2507.653564,2508.165507,2468.758103,2483.542441
2/12/2010,2534.03833,2536.467191,2501.887726,2508.056431
2/15/2010,2517.358154,2533.635353,2510.861337,2533.635353
2/16/2010,2558.405273,2558.555414,2516.239923,2517.55994
2/17/2010,2581.239746,2581.499746,2558.506499,2558.506499
2/18/2010,2559.934326,2581.340476,2550.429813,2581.340476
2/19/2010,2554.276367,2559.833279,2527.646546,2559.833279
2/22/2010,2564.16333,2574.868969,2553.714761,2554.679812
2/23/2010,2583.550049,2583.594237,2537.935862,2564.06204
2/24/2010,2579.315674,2582.322637,2555.37056,2582.322637
2/25/2010,2548.933838,2583.058487,2535.993423,2579.214643
3/1/2010,2554.574463,2565.336983,2545.793799,2548.731673
3/2/2010,2576.490967,2576.989971,2554.373662,2554.373662
3/3/2010,2566.989258,2585.731449,2552.754704,2576.900737
3/4/2010,2565.545166,2579.432565,2557.270586,2566.888131
3/5/2010,2578.671631,2582.987381,2565.954108,2565.954108
3/8/2010,2626.348633,2627.592725,2578.873675,2578.873675
3/9/2010,2657.063477,2657.278556,2624.012762,2626.147689
3/10/2010,2670.11499,2676.169686,2652.745794,2656.758577
3/11/2010,2676.417969,2687.013504,2661.825518,2670.015141
3/12/2010,2666.407227,2686.132533,2660.953337,2676.008904
3/15/2010,2669.50415,2683.003626,2658.451601,2666.306277
3/17/2010,2756.154785,2756.154785,2669.303182,2669.303182
3/18/2010,2737.135254,2779.247626,2718.199957,2756.355452
3/19/2010,2742.867188,2758.018452,2725.542668,2738.696208
3/22/2010,2702.295654,2742.565326,2698.157876,2742.565326
3/23/2010,2720.756104,2746.028069,2702.496805,2702.496805
3/24/2010,2774.741943,2774.741943,2721.058001,2721.058001
3/25/2010,2799.040039,2814.751586,2760.093556,2773.189238
3/26/2010,2812.972656,2812.972656,2792.252515,2799.141163
3/29/2010,2794.662109,2813.68627,2780.321604,2813.381351
3/30/2010,2798.15918,2818.831227,2787.396415,2795.071165
3/31/2010,2777.192871,2809.363493,2758.15455,2798.568015
4/1/2010,2829.885986,2834.130694,2777.596029,2777.596029
4/5/2010,2887.133789,2890.063607,2830.920888,2830.920888
4/6/2010,2880.856934,2911.349644,2871.635368,2888.693543
4/7/2010,2898.469238,2915.995412,2881.258971,2881.258971
4/8/2010,2850.7229,2898.067003,2837.289342,2898.067003
4/9/2010,2844.900391,2870.857389,2833.133758,2850.522242
4/12/2010,2881.220947,2882.601997,2845.503342,2845.503342
4/13/2010,2884.587646,2884.833731,2856.137826,2880.915914
4/14/2010,2884.902588,2897.216318,2875.141005,2884.788579
4/15/2010,2900.417236,2913.604712,2885.003773,2885.003773
4/16/2010,2878.558838,2903.165058,2860.815632,2900.721061
4/19/2010,2840.314697,2877.856207,2811.678847,2877.856207
4/20/2010,2891.157471,2892.507516,2840.515399,2840.515399
4/21/2010,2912.712646,2916.438576,2891.358497,2891.358497
4/22/2010,2926.417969,2927.279996,2882.901598,2912.612598
4/23/2010,2924.616943,2926.274838,2906.916706,2926.015815
4/26/2010,2944.594482,2954.714206,2924.818152,2924.818152
4/27/2010,2939.184814,2944.325484,2930.305033,2943.562574
4/28/2010,2903.206055,2938.883621,2875.556008,2938.883621
4/29/2010,2926.746094,2927.850055,2903.406915,2903.406915
4/30/2010,2971.136475,2972.801449,2927.147218,2927.147218
5/3/2010,2960.779785,2982.24184,2950.317058,2971.631414
5/4/2010,2958.899902,2996.302502,2946.304445,2961.175937
5/5/2010,2846.128174,2958.404807,2834.85249,2958.404807
5/6/2010,2810.506592,2845.930262,2748.57199,2845.930262
5/7/2010,2739.226318,2808.625715,2705.099718,2808.625715
5/10/2010,2850.315918,2859.93859,2739.820224,2739.820224
5/11/2010,2812.781738,2865.366608,2808.458908,2850.712148
5/12/2010,2847.510986,2848.964787,2812.880257,2812.880257
5/14/2010,2858.273926,2869.374569,2843.737381,2847.016307
5/17/2010,2819.360107,2857.877649,2780.285702,2857.877649
5/18/2010,2834.075684,2837.454458,2818.726184,2820.366256
5/19/2010,2729.377686,2833.580662,2721.619198,2833.580662
5/20/2010,2694.144287,2763.77366,2660.015487,2730.181949
5/21/2010,2623.118896,2692.560287,2584.868431,2692.560287
5/24/2010,2609.508545,2672.758036,2600.750829,2623.613953
5/25/2010,2514.020996,2608.914518,2501.956524,2608.914518
5/26/2010,2696.675049,2701.88676,2514.812988,2514.812988
5/27/2010,2713.817383,2731.955592,2618.180971,2696.179886
5/31/2010,2796.848145,2799.343897,2714.213422,2714.213422
6/1/2010,2724.509033,2796.551153,2724.005147,2796.551153
6/2/2010,2733.571777,2771.173344,2721.088376,2724.905122
6/3/2010,2810.867676,2811.722623,2734.066709,2734.066709
6/4/2010,2823.141113,2823.754127,2791.346452,2810.768548
6/7/2010,2750.125977,2820.76532,2698.176092,2820.76532
6/8/2010,2779.874756,2781.242867,2750.246026,2750.246026
6/9/2010,2785.684814,2794.071452,2765.24054,2779.676991
6/10/2010,2770.679443,2792.415415,2758.05591,2786.0807
6/11/2010,2801.789795,2817.297248,2771.372034,2771.372034
6/14/2010,2826.727051,2826.847163,2801.988022,2801.988022
6/15/2010,2830.062988,2849.921102,2824.273174,2826.924927
6/16/2010,2858.547852,2877.742174,2830.557972,2830.557972
6/17/2010,2890.985352,2897.495108,2856.2577,2856.2577
6/18/2010,2929.475098,2931.949855,2891.183375,2891.183375
6/21/2010,2941.788574,2981.162042,2925.963995,2929.871069
6/22/2010,2934.474854,2956.694936,2921.186308,2940.782469
6/23/2010,2924.676025,2933.781627,2899.153095,2933.781627
6/24/2010,2913.981689,2946.429403,2908.234843,2924.775215
6/25/2010,2946.908203,2949.301176,2904.279004,2913.684643
6/28/2010,2955.616943,2975.780221,2945.108319,2947.105312
6/29/2010,2893.258545,2960.695863,2872.305258,2955.716076
6/30/2010,2913.570801,2917.949537,2844.337409,2892.467617
7/1/2010,2874.13623,2912.767784,2860.800812,2912.767784
7/2/2010,2871.442139,2891.072478,2861.113683,2874.72912
7/5/2010,2877.191895,2885.242606,2868.963211,2871.837123
7/6/2010,2910.534668,2911.969671,2864.634599,2877.291089
7/7/2010,2901.931152,2913.730743,2890.173553,2910.414953
7/8/2010,2915.794678,2936.144961,2902.521268,2902.521268
7/9/2010,2943.781494,2943.845456,2909.552845,2916.088479
7/12/2010,2958.676025,2972.446486,2940.48972,2942.012611
7/13/2010,2961.396729,2978.390208,2946.293312,2957.677879
7/14/2010,2980.942871,2994.470176,2961.593528,2961.593528
7/15/2010,2980.480713,2986.92553,2956.773629,2979.944845
7/16/2010,2992.333496,2992.333496,2972.150444,2980.362038
7/19/2010,2975.456299,2992.038662,2947.914401,2992.038662
7/20/2010,2995.324463,2995.324463,2970.682599,2975.751249
7/21/2010,3013.283691,3014.363728,2994.095473,2995.619583
7/22/2010,3009.805908,3018.894422,2997.188235,3013.578711
7/23/2010,3041.901611,3051.246218,3010.197767,3010.197767
7/26/2010,3023.581299,3062.833677,3014.433706,3041.999527
7/27/2010,3041.55957,3061.507768,3023.8752,3023.8752
7/28/2010,3057.355957,3064.669637,3041.46058,3041.46058
7/29/2010,3096.695313,3097.072495,3056.551856,3057.847949
7/30/2010,3069.160645,3103.958363,3053.97813,3096.597566
8/2/2010,3058.859863,3083.739998,3048.467202,3070.158495
8/3/2010,2973.540283,3084.047945,2965.442698,3059.253012
8/4/2010,2983.130859,3001.00321,2959.63861,2973.737182
8/5/2010,3044.82251,3046.75554,2983.720882,2983.720882
8/6/2010,3060.473877,3062.563883,3031.30802,3045.313334
8/9/2010,3082.477783,3082.664788,3056.054985,3057.428955
8/10/2010,3057.041748,3083.167927,3047.100241,3082.87082
8/11/2010,3035.199951,3061.758732,3022.378429,3054.51707
8/12/2010,3025.526367,3034.120027,2993.652607,3034.120027
8/13/2010,3052.891113,3053.447,3025.625085,3025.625085
8/16/2010,3052.480225,3058.920892,3032.306938,3052.79198
8/18/2010,3071.967285,3072.708223,3045.103341,3053.237058
8/19/2010,3105.229248,3118.25169,3072.35748,3072.35748
8/20/2010,3117.598633,3118.530725,3084.86602,3103.245188
8/23/2010,3128.612061,3129.53512,3107.642906,3117.305616
8/24/2010,3114.817627,3144.992477,3099.794286,3128.316125
8/25/2010,3138.787598,3140.036572,3102.393996,3114.622524
8/26/2010,3145.012695,3150.036426,3128.748435,3138.396986
8/27/2010,3104.612305,3144.914938,3089.56992,3144.914938
8/30/2010,3099.444336,3138.365917,3089.520894,3105.100122
8/31/2010,3081.763916,3099.630163,3057.931837,3098.650221
9/1/2010,3135.193848,3135.41796,3081.367086,3081.367086
9/2/2010,3122.027588,3159.601323,3105.687403,3135.585166
9/3/2010,3164.154053,3164.23901,3122.124681,3122.124681
9/6/2010,3217.022705,3217.241691,3164.349707,3164.349707
9/7/2010,3230.762207,3239.328036,3214.069986,3217.41385
9/15/2010,3356.901367,3359.923222,3231.953348,3231.953348
9/16/2010,3341.502197,3357.99057,3317.665966,3356.999398
9/17/2010,3384.521484,3390.424087,3341.306124,3341.306124
9/20/2010,3370.85083,3391.927159,3344.77079,3384.424277
9/21/2010,3364.90625,3405.716675,3342.07413,3371.339838
9/22/2010,3343.212646,3380.072293,3332.139104,3365.002812
9/23/2010,3337.067139,3351.257504,3313.183059,3343.70189
9/24/2010,3397.493652,3400.43055,3331.729124,3338.580908
9/27/2010,3467.900879,3471.893888,3397.688769,3397.688769
9/28/2010,3472.572021,3524.178902,3455.366636,3468.097098
9/29/2010,3495.328125,3513.219275,3473.157845,3473.157845
9/30/2010,3501.159912,3514.632533,3487.577432,3495.624238
10/1/2010,3546.977051,3549.896859,3501.062821,3501.062821
10/4/2010,3569.359131,3594.22706,3547.172006,3547.172006
10/5/2010,3591.555176,3591.951156,3552.948525,3569.455939
10/6/2010,3603.263916,3630.2448,3582.112639,3591.944288
10/7/2010,3586.046387,3605.39451,3540.474187,3603.359677
10/8/2010,3546.816162,3585.755566,3531.876558,3585.755566
10/11/2010,3548.60791,3575.099798,3536.376209,3547.58378
10/12/2010,3547.110107,3565.269313,3535.646442,3548.80096
10/13/2010,3611.838379,3611.838379,3547.842824,3549.331779
10/14/2010,3618.337158,3645.468182,3602.86071,3612.030275
10/15/2010,3596.891113,3619.325299,3584.647693,3619.325299
10/18/2010,3566.779053,3596.69903,3557.136362,3596.69903
10/19/2010,3592.648193,3599.679902,3567.273205,3567.273205
10/20/2010,3578.814941,3592.360313,3536.951579,3592.360313
10/21/2010,3587.870361,3610.418556,3579.006693,3579.006693
10/22/2010,3597.605225,3605.073928,3582.671723,3588.611434
10/25/2010,3643.349121,3644.578077,3598.065972,3598.065972
10/26/2010,3653.959961,3661.053679,3637.922499,3642.966248
10/27/2010,3624.325928,3666.871146,3601.981827,3652.043843
10/28/2010,3638.684082,3643.381897,3614.493131,3623.750826
10/29/2010,3635.182373,3647.422863,3615.083302,3639.067231
11/1/2010,3645.005127,3663.643318,3621.423037,3635.374642
11/2/2010,3625.346924,3648.119963,3616.228138,3644.033208
11/3/2010,3605.532959,3641.591372,3590.234481,3625.539017
11/4/2010,3628.904785,3633.550601,3604.579803,3605.724778
11/5/2010,3655.162598,3665.706377,3629.574727,3629.574727
11/8/2010,3699.118896,3700.393993,3654.338658,3655.258544
11/9/2010,3737.338623,3742.626503,3689.603662,3699.010279
11/10/2010,3756.820801,3759.330713,3731.046658,3737.910404
11/11/2010,3744.472168,3777.770921,3721.748199,3757.200676
11/12/2010,3665.703125,3744.389024,3633.27641,3744.377062
11/15/2010,3656.31958,3674.425076,3633.007499,3664.943268
11/16/2010,3673.884033,3682.652491,3637.762393,3656.794611
11/18/2010,3677.760986,3682.222727,3641.024378,3673.408128
11/19/2010,3724.903076,3724.903076,3678.330915,3678.330915
11/22/2010,3741.083252,3742.798273,3707.750566,3725.187875
11/23/2010,3678.051025,3740.893552,3658.434601,3740.893552
11/24/2010,3658.634766,3684.010732,3619.740283,3677.480956
11/25/2010,3701.868896,3710.798725,3659.014607,3659.014607
11/26/2010,3642.358154,3710.315469,3631.95353,3701.774786
11/29/2010,3630.494873,3642.735364,3573.082066,3642.735364
11/30/2010,3531.073486,3633.848538,3529.716606,3631.398683
12/1/2010,3618.953125,3618.953125,3530.788588,3530.788588
12/2/2010,3694.436035,3706.253445,3619.706771,3619.706771
12/3/2010,3696.115967,3727.947734,3679.691558,3694.530091
12/6/2010,3722.202148,3728.822008,3696.585225,3696.585225
12/8/2010,3769.845947,3771.640067,3722.763798,3722.763798
12/9/2010,3785.949463,3788.417384,3764.141474,3771.340169
12/10/2010,3747.568359,3784.509794,3728.838863,3784.509794
12/13/2010,3692.088135,3751.786981,3681.180601,3747.660921
12/14/2010,3689.522461,3712.190524,3676.584,3692.275284
12/15/2010,3658.171631,3690.970404,3613.532499,3690.970404
12/16/2010,3571.599121,3657.331871,3554.709641,3657.331871
12/17/2010,3581.425293,3601.708682,3536.524212,3571.318753
12/20/2010,3568.671143,3591.150248,3537.530265,3589.010195
12/21/2010,3637.304199,3641.95392,3569.323696,3569.323696
12/22/2010,3620.542969,3649.838702,3610.425199,3637.544259
12/23/2010,3611.390381,3625.977703,3587.853211,3621.491062
12/27/2010,3625.125,3626.105919,3601.336863,3611.85745
12/28/2010,3659.850586,3672.035171,3623.690127,3625.590932
12/29/2010,3699.072998,3703.860653,3659.943418,3659.943418
12/30/2010,3703.36792,3718.838265,3688.889479,3698.794123
1/3/2011,3727.37207,3738.443661,3704.296796,3704.296796
1/4/2011,3759.914795,3763.236687,3724.327068,3727.650913
1/5/2011,3783.561768,3785.907624,3728.765804,3759.822701
1/6/2011,3736.111816,3789.325568,3720.428344,3782.845839
1/7/2011,3631.311768,3734.226958,3607.185752,3734.226958
1/10/2011,3478.413574,3631.125643,3449.445708,3631.125643
1/11/2011,3454.992432,3550.222855,3434.13631,3477.943686
1/12/2011,3554.627686,3555.247534,3455.274377,3455.274377
1/13/2011,3564.798096,3630.542604,3548.869761,3555.191536
1/14/2011,3569.005127,3569.505107,3518.427017,3564.513358
1/17/2011,3535.593262,3569.832895,3506.737452,3568.629084
1/18/2011,3548.510742,3548.55493,3507.832395,3536.063229
1/19/2011,3534.14624,3558.528347,3511.502103,3548.510671
1/20/2011,3453.983398,3533.864321,3441.495848,3533.864321
1/21/2011,3379.411377,3453.13751,3309.487098,3453.13751
1/24/2011,3345.930664,3396.713597,3321.547581,3380.365358
1/25/2011,3433.772217,3445.844744,3346.88571,3346.88571
1/26/2011,3501.580811,3501.580811,3414.554167,3434.013371
1/27/2011,3514.487305,3549.345812,3495.813959,3500.613821
1/28/2011,3487.474365,3514.017277,3462.232184,3514.017277
1/31/2011,3409.034424,3487.004292,3383.026402,3487.004292
2/1/2011,3442.367188,3451.885861,3410.94336,3410.94336
2/2/2011,3480.69043,3490.118041,3443.024904,3443.024904
2/4/2011,3496.032959,3500.408765,3462.807201,3480.784529
2/7/2011,3487.571289,3521.495994,3476.216751,3496.971802
2/8/2011,3459.79834,3500.32264,3449.914692,3487.855108
2/9/2011,3417.337891,3458.114379,3384.748095,3458.114379
2/10/2011,3373.512451,3417.057628,3336.698946,3417.057628
2/11/2011,3391.634033,3393.386895,3338.400999,3372.567637
2/14/2011,3416.634033,3429.906466,3392.470912,3392.470912
2/16/2011,3416.651855,3417.220925,3387.121023,3416.448006
2/17/2011,3434.246094,3440.593014,3414.524938,3416.837836
2/18/2011,3501.361084,3507.816644,3435.177619,3435.177619
2/21/2011,3497.50708,3520.504233,3488.478378,3500.815789
2/22/2011,3450.965576,3497.227689,3437.159962,3497.227689
2/23/2011,3473.988037,3486.76049,3435.054492,3451.337794
2/24/2011,3438.998291,3473.706902,3422.450839,3473.706902
2/25/2011,3443.39624,3454.74077,3428.888747,3439.556302
2/28/2011,3470.212891,3471.298053,3435.965444,3443.489077
3/1/2011,3512.480225,3513.332242,3470.491869,3470.491869
3/2/2011,3486.061279,3512.015347,3469.439856,3512.015347
3/3/2011,3494.403076,3512.757342,3483.66741,3484.386376
3/4/2011,3542.765137,3543.410131,3494.960846,3494.960846
3/7/2011,3561.578369,3562.914255,3525.89177,3541.820105
3/8/2011,3580.174561,3580.174561,3551.58168,3561.297366
3/9/2011,3598.534912,3609.070391,3577.228613,3579.709717
3/10/2011,3587.508301,3598.348943,3564.634191,3598.348943
3/11/2011,3542.090088,3587.136185,3512.958166,3587.136185
3/14/2011,3569.700195,3583.363482,3524.650923,3541.997172
3/15/2011,3524.345703,3569.143031,3476.557769,3569.143031
3/16/2011,3531.3396,3535.09336,3493.47413,3524.530783
3/17/2011,3484.074463,3531.153687,3465.470206,3531.153687
3/18/2011,3493.934082,3511.535448,3476.509711,3484.632442
3/21/2011,3518.708984,3519.729941,3493.006127,3493.006127
3/22/2011,3517.584229,3530.256832,3497.415091,3518.802199
3/23/2011,3556.092529,3556.203609,3508.458397,3516.971005
3/24/2011,3611.500488,3611.78246,3551.279689,3556.374461
3/25/2011,3606.972656,3639.545363,3591.402217,3611.68634
3/28/2011,3602.71875,3612.064578,3580.850704,3602.675783
3/29/2011,3591.375,3601.775718,3570.263029,3601.775718
3/30/2011,3640.836182,3641.707241,3591.38718,3591.480194
3/31/2011,3678.531006,3683.327694,3637.289446,3641.022455
4/1/2011,3707.343018,3709.232837,3678.144201,3678.90296
4/4/2011,3699.903076,3729.15682,3681.664773,3707.249714
4/5/2011,3685.792725,3699.79218,3672.580104,3699.624218
4/6/2011,3727.653076,3728.020982,3671.038091,3685.69963
4/7/2011,3730.437744,3741.68633,3704.28886,3729.562778
4/8/2011,3741.665283,3749.12593,3723.871054,3730.530707
4/11/2011,3745.692139,3767.872428,3732.132852,3740.722361
4/12/2011,3719.088135,3745.506296,3700.96384,3745.506296
4/13/2011,3734.267822,3735.946712,3701.198064,3718.809439
4/14/2011,3707.834961,3734.452823,3697.289472,3734.452823
4/15/2011,3730.366699,3733.344611,3706.530713,3707.74258
4/18/2011,3726.927979,3738.786404,3712.039642,3729.889777
4/19/2011,3732.504639,3732.642817,3691.149315,3726.741923
4/20/2011,3794.614258,3794.614258,3732.783657,3732.783657
4/21/2011,3800.933105,3813.028582,3784.789691,3796.285337
4/25/2011,3788.392578,3809.656643,3777.278997,3801.210927
4/26/2011,3774.724121,3790.327517,3743.622305,3787.449456
4/27/2011,3804.782715,3806.811689,3775.002869,3775.002869
4/28/2011,3808.780762,3823.919333,3787.708584,3804.875884
4/29/2011,3819.469238,3822.490117,3796.562171,3807.837855
5/2/2011,3849.150146,3849.150146,3819.655201,3819.655201
5/3/2011,3813.719482,3847.24015,3802.546089,3847.24015
5/4/2011,3814.779541,3815.19847,3783.33179,3813.533496
5/5/2011,3816.123535,3817.322463,3787.79578,3814.314523
5/6/2011,3798.406006,3815.845268,3781.198668,3815.845268
5/9/2011,3785.302734,3803.386015,3777.362125,3798.59128
5/10/2011,3800.37207,3801.352013,3782.022687,3786.255677
5/11/2011,3837.99292,3838.274891,3800.465326,3800.465326
5/12/2011,3808.561768,3837.621672,3795.402368,3837.621672
5/13/2011,3831.871826,3831.871826,3809.276759,3809.276759
5/16/2011,3799.078125,3831.778756,3784.114596,3831.778756
5/18/2011,3840.05957,3844.887507,3800.019136,3800.019136
5/19/2011,3859.659912,3867.11763,3840.43068,3840.43068
5/20/2011,3872.802002,3872.802002,3855.739678,3859.752706
5/23/2011,3778.307129,3872.061294,3762.909534,3872.061294
5/24/2011,3785.795898,3785.86279,3765.835493,3778.214162
5/25/2011,3780.015137,3786.754865,3760.645773,3785.319862
5/26/2011,3814.66748,3818.308452,3780.199828,3780.199828
5/27/2011,3832.22876,3835.306765,3790.750394,3814.574418
5/30/2011,3825.987793,3836.716379,3813.513426,3831.277626
5/31/2011,3836.817871,3841.275706,3819.158401,3826.173265
6/1/2011,3837.611816,3856.464111,3832.194058,3837.027855
6/3/2011,3843.870361,3843.870361,3812.283456,3837.518558
6/6/2011,3834.051758,3843.589473,3819.450519,3843.589473
6/7/2011,3842.803223,3843.057363,3815.403411,3832.171801
6/8/2011,3825.671875,3842.71125,3811.602355,3842.71125
6/9/2011,3806.038818,3829.662899,3797.009141,3825.487036
6/10/2011,3787.500488,3821.692272,3779.127767,3806.972875
6/13/2011,3748.612061,3787.221397,3728.256896,3787.221397
6/14/2011,3773.125977,3775.099044,3737.92642,3747.677017
6/15/2011,3794.103271,3809.548715,3773.218098,3773.218098
6/16/2011,3740.325195,3793.827261,3720.643101,3793.827261
6/17/2011,3722.158203,3759.051788,3704.439898,3739.391664
6/20/2011,3728.977051,3751.605077,3710.67161,3722.434336
6/21/2011,3794.79126,3797.415181,3729.527931,3729.527931
6/22/2011,3821.68335,3822.270241,3795.158259,3795.158259
6/23/2011,3823.500977,3829.477795,3801.55188,3821.405111
6/24/2011,3848.408203,3854.030787,3817.231195,3823.409177
6/27/2011,3813.276611,3848.224226,3806.566912,3848.224226
6/28/2011,3830.123779,3838.4445,3813.368572,3813.368572
6/30/2011,3888.417725,3896.011423,3830.30695,3830.30695
7/1/2011,3926.945068,3956.621892,3888.050586,3888.050586
7/4/2011,3953.363281,3962.129786,3927.036181,3927.036181
7/5/2011,3923.974365,3957.96401,3905.574202,3952.996186
7/6/2011,3908.803955,3932.86796,3890.398665,3923.515297
7/7/2011,3939.31958,3944.791535,3908.419904,3908.987753
7/8/2011,4003.534912,4005.529952,3939.595509,3939.595509
7/11/2011,3995.431396,4002.603236,3971.160369,4002.603236
7/12/2011,3937.861572,3995.064423,3926.67402,3995.064423
7/13/2011,3980.689941,3980.706054,3938.097606,3938.097606
7/14/2011,3997.479492,3997.794421,3975.712273,3980.598069
7/15/2011,4023.04541,4023.870573,3989.579915,3997.715585
7/18/2011,4032.816895,4042.568467,4021.651314,4023.977151
7/19/2011,4023.260498,4032.542119,4002.300376,4032.542119
7/20/2011,4050.474365,4054.897045,4020.66742,4023.443435
7/21/2011,4067.914551,4072.669248,4048.022259,4050.565129
7/22/2011,4106.662109,4108.924228,4069.778778,4069.778778
7/25/2011,4086.934814,4104.303034,4067.077678,4104.303034
7/26/2011,4132.616211,4133.528285,4082.035413,4086.29306
7/27/2011,4173.949219,4177.576031,4125.796309,4132.513821
7/28/2011,4145.666016,4172.085887,4121.84077,4172.085887
7/29/2011,4130.63916,4160.336247,4102.663686,4146.597524
8/1/2011,4193.277832,4193.393062,4131.571248,4131.571248
8/2/2011,4177.683594,4195.560828,4148.784328,4192.345621
8/3/2011,4136.346191,4177.408561,4095.712027,4177.408561
8/4/2011,4121.925293,4157.089938,4095.465387,4136.529704
8/5/2011,3921.490479,4119.722511,3866.561463,4119.722511
8/8/2011,3850.116211,3920.664245,3714.777486,3920.664245
8/9/2011,3734.973633,3873.394275,3590.802238,3846.078442
8/10/2011,3863.425537,3883.395951,3735.890463,3735.890463
8/11/2011,3869.214355,3871.13225,3803.103892,3863.241688
8/12/2011,3890.374512,3926.399233,3864.270547,3868.480588
8/15/2011,3959.867676,3960.36668,3890.650402,3890.650402
8/16/2011,3953.123291,3996.215609,3937.534786,3959.958963
8/18/2011,4020.837402,4020.837402,3953.674001,3953.674001
8/19/2011,3842.598389,4019.644472,3823.224143,4019.644472
8/22/2011,3839.466797,3854.041182,3760.878786,3843.530604
8/23/2011,3880.312988,3881.043917,3821.234234,3839.911486
8/24/2011,3846.870117,3906.339724,3840.330333,3881.244754
8/25/2011,3844.227295,3886.018637,3834.872679,3847.237188
8/26/2011,3841.581543,3847.104277,3800.332171,3842.363495
9/5/2011,3866.021729,3912.034831,3841.567602,3842.49945
9/6/2011,3889.81958,3890.876668,3829.459868,3865.378637
9/7/2011,4001.277344,4002.248253,3890.369552,3890.369552
9/8/2011,4005.233887,4021.59946,3978.188065,4001.552145
9/9/2011,3998.346436,4028.327203,3991.42068,4004.303235
9/12/2011,3895.967529,3997.064676,3880.548206,3997.064676
9/13/2011,3874.63208,3929.396061,3854.885779,3896.059224
9/14/2011,3798.88916,3897.161212,3775.221869,3874.907196
9/15/2011,3774.187012,3829.226861,3709.94757,3799.255127
9/16/2011,3835.031738,3850.134178,3775.303104,3775.303104
9/19/2011,3754.905762,3833.931737,3739.368281,3833.931737
9/20/2011,3751.964111,3754.683976,3673.073138,3754.683976
9/21/2011,3697.349854,3752.152894,3687.769416,3751.780838
9/22/2011,3369.012207,3695.793459,3360.062603,3695.793459
9/23/2011,3426.212646,3426.694561,3258.245304,3367.272069
9/26/2011,3316.008057,3429.329579,3217.825838,3425.468889
9/27/2011,3473.802979,3487.621533,3316.557137,3316.557137
9/28/2011,3513.029297,3531.751469,3452.845604,3474.174852
9/29/2011,3537.040283,3549.045919,3466.491028,3512.846157
9/30/2011,3548.893799,3579.522733,3523.036895,3537.132294
10/3/2011,3348.577637,3547.977832,3329.740479,3547.977832
10/4/2011,3269.32373,3352.264595,3256.315203,3347.089748
10/5/2011,3293.11084,3315.556011,3269.415717,3269.415717
10/6/2011,3442.972168,3446.940031,3293.38594,3293.38594
10/7/2011,3425.550781,3526.66379,3418.002979,3443.337931
10/10/2011,3450.949463,3452.288522,3413.134042,3424.435604
10/11/2011,3531.615479,3563.269276,3451.498724,3451.498724
10/12/2011,3635.789063,3636.981155,3516.484879,3522.679462
10/13/2011,3675.240967,3702.611972,3636.429489,3636.429489
10/14/2011,3664.537109,3687.996156,3639.201183,3674.869714
10/17/2011,3728.869873,3730.157909,3665.177526,3665.177526
10/18/2011,3621.885986,3727.863791,3580.629537,3727.863791
10/19/2011,3685.162598,3697.242206,3622.435057,3622.435057
10/20/2011,3622.634766,3684.704369,3593.516027,3684.704369
10/21/2011,3620.522949,3643.70393,3594.347944,3622.725744
10/24/2011,3706.637939,3716.499617,3620.981356,3620.981356
10/25/2011,3710.33374,3733.781803,3699.293154,3706.546778
10/26/2011,3738.461426,3740.586343,3680.008867,3710.242553
10/27/2011,3812.855469,3814.432556,3739.390311,3739.390311
10/28/2011,3829.810791,3874.961132,3811.245596,3813.862438
10/31/2011,3790.699463,3830.725982,3758.346718,3830.725982
11/1/2011,3684.868652,3789.967592,3681.197897,3789.967592
11/2/2011,3762.887695,3763.245836,3624.087181,3684.044812
11/3/2011,3705.666016,3763.161828,3685.86161,3763.161828
11/4/2011,3783.480713,3800.91607,3706.305737,3706.305737
11/7/2011,3778.093018,3791.667441,3765.09157,3782.932917
11/8/2011,3805.499756,3806.775829,3778.549878,3778.549878
11/9/2011,3857.212891,3858.947686,3806.321805,3806.321805
11/10/2011,3783.733887,3856.298934,3747.94109,3856.298934
11/11/2011,3778.738037,3800.141257,3764.740535,3784.098913
11/14/2011,3832.890869,3833.084709,3779.193984,3779.193984
11/15/2011,3813.693604,3832.982892,3799.306224,3832.982892
11/16/2011,3813.94165,3817.054322,3768.379215,3813.784674
11/17/2011,3792.105225,3813.577533,3781.245784,3813.577533
11/18/2011,3754.35376,3792.015379,3744.997191,3792.015379
11/21/2011,3679.685791,3754.080843,3667.971159,3754.080843
11/22/2011,3735.386719,3735.87669,3671.256156,3679.59592
11/23/2011,3686.864502,3734.479591,3665.361189,3734.479591
11/24/2011,3695.887939,3696.745816,3659.291465,3686.228404
11/25/2011,3637.050049,3695.978903,3628.61654,3695.978903
11/28/2011,3646.907227,3676.261065,3618.828241,3637.777455
11/29/2011,3687.625488,3710.607504,3646.719122,3647.088004
11/30/2011,3714.935303,3719.803033,3679.06463,3687.988355
12/1/2011,3780.952148,3811.395789,3715.298695,3715.298695
12/2/2011,3779.688965,3781.320981,3757.304825,3781.320981
12/5/2011,3780.645996,3791.394602,3762.487766,3780.415048
12/6/2011,3752.527832,3780.608769,3736.263329,3779.910798
12/7/2011,3793.087402,3793.347402,3753.224941,3753.224941
12/8/2011,3781.61377,3793.177284,3762.122585,3793.177284
12/9/2011,3759.462646,3780.880026,3728.588847,3780.880026
12/12/2011,3792.001465,3803.557168,3760.931628,3760.931628
12/13/2011,3763.432861,3791.278703,3742.444663,3791.278703
12/14/2011,3751.458008,3764.944544,3741.57143,3763.251494
12/15/2011,3701.395996,3751.007103,3666.106354,3751.007103
12/16/2011,3768.207031,3777.975693,3701.761625,3701.761625
12/19/2011,3770.140137,3773.65001,3753.129569,3768.117022
12/20/2011,3752.19165,3789.728273,3744.898966,3770.68092
12/21/2011,3794.119385,3808.242858,3752.643949,3752.643949
12/22/2011,3795.29541,3803.890046,3779.283826,3791.567528
12/23/2011,3797.00293,3821.83912,3776.876761,3795.661185
12/27/2011,3789.277588,3806.036945,3757.384786,3796.822216
12/28/2011,3769.067139,3789.386171,3744.485089,3789.386171
12/29/2011,3808.623779,3812.942703,3736.08168,3768.977373
12/30/2011,3821.843262,3825.814055,3804.931078,3808.80373
1/2/2012,3808.991699,3824.94811,3796.854232,3821.477297
1/3/2012,3857.731934,3858.03783,3808.540733,3808.540733
1/4/2012,3907.268799,3921.015334,3857.91281,3857.91281
1/5/2012,3906.111816,3923.897257,3893.038351,3907.358838
1/6/2012,3869.264404,3906.52394,3852.600014,3906.292016
1/9/2012,3888.920654,3890.045611,3848.193236,3868.633358
1/10/2012,3938.688721,3941.157619,3886.71882,3888.560545
1/11/2012,3909.487793,3954.702098,3902.193155,3938.778646
1/12/2012,3909.344971,3918.433484,3890.776601,3909.847881
1/13/2012,3935.172852,3943.107601,3908.893845,3908.893845
1/16/2012,3909.541016,3935.082991,3894.679533,3935.082991
1/17/2012,3954.601074,3955.582237,3909.907012,3909.907012
1/18/2012,3977.9729,3978.300036,3947.701131,3954.42084
1/19/2012,4000.917236,4027.736261,3978.334131,3978.334131
1/20/2012,3986.359619,4024.791228,3967.181411,4001.649063
1/24/2012,3994.42749,4038.627674,3985.351916,3986.809867
1/25/2012,3963.450684,3996.954506,3948.806234,3994.967523
1/26/2012,3983.279053,3983.351071,3950.581351,3963.630648
1/27/2012,3986.254639,3992.7434,3969.301442,3983.368765
1/30/2012,3915.007568,3985.984787,3896.248289,3985.984787
1/31/2012,3941.539795,3941.539795,3902.003247,3914.46785
2/1/2012,3964.821777,3965.168688,3936.655881,3941.629565
2/2/2012,4016.745605,4020.252305,3965.271537,3965.271537
2/3/2012,4015.79248,4025.782081,4001.055018,4016.476536
2/6/2012,3974.633301,4039.924703,3957.393982,4015.612662
2/7/2012,3955.297852,3986.21486,3929.483916,3974.993129
2/8/2012,3988.543701,3988.691645,3950.291284,3955.478094
2/9/2012,3978.833008,3988.434684,3953.662846,3988.434684
2/10/2012,3912.240967,3978.839208,3895.460613,3978.473255
2/13/2012,3961.747803,3962.462619,3906.757757,3912.330538
2/14/2012,3952.663086,3964.254676,3939.780775,3962.646828
2/15/2012,3952.891113,3963.375813,3942.085626,3952.123321
2/16/2012,3927.455078,3952.352303,3913.743698,3952.352303
2/17/2012,3976.387207,3976.427245,3928.085132,3928.085132
2/20/2012,3980.0979,3994.928377,3961.197758,3976.657116
2/21/2012,4002.795166,4008.071084,3980.008211,3980.008211
2/22/2012,3994.868408,4002.526069,3978.940073,4002.526069
2/23/2012,3958.654785,3994.503241,3953.271938,3994.503241
2/24/2012,3894.410645,3958.947199,3849.978289,3958.386185
2/27/2012,3860.865967,3894.605621,3838.38979,3894.045585
2/28/2012,3903.404785,3906.989851,3857.933657,3861.045596
2/29/2012,3985.054932,3985.95602,3903.675041,3903.675041
3/1/2012,3962.131592,3984.874847,3950.604209,3984.874847
3/2/2012,4004.711914,4004.999012,3961.283674,3962.761644
3/5/2012,3984.741943,4004.603231,3966.562719,4004.603231
3/6/2012,3966.921631,3984.201965,3938.586795,3984.201965
3/7/2012,3942.363525,3965.826479,3929.041046,3965.826479
3/8/2012,3967.514648,3970.073631,3942.794663,3942.903545
3/9/2012,3991.388672,3995.036479,3968.144703,3968.144703
3/12/2012,3987.190674,4007.796805,3968.845441,3984.019899
3/13/2012,4008.486084,4008.524901,3987.819896,3987.819896
3/14/2012,4054.168213,4058.64509,4008.935109,4008.935109
3/15/2012,4039.822754,4065.545874,4032.064023,4054.52726
3/16/2012,4028.380615,4059.920161,4017.706958,4040.362083
3/19/2012,4024.576416,4043.03688,4012.385972,4028.745443
3/20/2012,4022.011475,4035.157936,4003.360345,4025.025273
3/21/2012,4036.07666,4036.525861,4014.669535,4022.101374
3/22/2012,4041.401855,4043.995749,4023.879344,4036.257036
3/26/2012,4031.547852,4060.985668,4011.77665,4041.581396
3/27/2012,4079.225342,4081.69131,4032.177123,4032.177123
3/28/2012,4090.413574,4091.776558,4063.643621,4079.134961
3/29/2012,4105.007324,4105.466291,4063.351962,4090.23495
3/30/2012,4121.390137,4129.17206,4099.563351,4105.096826
4/2/2012,4165.909668,4168.582904,4121.550554,4121.659437
4/3/2012,4215.279785,4232.758109,4166.448678,4166.448678
4/4/2012,4133.875488,4214.915308,4122.063936,4214.915308
4/5/2012,4166.211914,4171.035945,4109.158958,4132.797199
4/9/2012,4153.904785,4165.582552,4141.56054,4165.582552
4/10/2012,4149.637207,4171.511355,4143.575431,4156.214099
4/11/2012,4129.852539,4150.295592,4111.603249,4149.45871
4/12/2012,4139.379395,4149.587006,4120.214123,4130.031613
4/13/2012,4159.114746,4164.573518,4138.469555,4139.647731
4/16/2012,4146.419922,4164.323035,4135.46234,4159.205558
4/17/2012,4157.203125,4172.213282,4140.771637,4146.868079
4/18/2012,4166.074707,4185.04516,4151.099704,4157.932446
4/19/2012,4163.553711,4167.261574,4146.043651,4166.254778
4/20/2012,4181.205566,4181.617171,4158.877333,4163.734078
4/23/2012,4155.329102,4193.074211,4130.687973,4181.294885
4/24/2012,4170.19043,4173.574087,4146.854426,4155.546958
4/25/2012,4163.480957,4170.014394,4149.103587,4169.830807
4/26/2012,4180.143555,4200.898607,4163.296065,4163.661286
4/27/2012,4163.818848,4189.287094,4155.174165,4180.508139
4/30/2012,4180.569336,4180.748528,4144.184032,4163.908851
5/1/2012,4195.820801,4196.125965,4170.54981,4180.928313
5/2/2012,4219.130859,4220.385693,4192.330144,4196.269932
5/3/2012,4223.838867,4226.259672,4202.630707,4218.402067
5/4/2012,4216.51709,4234.569122,4202.507381,4224.017775
5/7/2012,4158.699707,4216.24678,4130.091935,4216.24678
5/8/2012,4180.910645,4182.740163,4158.344139,4158.969115
5/9/2012,4128.899414,4180.012171,4118.099541,4180.012171
5/10/2012,4133.470215,4137.505214,4110.736235,4128.45039
5/11/2012,4113.97998,4133.199935,4093.503727,4133.199935
5/14/2012,4052.90918,4120.074535,4043.815539,4114.40874
5/15/2012,4045.486572,4068.564531,3997.616365,4028.539234
5/16/2012,3980.341064,4006.989929,3926.235994,4006.989929
5/21/2012,3939.95459,3958.313006,3907.357958,3957.84696
5/22/2012,4020.943604,4024.228388,3965.014628,3965.014628
5/23/2012,3981.422852,4001.461134,3950.662086,4001.461134
5/24/2012,3984.718018,3992.424749,3961.483814,3977.75613
5/25/2012,3902.355957,3970.086227,3885.44353,3968.184446
5/28/2012,3918.532471,3927.711068,3850.301973,3876.902988
5/29/2012,3918.912354,3924.10722,3892.846474,3909.379766
5/30/2012,3917.763428,3922.500304,3896.706142,3911.833727
5/31/2012,3832.674805,3881.336973,3810.242816,3878.909089
6/1/2012,3799.618164,3840.892436,3781.771691,3820.232352
6/4/2012,3654.439697,3729.899649,3635.141377,3729.899649
6/5/2012,3717.731201,3735.308642,3696.825033,3696.825033
6/6/2012,3841.181641,3841.338617,3734.57568,3735.350796
6/7/2012,3840.446533,3909.235849,3823.764321,3876.63824
6/8/2012,3825.178955,3840.655403,3805.18779,3823.731013
6/11/2012,3866.0625,3879.659139,3845.629457,3855.685951
6/12/2012,3852.427979,3855.297008,3824.800147,3840.647675
6/13/2012,3860.310791,3874.993325,3847.142358,3862.788722
6/14/2012,3791.470459,3860.55078,3777.813031,3857.582878
6/15/2012,3817.960449,3826.894184,3774.546366,3810.950956
6/18/2012,3860.004883,3897.279312,3849.782136,3859.942874
6/19/2012,3880.664795,3884.345804,3853.108983,3858.914665
6/20/2012,3943.743408,3943.904535,3886.294717,3887.348631
6/21/2012,3901.635986,3943.400227,3877.362763,3943.400227
6/22/2012,3889.371582,3891.060481,3842.872415,3863.209758
6/25/2012,3857.438965,3893.315498,3848.703221,3890.310488
6/26/2012,3881.249756,3889.760655,3848.913124,3854.281812
6/27/2012,3934.713867,3938.886801,3886.940823,3888.705647
6/28/2012,3887.423584,3952.749165,3880.400908,3945.992348
6/29/2012,3955.422852,3970.930304,3903.506905,3903.506905
7/2/2012,3991.384766,3997.161396,3972.20558,3976.557217
7/3/2012,4049.735352,4052.69715,4003.030139,4005.988032
7/4/2012,4075.758301,4090.596834,4059.323882,4059.71083
7/5/2012,4069.67749,4086.183928,4058.736022,4086.183928
7/6/2012,4055.039307,4074.331525,4037.475048,4069.746742
7/9/2012,3984.889893,4038.235962,3976.208346,4035.172116
7/10/2012,4009.521973,4010.32785,3977.452176,3987.104876
7/11/2012,4018.976563,4022.726416,4001.016324,4007.232879
7/12/2012,3983.965088,4013.215903,3963.314768,4013.003753
7/13/2012,4019.516602,4023.974436,3983.932782,3984.610978
7/16/2012,4047.307617,4064.255932,4035.685023,4035.685023
7/17/2012,4080.513428,4084.340183,4059.646075,4063.874915
7/18/2012,4081.476318,4102.343427,4070.68084,4078.769392
7/19/2012,4096.036133,4108.510744,4072.872241,4092.825565
7/20/2012,4081.042236,4105.692401,4066.09482,4096.100489
7/23/2012,4009.636963,4045.043544,3997.768528,4045.043544
7/24/2012,3991.957764,4035.126006,3982.087054,4011.647916
7/25/2012,4000.683594,4004.699307,3964.653988,3977.909333
7/26/2012,4004.619873,4014.868497,3979.442875,3998.497309
7/27/2012,4084.052979,4088.672916,4033.178005,4033.178005
7/30/2012,4098.961426,4119.677416,4085.135792,4102.403186
7/31/2012,4142.175781,4149.547565,4104.457522,4108.791338
8/1/2012,4130.304199,4133.845077,4103.30232,4129.654322
8/2/2012,4092.952637,4149.4956,4082.798979,4128.356287
8/3/2012,4099.65332,4103.127306,4059.779873,4076.451343
8/6/2012,4105.339355,4146.497911,4097.589657,4139.457169
8/7/2012,4085.421143,4119.415914,4077.936326,4110.407963
8/8/2012,4090.549561,4104.410837,4078.467024,4087.331668
8/9/2012,4131.009277,4134.674174,4097.321623,4099.474371
8/10/2012,4141.402832,4149.844398,4118.001887,4133.248364
8/13/2012,4102.370117,4152.657222,4087.104842,4148.311688
8/14/2012,4121.395508,4122.500445,4086.183746,4116.732604
8/15/2012,4141.824707,4142.081045,4102.960496,4115.606977
8/16/2012,4160.345703,4163.604853,4134.399937,4143.340506
8/23/2012,4162.49707,4182.865906,4137.704091,4152.870492
8/24/2012,4145.237793,4155.781328,4125.099416,4146.275839
8/27/2012,4145.716797,4151.93384,4138.782984,4145.237812
8/28/2012,4142.687012,4159.762031,4120.873895,4150.01241
8/29/2012,4093.010498,4138.166942,4072.695371,4134.961989
8/30/2012,4025.426514,4066.264037,4003.984232,4064.422068
8/31/2012,4060.172852,4067.861517,3977.922883,4004.88692
9/3/2012,4117.787598,4118.171372,4047.122142,4052.72788
9/4/2012,4105.093262,4128.003503,4098.154567,4119.866613
9/5/2012,4075.193359,4105.572059,4065.539683,4087.754882
9/6/2012,4102.697266,4103.518523,4080.666141,4083.498062
9/7/2012,4143.518066,4154.809619,4126.033395,4131.425275
9/10/2012,4160.498047,4163.730831,4128.193153,4152.705382
9/11/2012,4155.193848,4157.118577,4127.597756,4152.308218
9/12/2012,4173.93457,4177.000369,4142.205826,4166.182919
9/13/2012,4170.476563,4184.858814,4161.989589,4173.350474
9/14/2012,4256.832031,4268.882343,4205.259824,4205.259824
9/17/2012,4255.117676,4272.662892,4236.660386,4265.583089
9/18/2012,4223.72998,4249.265121,4198.733881,4247.205143
9/19/2012,4244.545898,4253.087559,4213.281001,4216.09095
9/20/2012,4217.352051,4236.530016,4206.43646,4232.574115
9/21/2012,4244.456055,4245.087866,4208.453548,4226.125713
9/24/2012,4200.750488,4240.089777,4190.829,4223.875564
9/25/2012,4226.722168,4227.934035,4190.383246,4207.981684
9/26/2012,4180.000488,4215.504967,4153.292543,4215.481042
9/27/2012,4224.859863,4235.69245,4179.20148,4185.028402
9/28/2012,4262.39502,4263.794867,4232.861014,4236.577177
10/1/2012,4236.12793,4249.519498,4214.354852,4249.519498
10/2/2012,4256.67334,4264.618343,4240.844854,4245.362745
10/3/2012,4251.346191,4267.671241,4238.285663,4267.671241
10/4/2012,4271.294434,4275.585282,4248.133227,4255.775019
10/5/2012,4311.145996,4320.42249,4283.678316,4283.915123
10/8/2012,4268.068359,4324.628165,4241.836473,4312.036859
10/9/2012,4280.083496,4293.814896,4262.991388,4272.576952
10/10/2012,4279.843262,4281.447203,4246.281579,4262.981125
10/11/2012,4284.800293,4284.800293,4260.69332,4268.595356
10/12/2012,4311.223145,4315.693673,4293.560747,4294.377609
10/15/2012,4313.354004,4316.234751,4292.673657,4308.620302
10/16/2012,4328.907715,4329.307602,4303.491712,4320.462731
10/17/2012,4337.357422,4354.007654,4318.25123,4338.927673
10/18/2012,4356.796387,4362.173131,4340.402005,4347.679066
10/19/2012,4331.085449,4361.566197,4322.285987,4359.462275
10/22/2012,4341.208008,4341.658186,4301.59578,4312.288235
10/23/2012,4329.976563,4354.768567,4313.101242,4342.978986
10/24/2012,4335.206543,4340.916282,4309.654313,4320.341886
10/25/2012,4338.984375,4346.308309,4322.964001,4337.362368
10/29/2012,4331.196777,4340.602173,4314.257983,4329.145588
10/30/2012,4364.428223,4366.685947,4328.771408,4330.932456
10/31/2012,4350.121582,4362.960926,4324.215364,4357.999205
11/1/2012,4335.193359,4336.336381,4300.850944,4331.580707
11/2/2012,4338.723633,4345.448469,4322.658339,4339.049304
11/5/2012,4302.771484,4330.338282,4285.637386,4327.68653
11/6/2012,4314.097168,4316.740131,4293.094079,4305.430513
11/7/2012,4350.254395,4350.42138,4317.168769,4320.67791
11/8/2012,4327.699707,4327.874505,4290.832978,4312.837981
11/9/2012,4333.47168,4333.47168,4303.085654,4309.249477
11/12/2012,4318.422363,4338.84393,4311.346956,4328.963944
11/13/2012,4331.915527,4340.429356,4317.516185,4320.355918
11/14/2012,4351.114746,4360.0934,4323.344831,4338.494144
11/19/2012,4313.270996,4344.117939,4296.05194,4342.000834
11/20/2012,4312.198242,4345.33367,4290.250855,4328.490576
11/21/2012,4317.108398,4318.074669,4292.965298,4314.065548
11/22/2012,4335.758301,4338.122467,4308.217379,4308.217379
11/23/2012,4348.638672,4351.545297,4325.575606,4334.699274
11/26/2012,4374.998535,4377.348541,4350.207509,4352.644425
11/27/2012,4337.340332,4381.575919,4332.870779,4374.059121
11/28/2012,4304.655762,4322.952901,4267.869107,4321.684884
11/29/2012,4318.91748,4325.872287,4285.455895,4318.583509
11/30/2012,4275.974609,4321.808762,4255.101399,4312.586953
12/3/2012,4302.276855,4303.392047,4262.599685,4277.021
12/4/2012,4269.485352,4284.790907,4246.135188,4281.793954
12/5/2012,4286.672852,4288.143986,4253.863095,4262.852002
12/6/2012,4292.437988,4305.93844,4282.374415,4295.851918
12/7/2012,4290.628906,4297.358625,4269.931958,4286.021175
12/10/2012,4302.441895,4318.209349,4280.059951,4295.3035
12/11/2012,4317.749512,4325.385444,4290.126566,4301.019207
12/12/2012,4337.359375,4340.092667,4311.330601,4321.044091
12/13/2012,4320.020508,4335.751828,4299.551579,4330.971253
12/14/2012,4308.694824,4321.203614,4283.077171,4320.206582
12/17/2012,4315.688477,4325.891203,4294.208358,4305.287027
12/18/2012,4301.269043,4328.85098,4273.688083,4319.914315
12/19/2012,4275.692383,4309.725237,4253.770385,4306.209261
12/20/2012,4254.650391,4267.753885,4221.966604,4267.382805
12/21/2012,4250.048828,4276.731874,4235.152434,4252.77382
12/26/2012,4274.927734,4274.933594,4245.152527,4251.669363
12/27/2012,4281.694336,4289.653011,4264.167185,4275.844954
12/28/2012,4316.518555,4324.764327,4289.228604,4298.764365
1/2/2013,4346.305664,4364.494896,4316.255566,4322.413529
1/3/2013,4399.086914,4401.163005,4356.241899,4356.241899
1/4/2013,4409.848633,4418.312171,4389.545223,4406.759886
1/7/2013,4392.208008,4427.479585,4387.317085,4407.558485
1/8/2013,4397.374023,4413.763523,4381.478645,4394.587022
1/9/2013,4362.758301,4411.593313,4349.616723,4404.170262
1/10/2013,4317.196777,4376.969347,4298.444091,4368.584421
1/11/2013,4305.744629,4341.590891,4301.322926,4325.069561
1/14/2013,4382.327148,4382.327148,4313.788806,4321.967686
1/15/2013,4400.65332,4400.65332,4373.17929,4388.221674
1/16/2013,4410.79248,4410.79248,4387.493581,4396.394114
1/17/2013,4398.211914,4421.16903,4389.84847,4406.940579
1/18/2013,4465.310059,4465.310059,4405.366591,4407.119453
1/21/2013,4439.80127,4471.933808,4427.596667,4463.272035
1/22/2013,4416.375488,4441.440428,4399.586104,4426.842365
1/23/2013,4418.554688,4441.670973,4389.953752,4425.066152
1/25/2013,4437.425293,4439.933008,4412.300295,4426.204539
1/28/2013,4416.764648,4444.114655,4384.760038,4437.234064
1/29/2013,4438.856934,4439.433083,4423.6378,4431.255667
1/30/2013,4452.802246,4456.761077,4433.473895,4444.80158
1/31/2013,4453.529785,4457.489592,4430.98867,4449.871724
2/1/2013,4481.459473,4519.283197,4457.273402,4458.424724
2/4/2013,4490.390625,4518.777707,4469.742501,4497.808306
2/5/2013,4479.266602,4492.354959,4458.51155,4472.935793
2/6/2013,4498.800781,4507.940562,4482.885386,4493.781934
2/7/2013,4502.972656,4514.692415,4493.786002,4500.94588
2/8/2013,4491.091797,4528.08547,4487.664685,4516.526839
2/11/2013,4503.071777,4513.945378,4495.840125,4504.541447
2/12/2013,4548.066406,4548.365223,4503.380155,4505.331739
2/13/2013,4571.390137,4586.801647,4551.241018,4552.684809
2/14/2013,4588.494141,4601.77292,4575.664562,4579.155637
2/15/2013,4609.606445,4615.821047,4588.056992,4588.466156
2/18/2013,4611.866211,4630.220476,4602.2909,4610.990269
2/19/2013,4601.883301,4618.520838,4581.342106,4610.32975
2/20/2013,4634.270996,4634.270996,4610.578558,4612.272828
2/21/2013,4632.223633,4655.946831,4617.389249,4620.556118
2/22/2013,4650.941895,4650.941895,4626.141591,4629.455915
2/25/2013,4695.923828,4695.923828,4656.079679,4661.445192
2/26/2013,4662.849609,4684.814088,4646.408354,4684.554821
2/27/2013,4716.231445,4721.676058,4673.898132,4674.477211
2/28/2013,4795.602051,4795.602051,4734.64642,4739.203371
3/1/2013,4811.425781,4817.726806,4777.789393,4798.303733
3/4/2013,4761.275391,4825.511169,4744.293142,4812.108371
3/5/2013,4751.516602,4779.366106,4751.290536,4764.81003
3/6/2013,4824.495605,4834.880944,4767.741464,4769.707696
3/7/2013,4848.109863,4848.359854,4818.777999,4823.056152
3/8/2013,4874.305176,4904.285941,4852.956887,4853.825017
3/11/2013,4854.123047,4886.330777,4847.630136,4875.790172
3/13/2013,4835.250977,4868.714519,4815.663847,4850.580459
3/14/2013,4786.180664,4830.205804,4757.168611,4830.088621
3/15/2013,4819.136719,4854.339939,4803.393191,4803.393191
3/18/2013,4802.63916,4822.013406,4781.814776,4811.976687
3/19/2013,4822.439453,4840.472932,4812.686903,4815.407988
3/20/2013,4831.312012,4843.198756,4805.307164,4835.119969
3/21/2013,4802.479004,4855.012114,4786.587533,4833.574961
3/22/2013,4722.975586,4816.276647,4721.132396,4799.001439
3/25/2013,4799.477051,4799.477051,4751.95693,4754.573527
3/26/2013,4842.330078,4861.57005,4798.808827,4801.973743
3/27/2013,4927.910645,4927.910645,4853.687453,4854.290457
3/28/2013,4940.793945,4940.793945,4898.242864,4921.123811
4/1/2013,4937.383301,4953.206416,4922.353611,4926.932535
4/2/2013,4957.058105,4968.117734,4942.613843,4944.700676
4/3/2013,4981.271973,4985.658032,4947.88753,4972.200548
4/4/2013,4922.419434,4970.87751,4922.419434,4970.344816
4/5/2013,4925.876465,4948.557712,4907.439193,4932.016363
4/8/2013,4897.330566,4934.260283,4872.366693,4924.18255
4/9/2013,4899.396484,4929.882604,4881.66524,4909.739344
4/10/2013,4877.285156,4909.906933,4864.674319,4908.860587
4/11/2013,4924.071777,4924.071777,4885.596222,4887.005835
4/12/2013,4937.018066,4949.645505,4925.650344,4925.68257
4/15/2013,4894.401367,4924.463186,4890.85756,4921.75333
4/16/2013,4945.060059,4945.060059,4856.106497,4881.145559
4/17/2013,4998.458008,4998.458008,4953.280081,4956.389823
4/18/2013,5012.443359,5012.443359,4975.094713,4981.860564
4/19/2013,4998.266113,5023.511223,4985.77246,5004.483156
4/22/2013,4996.728027,5026.722952,4973.39007,5003.922083
4/23/2013,4975.136719,4998.999561,4970.909832,4997.276972
4/24/2013,5011.412109,5011.412109,4986.910132,4994.02509
4/25/2013,4994.328613,5015.839983,4962.248807,5002.308283
4/26/2013,4978.313477,5005.422775,4978.313477,4991.934041
4/29/2013,4999.557129,5001.6923,4981.016836,4986.108922
4/30/2013,5033.875,5033.875,4977.309329,5000.400716
5/1/2013,5060.72168,5062.475518,5011.960397,5020.000122
5/2/2013,4993.851563,5062.452897,4991.957593,5047.631696
5/3/2013,4925.291504,5006.308375,4907.406457,4991.556019
5/6/2013,4991.676758,4996.255681,4933.316725,4933.316725
5/7/2013,5042.593262,5042.593262,4985.344508,4991.346228
5/8/2013,5089.137207,5089.137207,5041.174227,5043.066243
5/10/2013,5105.737793,5115.443469,5083.028718,5090.765233
5/13/2013,5054.430664,5102.306725,5030.248502,5101.699815
5/14/2013,5081.742188,5081.742188,5037.208764,5049.298626
5/15/2013,5089.682129,5103.689885,5077.636698,5085.449383
5/16/2013,5078.480469,5112.940064,5076.773504,5091.366686
5/17/2013,5145.48291,5162.180014,5074.82062,5077.327359
5/20/2013,5214.772949,5243.3026,5164.737789,5164.737789
5/21/2013,5188.557129,5251.091808,5161.793521,5225.386752
5/22/2013,5207.795898,5235.555558,5185.35195,5188.318631
5/23/2013,5121.203613,5208.936529,5089.731205,5203.126696
5/24/2013,5154.89209,5174.469453,5130.367166,5131.494075
5/27/2013,5084.938477,5150.483779,5075.987653,5144.978134
5/28/2013,5176.033203,5186.614822,5072.035302,5072.035302
5/29/2013,5200.490723,5224.873076,5152.890522,5189.226512
5/30/2013,5129.447266,5178.436569,5110.954822,5178.436569
5/31/2013,5068.430664,5149.137484,5068.430664,5135.047212
6/3/2013,4971.160645,5055.635386,4958.612304,5053.348366
6/4/2013,5021.416016,5021.416016,4936.370504,4971.770979
6/5/2013,5001.026367,5002.729914,4952.568294,5002.547304
6/7/2013,4865.135254,4985.374236,4865.135254,4984.129656
6/10/2013,4777.179688,4915.734853,4750.766651,4894.232758
6/11/2013,4609.768555,4781.0568,4573.107874,4774.297786
6/12/2013,4697.700684,4697.700684,4510.80416,4578.216571
6/13/2013,4607.483887,4670.552235,4567.939526,4637.729781
6/14/2013,4760.558594,4776.904636,4647.559092,4647.559092
6/17/2013,4774.318359,4804.316217,4751.434483,4755.38599
6/18/2013,4840.263672,4861.82045,4794.634101,4794.709293
6/19/2013,4806.46875,4880.210998,4801.013396,4847.74937
6/20/2013,4629.813965,4742.909661,4619.668364,4742.909661
6/21/2013,4515.196777,4561.726709,4474.789166,4550.066517
6/24/2013,4429.287598,4561.372301,4429.287598,4524.064183
6/25/2013,4418.699707,4496.378806,4373.206364,4463.14768
6/26/2013,4587.549316,4620.67205,4469.856636,4478.458351
6/27/2013,4675.567383,4732.800999,4643.855724,4643.855724
6/28/2013,4818.70752,4818.70752,4721.392458,4722.292326
7/1/2013,4777.266602,4815.538064,4747.790696,4756.997369
7/2/2013,4728.52002,4810.382555,4724.682278,4805.929115
7/3/2013,4576.974609,4715.361311,4576.944825,4713.50152
7/4/2013,4581.754395,4644.645984,4581.505381,4597.271856
7/5/2013,4602.628418,4647.091535,4581.710285,4623.76334
7/8/2013,4433.452148,4579.908352,4433.452148,4578.539265
7/9/2013,4403.628418,4482.068724,4403.628418,4462.634422
7/10/2013,4478.469727,4494.98715,4413.419036,4413.998115
7/11/2013,4604.042969,4621.59795,4503.99364,4503.99364
7/12/2013,4632.927734,4679.348781,4592.805271,4614.302482
7/15/2013,4635.548828,4640.828408,4581.947884,4639.628748
7/16/2013,4643.85791,4663.667196,4621.282619,4631.953101
7/17/2013,4678.818359,4679.257307,4643.147877,4651.945385
7/18/2013,4720.251465,4720.251465,4670.84616,4672.098064
7/19/2013,4724.227539,4739.873904,4706.286342,4709.650957
7/22/2013,4678.800293,4740.124071,4677.475638,4731.091221
7/23/2013,4766.973633,4766.973633,4696.599419,4696.599419
7/24/2013,4717.919434,4779.15582,4677.707131,4760.220522
7/25/2013,4673.935547,4722.191484,4665.700515,4720.106604
7/26/2013,4658.692871,4699.956403,4647.321243,4679.518233
7/29/2013,4580.288086,4648.969488,4575.228713,4648.922615
7/30/2013,4608.309082,4637.699049,4599.62485,4600.929487
7/31/2013,4610.197266,4635.869117,4562.960337,4625.459854
8/1/2013,4624.15625,4632.248221,4591.914339,4618.784388
8/2/2013,4640.600098,4658.252731,4618.898306,4645.065256
8/12/2013,4597.601074,4634.032764,4581.675912,4629.20092
8/13/2013,4652.21582,4652.21582,4597.008009,4597.008009
8/14/2013,4699.549805,4699.549805,4649.167002,4658.501599
8/15/2013,4684.946289,4686.104447,4663.920253,4682.787682
8/16/2013,4568.476074,4647.096062,4568.303229,4647.096062
8/19/2013,4313.350098,4535.967405,4310.52013,4534.136422
8/20/2013,4174.820313,4259.431275,4062.14184,4259.431275
8/21/2013,4218.28418,4261.27323,4150.080778,4184.065296
8/22/2013,4171.250488,4192.014816,4107.487837,4167.286776
8/23/2013,4169.664551,4239.714554,4151.349347,4195.933546
8/26/2013,4120.508301,4196.028306,4120.508301,4176.583263
8/27/2013,3967.687744,4100.022686,3954.707292,4099.207776
8/28/2013,4026.318604,4033.454312,3837.585949,3902.319273
8/29/2013,4103.433105,4103.433105,4026.699275,4041.338842
8/30/2013,4194.925781,4194.925781,4093.635774,4099.100405
9/2/2013,4101.073242,4206.786412,4061.48079,4196.557806
9/3/2013,4163.850098,4172.162762,4109.995749,4112.472703
9/4/2013,4073.296631,4144.463784,4069.53872,4143.575635
9/5/2013,4050.706299,4123.567476,4015.2797,4093.990502
9/6/2013,4072.195557,4072.195557,4012.524783,4058.298148
9/9/2013,4191.094727,4191.094727,4102.264199,4105.785058
9/10/2013,4357.973633,4357.973633,4225.639911,4225.979741
9/11/2013,4349.249512,4404.573528,4289.639041,4376.929586
9/12/2013,4356.435547,4371.932991,4318.427259,4331.123543
9/13/2013,4375.368652,4375.368652,4318.05399,4338.62106
9/16/2013,4522.0625,4522.0625,4403.223382,4403.223382
9/17/2013,4517.444824,4536.750716,4479.121116,4518.083471
9/18/2013,4463.080078,4504.905598,4447.902935,4501.785602
9/19/2013,4670.55127,4791.578789,4576.392822,4576.392822
9/20/2013,4583.649414,4669.539132,4576.141406,4655.337537
9/23/2013,4562.679688,4562.679688,4512.0298,4526.627377
9/24/2013,4460.239746,4574.399372,4443.235524,4548.371087
9/25/2013,4406.595703,4443.197307,4353.054817,4390.067049
9/26/2013,4405.72168,4470.079039,4395.641017,4402.775505
9/27/2013,4423.546875,4452.709313,4412.112262,4436.591289
9/30/2013,4316.007324,4403.208999,4313.116812,4385.335673
10/1/2013,4345.729492,4379.510402,4314.79271,4314.79271
10/2/2013,4387.433105,4425.750461,4371.843869,4371.843869
10/3/2013,4418.470703,4422.607261,4395.576577,4396.349496
10/4/2013,4389.17627,4411.994229,4372.842921,4408.573463
10/7/2013,4374.788574,4409.595324,4357.286326,4392.374803
10/8/2013,4432.334473,4439.549524,4357.849576,4358.858326
10/9/2013,4457.264648,4469.066436,4409.445707,4420.462857
10/10/2013,4486.503906,4502.900242,4477.283073,4481.089078
10/11/2013,4519.736328,4543.557179,4506.675801,4523.752285
10/16/2013,4492.085938,4532.856319,4484.200015,4527.632402
10/17/2013,4518.754883,4550.366449,4501.452331,4524.977298
10/18/2013,4546.394043,4546.394043,4500.978816,4519.009365
10/21/2013,4578,4584.804423,4549.752076,4557.432441
10/22/2013,4512.567871,4559.32582,4499.510273,4551.050263
10/23/2013,4546.322266,4608.929695,4529.960109,4529.960109
10/24/2013,4594.666504,4594.666504,4533.170849,4537.384552
10/25/2013,4580.66748,4604.027409,4567.227575,4579.185116
10/28/2013,4590.359375,4611.084642,4573.216976,4593.826037
10/29/2013,4562.592773,4592.3465,4543.234639,4580.923116
10/30/2013,4574.699707,4579.238593,4541.585274,4563.528267
10/31/2013,4510.455566,4547.172401,4483.448803,4533.581621
11/1/2013,4432.416016,4518.477601,4432.416016,4473.555525
11/4/2013,4423.115723,4446.156817,4403.224408,4426.36169
11/6/2013,4449.586914,4449.586914,4415.57554,4428.648763
11/7/2013,4485.93457,4494.173508,4451.211798,4454.234142
11/8/2013,4476.545898,4484.805342,4446.310748,4460.469376
11/11/2013,4441.55127,4484.882591,4433.039394,4473.703827
11/12/2013,4380.469238,4454.987327,4370.854379,4449.103279
11/13/2013,4301.724121,4358.317627,4283.863486,4358.317627
11/14/2013,4367.201172,4382.734259,4323.710677,4323.710677
11/15/2013,4335.279785,4406.465007,4321.913117,4388.737669
11/18/2013,4393.420898,4403.38389,4360.693168,4361.053505
11/19/2013,4398.165039,4404.896711,4364.853345,4391.064241
11/20/2013,4350.616699,4408.223342,4331.43727,4408.223342
11/21/2013,4326.036621,4337.980004,4299.966347,4327.639586
11/22/2013,4317.791504,4359.410974,4303.361891,4352.381951
11/25/2013,4334.634766,4346.489285,4316.567108,4329.21359
11/26/2013,4235.096191,4332.218383,4235.096191,4329.383044
11/27/2013,4251.32373,4272.267253,4219.885986,4259.160829
11/28/2013,4233.759766,4274.353398,4202.755115,4264.034953
11/29/2013,4256.270508,4256.270508,4218.378915,4220.106875
12/2/2013,4321.808594,4331.421012,4265.431885,4268.910753
12/3/2013,4288.597168,4319.890871,4269.178979,4318.17463
12/4/2013,4241.136719,4267.435012,4241.136719,4265.869155
12/5/2013,4216.72998,4241.939937,4186.78095,4237.842929
12/6/2013,4180.625488,4204.213438,4160.86112,4202.096333
12/9/2013,4214.177734,4227.067369,4192.307004,4210.036294
12/10/2013,4275.511719,4275.782704,4220.749691,4224.288616
12/11/2013,4271.57666,4281.938073,4235.251904,4273.773352
12/12/2013,4212.053711,4248.171445,4212.053711,4238.789974
12/13/2013,4174.66748,4214.423745,4163.699646,4213.498976
12/16/2013,4125.79541,4160.357053,4109.149086,4157.599348
12/17/2013,4182.183594,4196.499932,4147.744503,4147.744503
12/18/2013,4196.119141,4213.781052,4171.861783,4191.148142
12/19/2013,4231.814941,4257.001947,4208.338806,4227.877107
12/20/2013,4195.393066,4230.441509,4180.649499,4228.627614
12/23/2013,4189.445313,4205.021856,4153.955967,4201.544941
12/24/2013,4202.669922,4206.477879,4174.297006,4196.282964
12/27/2013,4212.815918,4233.687175,4207.780958,4209.567998
12/30/2013,4274.010254,4274.010254,4232.420077,4240.223972
1/2/2014,4327.09668,4327.09668,4287.641184,4294.327936
1/3/2014,4257.49707,4298.06336,4247.821178,4297.547266
1/6/2014,4202.64502,4263.45661,4188.211501,4259.416729
1/7/2014,4175.643555,4212.152875,4175.643555,4206.13309
1/8/2014,4200.429199,4204.138039,4161.030831,4183.386894
1/9/2014,4201.054199,4216.657596,4188.957991,4199.804248
1/10/2014,4254.805664,4269.993061,4190.399967,4196.525705
1/13/2014,4390.600098,4393.148827,4292.166917,4294.026708
1/15/2014,4441.421387,4459.303503,4397.946028,4402.186586
1/16/2014,4412.317383,4457.591015,4411.734398,4455.371863
1/17/2014,4412.056641,4429.396787,4391.006189,4408.194974
1/20/2014,4431.399414,4435.795239,4407.705511,4407.854431
1/21/2014,4452.326172,4457.343067,4440.067859,4442.172757
1/22/2014,4477.314453,4477.314453,4436.884387,4445.081821
1/23/2014,4495.866699,4510.039975,4483.0713,4495.304709
1/24/2014,4437.169922,4480.44265,4437.169922,4479.2176
1/27/2014,4322.611328,4360.183106,4286.276807,4357.564068
1/28/2014,4341.481934,4353.692396,4293.817773,4311.461129
1/29/2014,4417.176758,4432.175196,4355.754838,4355.754838
1/30/2014,4418.584473,4418.584473,4347.560388,4368.492677
2/3/2014,4386.087891,4410.605002,4377.371433,4406.828293
2/4/2014,4352.086426,4367.130762,4320.614995,4335.111012
2/5/2014,4384.13916,4391.713572,4365.863017,4377.875244
2/6/2014,4424.536621,4424.536621,4385.12507,4386.372092
2/7/2014,4466.490723,4474.023632,4440.412639,4441.546872
2/10/2014,4450.575195,4502.60003,4448.869207,4485.288691
2/11/2014,4470.015625,4474.973439,4452.1672,4453.85854
2/12/2014,4496.11084,4502.011489,4480.796496,4489.427018
2/13/2014,4491.484863,4500.146146,4484.111128,4493.462813
2/14/2014,4507.868652,4512.573548,4498.091201,4504.475718
2/17/2014,4555.190918,4559.92462,4524.350809,4524.350809
2/18/2014,4556.013672,4570.127381,4549.825924,4558.801649
2/19/2014,4592.472168,4592.472168,4559.154617,4559.31672
2/20/2014,4598.04248,4598.04248,4574.794361,4583.391683
2/21/2014,4645.97168,4650.278641,4613.719031,4614.710203
2/24/2014,4623.394531,4665.085782,4622.749537,4652.596033
2/25/2014,4577.112793,4642.932007,4567.696167,4628.01169
2/26/2014,4532.543457,4570.876923,4520.044921,4562.312316
2/27/2014,4568.762207,4575.151119,4529.960006,4533.763569
2/28/2014,4620.036133,4620.036133,4579.366816,4581.260785
3/3/2014,4584.026367,4589.746847,4567.581696,4589.445101
3/4/2014,4601.105469,4602.020472,4568.477342,4581.13017
3/5/2014,4658.990723,4658.990723,4620.864275,4620.945327
3/6/2014,4687.674316,4687.674316,4656.831768,4667.598927
3/7/2014,4685.70752,4708.278417,4680.317593,4700.231856
3/10/2014,4677.064453,4689.162128,4654.397365,4665.05906
3/11/2014,4704.030762,4706.420805,4672.358166,4673.199931
3/12/2014,4684.202148,4698.291931,4667.210135,4680.522604
3/13/2014,4725.98291,4725.98291,4691.108292,4694.739986
3/14/2014,4878.453125,4878.453125,4676.049873,4693.633172
3/17/2014,4875.998047,4903.306065,4845.591028,4887.16851
3/18/2014,4805.424805,4895.308514,4801.832171,4878.348236
3/19/2014,4821.269531,4837.994955,4816.523622,4817.314607
3/20/2014,4698.790039,4808.742786,4690.958313,4807.529454
3/21/2014,4700.031738,4736.11627,4661.430215,4710.326259
3/24/2014,4720.236328,4727.438196,4695.175291,4711.936846
3/25/2014,4702.907715,4712.581655,4694.065286,4706.071654
3/26/2014,4728.056152,4744.711266,4707.676575,4708.070602
3/27/2014,4722.873535,4757.826278,4717.546594,4721.336486
3/28/2014,4768.091309,4769.034631,4737.036853,4737.449435
4/1/2014,4873.744141,4873.744141,4793.702338,4795.975199
4/2/2014,4870.015625,4901.914286,4857.493163,4878.150074
4/3/2014,4891.129395,4896.420204,4876.214936,4877.12701
4/4/2014,4857.754883,4899.015485,4839.071528,4894.144581
4/7/2014,4920.847656,4930.688094,4852.786339,4855.678316
4/8/2014,4921.212402,4932.920931,4905.880967,4922.408645
4/10/2014,4765.543457,4829.124966,4739.607455,4829.124966
4/11/2014,4816.388672,4816.388672,4721.412389,4734.120878
4/14/2014,4864.694824,4869.912883,4812.440995,4812.440995
4/15/2014,4870.025391,4893.040609,4862.824011,4872.109294
4/16/2014,4872.821289,4893.344415,4870.421969,4883.297443
4/17/2014,4896.861328,4906.096321,4883.083055,4897.006342
4/21/2014,4892.097656,4915.011803,4887.584648,4912.316596
4/22/2014,4898.015625,4898.015625,4858.630926,4889.677082
4/23/2014,4892.95752,4916.706595,4887.076889,4892.581558
4/24/2014,4890.888672,4916.041501,4880.658113,4891.491676
4/25/2014,4897.452637,4916.40063,4891.079838,4893.195966
4/28/2014,4818.570313,4901.656435,4818.570313,4895.645438
4/29/2014,4819.493652,4823.386567,4799.820101,4810.327017
4/30/2014,4839.95752,4846.04322,4827.29395,4834.046617
5/2/2014,4838.571289,4858.717965,4835.006487,4845.152087
5/5/2014,4842.313965,4856.147409,4837.885427,4842.341796
5/6/2014,4834.279785,4854.903007,4828.449445,4845.279357
5/7/2014,4861.879883,4869.39961,4828.029148,4833.129047
5/8/2014,4860.700195,4888.861698,4842.209703,4878.620397
5/9/2014,4897.947754,4897.947754,4863.301152,4865.337694
5/12/2014,4912.806641,4929.540852,4907.53585,4907.547568
5/13/2014,4921.202637,4941.052939,4902.612539,4933.470226
5/14/2014,4991.441895,4991.441895,4936.335642,4938.069949
5/16/2014,5031.375,5031.375,4976.980144,4983.092211
5/19/2014,5014.80127,5091.119105,4976.205601,5052.854479
5/20/2014,4895.764648,5010.009228,4865.134004,5009.423313
5/21/2014,4910.100586,4913.220582,4868.01043,4885.294424
5/22/2014,4969.688477,4973.931476,4925.882564,4931.168979
5/23/2014,4972.86377,4977.303538,4958.977102,4973.348614
5/26/2014,4963.731445,4985.890738,4961.232519,4984.495773
5/28/2014,4985.384277,4987.99111,4957.621197,4959.35111
5/30/2014,4893.717773,4997.899755,4893.717773,4996.507719
6/2/2014,4911.899414,4911.899414,4875.429156,4900.782171
6/3/2014,4941.964355,4941.964355,4896.758112,4919.852914
6/4/2014,4932.37207,4946.694755,4919.724613,4932.926248
6/5/2014,4935.37207,4938.085832,4912.696194,4932.243286
6/6/2014,4936.983887,4958.239408,4928.704423,4931.303443
6/9/2014,4884.893066,4948.419405,4875.998393,4945.646563
6/10/2014,4945.896973,4945.896973,4893.516203,4893.516203
6/11/2014,4971.752441,4971.752441,4939.786888,4942.532875
6/12/2014,4934.215332,4965.689694,4920.795444,4962.9232
6/13/2014,4926.47168,4929.420296,4918.286939,4927.17966
6/16/2014,4885.269043,4929.360102,4879.970421,4923.876429
6/17/2014,4909.325684,4909.325684,4878.128658,4889.525186
6/18/2014,4887.669922,4906.47925,4881.760484,4906.354254
6/19/2014,4864.083984,4900.131412,4859.014357,4895.773671
6/20/2014,4847.512207,4884.292512,4847.512207,4874.783117
6/23/2014,4841.939941,4867.830044,4840.790084,4857.73327
6/24/2014,4862.05127,4868.828838,4847.237392,4847.237392
6/25/2014,4838.793457,4874.834045,4838.793457,4859.694498
6/26/2014,4872.22998,4872.22998,4846.024947,4846.792984
6/27/2014,4844.944824,4870.887172,4834.848538,4863.993398
6/30/2014,4878.39209,4878.39209,4845.4173,4847.015382
7/1/2014,4884.635254,4884.635254,4862.230852,4877.46024
7/2/2014,4908.08252,4908.08252,4879.008946,4887.659488
7/3/2014,4888.544922,4908.044164,4887.786162,4905.541332
7/4/2014,4905.633789,4917.480007,4884.251323,4884.251323
7/7/2014,4988.836426,4988.836426,4918.673632,4921.594416
7/8/2014,5024.516113,5050.362274,5007.958653,5008.267723
7/10/2014,5097.811523,5165.215152,5072.785641,5109.416541
7/11/2014,5032.40332,5078.50553,5002.790215,5072.946665
7/14/2014,5020.867188,5047.564389,4999.65903,5041.156435
7/15/2014,5070.623535,5070.623535,5032.763192,5032.763192
7/16/2014,5113.730957,5132.5271,5076.072268,5076.072268
7/17/2014,5071.004883,5136.578016,5039.151141,5128.307341
7/18/2014,5086.816406,5100.58052,5040.055041,5048.686541
7/21/2014,5126.923828,5129.789439,5107.263459,5107.263459
7/22/2014,5083.323242,5154.833644,5013.817157,5141.769211
7/23/2014,5093.031738,5139.465966,5087.022207,5104.631384
7/24/2014,5098.442871,5119.293135,5079.861562,5109.799363
7/25/2014,5088.604004,5109.973291,5059.795553,5104.357786
8/4/2014,5119.045898,5119.045898,5050.320546,5076.029506
8/5/2014,5108.887695,5124.783072,5091.09542,5122.865178
8/6/2014,5058.029785,5085.524807,5050.493946,5081.618709
8/7/2014,5066.780762,5068.220647,5043.32855,5051.895111
8/8/2014,5053.562988,5076.358487,5047.806376,5067.831476
8/11/2014,5113.036621,5113.036621,5087.788581,5090.575582
8/12/2014,5132.195313,5143.806677,5127.014362,5128.921514
8/13/2014,5168.067383,5168.067383,5134.030625,5136.995353
8/14/2014,5155.346191,5177.780377,5133.288945,5170.273833
8/15/2014,5148.761719,5161.154303,5143.873237,5155.388414
8/18/2014,5156.550293,5165.379051,5147.185911,5154.195404
8/19/2014,5164.966797,5178.124488,5159.952832,5171.351802
8/20/2014,5189.965332,5190.731416,5166.673268,5167.394432
8/21/2014,5205.933105,5205.933105,5154.484918,5189.96449
8/22/2014,5198.693848,5223.771974,5186.360343,5215.628248
8/25/2014,5184.754395,5199.80752,5177.488564,5194.272091
8/26/2014,5146.351563,5194.905826,5144.06503,5191.050996
8/27/2014,5165.045898,5171.181402,5144.761532,5144.761532
8/28/2014,5184.277344,5194.273049,5164.814234,5166.009011
8/29/2014,5136.662598,5192.626725,5136.662598,5175.061492
9/1/2014,5177.416504,5179.653233,5157.137997,5159.741899
9/2/2014,5201.383789,5201.748033,5179.130748,5179.130748
9/3/2014,5223.931152,5226.05021,5205.920136,5205.920136
9/4/2014,5205.119141,5232.459385,5195.201558,5225.085648
9/5/2014,5217.131836,5224.096409,5199.706733,5200.163747
9/8/2014,5246.278809,5262.363144,5240.939173,5241.029989
9/9/2014,5196.916992,5251.459792,5196.916992,5248.876885
9/10/2014,5142.791016,5190.047965,5129.534207,5190.047965
9/11/2014,5132.833496,5178.101754,5132.833496,5146.892519
9/12/2014,5143.510742,5156.772433,5127.528454,5134.90512
9/15/2014,5144.697754,5148.520847,5117.526936,5118.066954
9/16/2014,5130.303223,5156.526323,5130.303223,5151.58755
9/17/2014,5187.982422,5198.088963,5157.660358,5158.941559
9/18/2014,5207.938965,5216.373694,5186.723484,5196.196259
9/19/2014,5227.378418,5250.623606,5210.111024,5216.231879
9/22/2014,5219.600098,5228.7057,5208.749446,5219.123065
9/23/2014,5187.912109,5202.247978,5183.954255,5201.74458
9/24/2014,5173.805176,5206.999194,5173.805176,5189.895857
9/25/2014,5201.176758,5213.041531,5180.112635,5201.310053
9/26/2014,5132.363281,5142.832112,5105.121177,5142.832112
9/29/2014,5141.811035,5141.811035,5082.529164,5122.626723
9/30/2014,5137.378906,5150.805141,5102.212308,5115.613641
10/1/2014,5140.712891,5165.192894,5124.030435,5148.373725
10/2/2014,5000.614258,5106.910898,4996.76724,5106.910898
10/3/2014,4949.15332,5024.382322,4932.847803,5009.475677
10/6/2014,4999.943359,5006.143801,4946.504035,4975.010249
10/7/2014,5032.64502,5048.032604,4999.966603,5016.959595
10/8/2014,4958.326172,5004.368326,4958.326172,4992.225732
10/9/2014,4993.68457,5014.309744,4992.479539,4993.030787
10/10/2014,4962.766602,4970.835135,4933.192559,4948.091392
10/13/2014,4912.861816,4946.814107,4912.861816,4937.171416
10/14/2014,4922.390625,4941.404046,4900.527217,4902.268361
10/15/2014,4962.746582,4972.801366,4942.809371,4947.590434
10/16/2014,4951.420898,4976.426272,4924.381424,4933.101788
10/17/2014,5028.75,5043.568759,4953.30616,4957.986154
10/20/2014,5040.336426,5101.014733,5040.336426,5068.386117
10/21/2014,5029.148438,5060.132094,5016.263685,5057.091197
10/22/2014,5074.125977,5079.037407,5054.191693,5055.297607
10/23/2014,5103.319336,5103.319336,5069.043815,5076.388256
10/24/2014,5072.870605,5107.065565,5062.706938,5098.093746
10/27/2014,5024.096191,5090.847496,5024.096191,5086.055691
10/28/2014,5001.109375,5032.353763,4995.660369,5028.133225
10/29/2014,5073.858887,5074.1079,5018.77802,5019.290696
10/30/2014,5058.651855,5076.089164,5032.179743,5072.707948
10/31/2014,5089.349121,5089.349121,5060.399562,5075.89896
11/3/2014,5085.311035,5103.499781,5060.119144,5102.338693
11/4/2014,5070.742676,5090.247776,5070.288592,5078.323436
11/5/2014,5066.634766,5087.045104,5051.811124,5075.046547
11/6/2014,5034.035156,5074.051666,5029.754561,5069.747634
11/7/2014,4987.22998,5040.775263,4979.002273,5033.169601
11/10/2014,4965.193848,5008.59499,4965.193848,4997.105203
11/11/2014,5032.088379,5043.324758,4970.30465,4970.926696
11/12/2014,5048.644043,5067.767321,5035.508813,5047.044496
11/13/2014,5048.471191,5052.288914,5029.424082,5046.301354
11/14/2014,5049.291016,5067.879647,5035.264707,5047.441478
11/17/2014,5053.746094,5073.564658,5036.839037,5037.103675
11/18/2014,5102.270508,5102.270508,5068.083363,5076.906261
11/19/2014,5127.733887,5140.778302,5111.497213,5113.956102
11/20/2014,5093.367676,5126.079293,5071.24256,5122.992499
11/21/2014,5111.845703,5122.622139,5083.897085,5090.850428
11/24/2014,5141.563965,5156.883193,5124.609547,5133.748351
11/25/2014,5118.745605,5149.278597,5118.745605,5136.834257
11/26/2014,5132.836426,5136.864101,5107.373061,5125.039366
11/27/2014,5145.114746,5148.21277,5134.502366,5134.502366
11/28/2014,5149.687988,5149.687988,5126.780676,5139.442293
12/1/2014,5164.086914,5167.489614,5134.553885,5150.179253
12/2/2014,5175.591309,5193.844504,5166.427603,5169.413815
12/3/2014,5165.842773,5187.148096,5156.952006,5180.059505
12/4/2014,5176.958496,5199.128531,5160.57974,5171.841508
12/5/2014,5187.79248,5206.021752,5185.013292,5185.049423
12/8/2014,5143.813965,5207.013165,5124.344508,5197.687845
12/9/2014,5122.112793,5142.616878,5122.112793,5132.709549
12/10/2014,5165.206055,5168.528679,5121.37866,5121.37866
12/11/2014,5152.494629,5166.499456,5136.999625,5139.086458
12/12/2014,5160.232422,5178.31375,5150.38466,5150.96081
12/15/2014,5108.23291,5125.870894,5094.217343,5124.062371
12/16/2014,5025.832031,5069.065698,5005.07991,5067.752761
12/17/2014,5035.453125,5059.535196,5021.753951,5030.619329
12/18/2014,5113.145996,5113.145996,5076.028302,5076.028302
12/19/2014,5144.420898,5162.170208,5127.523607,5141.505973
12/22/2014,5125.572754,5166.820174,5125.572754,5160.818454
12/23/2014,5138.867676,5151.172372,5138.854981,5139.587863
12/24/2014,5166.78125,5175.180825,5140.767129,5141.177269
12/29/2014,5178.171387,5185.462118,5167.227965,5168.519907
12/30/2014,5226.743164,5226.743164,5175.440475,5177.741167
1/2/2015,5242.564941,5247.733685,5230.546366,5233.592146
1/5/2015,5219.791992,5233.4565,5206.082565,5229.48058
1/6/2015,5168.858398,5194.600558,5168.858398,5186.001773
1/7/2015,5206.915039,5207.172842,5174.594034,5175.352306
1/8/2015,5211.625,5229.975359,5208.79015,5218.196521
1/9/2015,5216.461914,5240.03375,5212.076831,5226.683684
1/12/2015,5187.731445,5220.046107,5183.01239,5202.546787
1/13/2015,5214.155762,5217.017955,5196.883485,5199.732495
1/14/2015,5159.467285,5224.819724,5159.467285,5217.00118
1/15/2015,5188.510254,5193.753214,5167.806957,5180.232744
1/16/2015,5148.178711,5204.290787,5148.178711,5181.809727
1/19/2015,5151.892578,5171.483125,5132.506613,5151.958982
1/20/2015,5165.888672,5165.888672,5121.615494,5154.169402
1/21/2015,5215.062988,5215.062988,5164.103059,5176.149465
1/22/2015,5252.978516,5267.366627,5214.822775,5215.437009
1/23/2015,5323.677246,5324.831498,5280.97725,5280.97725
1/26/2015,5259.818848,5309.316918,5208.218809,5302.432421
1/27/2015,5276.943848,5276.943848,5243.549149,5254.252835
1/28/2015,5268.646973,5279.708554,5263.34005,5272.015982
1/29/2015,5262.512695,5266.783525,5253.247431,5263.330046
1/30/2015,5289.197754,5298.253553,5281.375305,5290.181114
2/2/2015,5276.030762,5291.208394,5257.002693,5276.948695
2/3/2015,5291.511719,5309.906022,5281.85145,5287.417152
2/4/2015,5315.077148,5348.632482,5297.913754,5315.241205
2/5/2015,5279.689453,5314.079227,5253.831573,5308.921225
2/6/2015,5342.307129,5342.307129,5296.390948,5297.144825
2/9/2015,5348.262207,5374.878848,5333.022565,5341.551042
2/10/2015,5321.266602,5362.36412,5309.875932,5353.598348
2/11/2015,5336.311523,5344.873202,5327.685882,5336.449702
2/12/2015,5343.203125,5345.932023,5320.037035,5341.849174
2/13/2015,5373.955566,5380.627181,5352.743503,5363.773834
2/16/2015,5325.287598,5383.814126,5320.191605,5377.762604
2/17/2015,5337.293457,5342.717074,5319.258025,5325.477022
2/18/2015,5390.239746,5415.172371,5372.545121,5372.545121
2/20/2015,5399.893555,5427.102455,5398.137764,5399.221706
2/23/2015,5403.066406,5418.373915,5387.169076,5409.733139
2/24/2015,5417.103516,5422.229293,5397.573513,5399.44844
2/25/2015,5444.895996,5448.482771,5425.683853,5426.016848
2/26/2015,5451.209961,5458.85566,5429.273802,5429.273802
2/27/2015,5450.082031,5464.006783,5440.927602,5455.012992
3/2/2015,5477.617676,5477.617676,5451.355515,5452.61865
3/3/2015,5474.405762,5499.550778,5472.359943,5479.40752
3/4/2015,5447.847168,5484.642612,5435.223636,5477.611147
3/5/2015,5450.734863,5476.413064,5450.734863,5457.684788
3/6/2015,5514.572754,5514.572754,5460.6769,5466.935445
3/9/2015,5444.421875,5484.789444,5424.742953,5483.644469
3/10/2015,5462.71582,5471.069499,5407.356645,5436.917507
3/11/2015,5419.35498,5439.050503,5405.731487,5438.116457
3/12/2015,5439.620117,5449.390733,5417.388073,5417.980823
3/13/2015,5426.254883,5462.375549,5420.589087,5457.723874
3/16/2015,5435.059082,5449.730385,5415.256631,5415.256631
3/17/2015,5438.940918,5463.803231,5431.585248,5452.620561
3/18/2015,5412.94043,5434.828739,5412.745613,5425.598141
3/19/2015,5453.64209,5461.084672,5443.892469,5444.855322
3/20/2015,5442.853027,5453.480543,5423.066688,5432.939351
3/23/2015,5436.88623,5467.727802,5436.88623,5455.66626
3/24/2015,5447.436035,5457.733486,5434.252466,5440.376251
3/25/2015,5405.27832,5440.238385,5396.202014,5437.530483
3/26/2015,5368.590332,5413.075901,5368.461431,5380.81007
3/27/2015,5396.644043,5397.630821,5350.262058,5352.535896
3/30/2015,5438.443848,5459.533358,5411.758364,5415.068782
3/31/2015,5518.459961,5518.459961,5483.832403,5490.761332
4/1/2015,5466.654785,5523.821509,5454.32128,5516.583509
4/2/2015,5456.187012,5489.426932,5436.742943,5479.951225
4/6/2015,5479.817383,5489.389276,5465.394116,5467.483879
4/7/2015,5523.074707,5523.074707,5493.626636,5502.10238
4/8/2015,5486.370117,5518.585658,5476.677624,5513.764069
4/9/2015,5500.686035,5500.686035,5478.300187,5494.332278
4/10/2015,5491.125977,5508.786422,5471.185835,5504.027818
4/13/2015,5447.197266,5486.669363,5430.707673,5479.520715
4/14/2015,5418.895996,5448.236163,5397.517922,5438.317115
4/15/2015,5414.336426,5429.858772,5394.09649,5426.019077
4/16/2015,5420.521973,5428.010939,5401.469003,5420.679193
4/17/2015,5410.433594,5428.719015,5410.433594,5417.801471
4/20/2015,5400.592773,5406.851319,5383.043164,5406.552502
4/21/2015,5460.36084,5460.36084,5404.792689,5406.41079
4/22/2015,5436.907227,5457.989413,5425.993589,5452.248425
4/23/2015,5435.99707,5464.122927,5430.070544,5441.498809
4/24/2015,5435.143066,5464.127776,5424.552659,5451.563325
4/27/2015,5245.241699,5403.383983,5223.822611,5398.351952
4/28/2015,5241.953125,5241.953125,5164.540124,5210.93529
4/29/2015,5105.36377,5237.006582,5014.812127,5229.356001
4/30/2015,5086.227051,5141.297175,5030.060289,5087.726992
5/4/2015,5140.937012,5170.885553,5089.219787,5093.135651
5/5/2015,5160.107422,5201.879723,5130.438654,5153.559337
5/6/2015,5184.748535,5184.748535,5120.946817,5133.536172
5/7/2015,5150.285645,5183.289733,5137.616215,5155.127741
5/8/2015,5182.01123,5200.32253,5175.552497,5175.58277
5/11/2015,5172.280273,5215.077433,5172.280273,5200.607294
5/12/2015,5205.40918,5216.906779,5173.324491,5175.752619
5/13/2015,5245.928711,5254.659328,5199.006708,5216.942046
5/15/2015,5226.892578,5264.723136,5213.874042,5252.222158
5/18/2015,5237.607422,5239.6674,5218.15017,5222.232043
5/19/2015,5269.166016,5273.282555,5219.364731,5236.699994
5/20/2015,5292.542969,5312.696969,5277.89559,5288.004083
5/21/2015,5313.000977,5335.23302,5275.781235,5309.778934
5/22/2015,5314.945801,5328.814401,5298.650537,5319.757625
5/25/2015,5288.155762,5311.086997,5285.215935,5309.627093
5/26/2015,5320.693359,5346.92427,5283.903779,5284.859796
5/27/2015,5253.183594,5315.295921,5253.183594,5296.030558
5/28/2015,5237.197266,5278.211784,5232.730642,5263.109344
5/29/2015,5216.175781,5252.000558,5214.367746,5230.111274
6/1/2015,5213.612793,5215.346612,5183.121305,5211.93073
6/3/2015,5130.299316,5205.359383,5129.286172,5201.153492
6/4/2015,5095.622559,5143.024035,5094.319875,5121.353979
6/5/2015,5100.373047,5100.373047,5074.97804,5081.413825
6/8/2015,5014.797363,5088.731503,5006.234708,5086.155431
6/9/2015,4899.691406,5002.351479,4852.575562,5002.038503
6/10/2015,4933.365234,4973.831434,4912.642896,4914.552001
6/11/2015,4928.620605,4979.0664,4911.150093,4970.998842
6/12/2015,4935.625,4947.310581,4915.833777,4933.687087
6/15/2015,4837.605469,4926.355917,4837.605469,4925.022961
6/16/2015,4872.40918,4892.314165,4825.941753,4847.200201
6/17/2015,4945.560059,4955.371688,4894.445353,4894.445353
6/18/2015,4945.306152,4964.211177,4932.726565,4947.769923
6/19/2015,4984.812012,4988.385115,4958.666056,4958.666056
6/22/2015,4959.058594,4991.847354,4957.152906,4991.847354
6/23/2015,4937.456055,4971.982545,4937.456055,4966.687829
6/24/2015,4953.323242,4973.287309,4937.937611,4953.060069
6/25/2015,4919.850586,4945.647434,4919.850586,4943.939493
6/26/2015,4922.813477,4942.133038,4897.70459,4916.835682
6/29/2015,4882.388184,4896.399357,4858.227014,4896.042438
6/30/2015,4910.466797,4930.05783,4873.879844,4887.178642
7/1/2015,4903.871582,4932.240592,4903.871582,4923.873731
7/2/2015,4944.587891,4966.38538,4914.233118,4914.233118
7/3/2015,4982.716309,4982.716309,4937.217102,4940.084666
7/6/2015,4916.549805,4960.801012,4913.094861,4945.907548
7/7/2015,4905.858398,4927.358536,4890.857031,4918.09132
7/8/2015,4871.380859,4912.445664,4856.252543,4912.445664
7/9/2015,4838.095703,4854.944656,4811.717336,4849.612833
7/10/2015,4858.845215,4882.45123,4845.596707,4858.7959
7/13/2015,4893.726563,4897.945637,4861.12578,4862.722886
7/14/2015,4901.616211,4927.181133,4891.93153,4907.675057
7/15/2015,4869.659668,4897.66932,4854.264271,4894.757813
7/22/2015,4906.497559,4906.497559,4859.270397,4887.546149
7/23/2015,4902.654297,4912.850677,4889.640643,4897.01438
7/24/2015,4856.40625,4892.221751,4848.538392,4890.588514
7/27/2015,4771.099609,4848.515544,4771.099609,4832.958044
7/28/2015,4714.572754,4749.564559,4711.308232,4747.160844
7/29/2015,4720.9375,4765.549535,4720.217313,4733.633784
7/30/2015,4712.309082,4754.536445,4711.379919,4740.067769
7/31/2015,4802.341797,4802.341797,4721.282942,4721.474341
8/3/2015,4799.995117,4815.33534,4774.59474,4777.857796
8/4/2015,4780.901367,4805.634294,4771.701041,4783.96619
8/5/2015,4850.343262,4850.343262,4780.778589,4786.204647
8/6/2015,4806.376953,4867.884814,4806.376953,4855.751009
8/7/2015,4770.117676,4804.142231,4760.719604,4801.468019
8/10/2015,4748.764648,4764.553586,4720.729605,4761.220707
8/11/2015,4622.411133,4771.535707,4619.106574,4763.447642
8/12/2015,4479.316895,4571.869933,4455.545847,4571.869933
8/13/2015,4584.071289,4600.370458,4481.097276,4481.097276
8/14/2015,4585.212402,4594.388803,4559.680194,4587.332437
8/18/2015,4510.302734,4578.904072,4505.038779,4572.171424
8/19/2015,4484.067871,4529.074911,4475.952952,4502.01981
8/20/2015,4441.738281,4472.908943,4427.692929,4470.379257
8/21/2015,4335.784668,4401.497935,4335.784668,4401.497935
8/24/2015,4163.566895,4241.746956,4110.951756,4241.141999
8/25/2015,4228.335938,4301.607003,4181.859724,4182.053564
8/26/2015,4237.567871,4237.567871,4161.049855,4200.657199
8/27/2015,4430.459473,4433.285535,4295.529663,4295.529663
8/28/2015,4446.02832,4511.07169,4433.485839,4479.932764
8/31/2015,4509.431641,4509.431641,4442.518226,4446.83007
9/1/2015,4412.287598,4484.614866,4410.959524,4484.029928
9/2/2015,4401.12207,4417.199571,4350.313985,4367.64046
9/3/2015,4432.937988,4445.634759,4404.703249,4427.780475
9/4/2015,4415.170898,4433.373315,4406.96321,4422.292692
9/7/2015,4301.198242,4397.838045,4297.653946,4397.051454
9/8/2015,4318.422363,4325.261452,4269.309533,4282.005815
9/9/2015,4347.107422,4366.074944,4323.387643,4347.315422
9/10/2015,4343.092285,4343.491195,4290.516205,4312.488007
9/11/2015,4360.297852,4381.484038,4360.193852,4363.279181
9/14/2015,4390.202148,4390.202148,4365.397938,4378.02147
9/15/2015,4346.990723,4376.611638,4334.444825,4372.699682
9/16/2015,4332.344727,4370.175287,4325.233675,4360.018455
9/17/2015,4378.213867,4389.192443,4341.653771,4345.888469
9/18/2015,4380.148926,4414.284801,4358.835793,4382.896865
9/21/2015,4375.911621,4382.069584,4343.243948,4352.197701
9/22/2015,4343.875,4389.135447,4336.921169,4380.447796
9/23/2015,4244.261719,4308.811455,4238.969932,4308.589295
9/25/2015,4209.274902,4251.060383,4193.973741,4250.564309
9/28/2015,4120.342285,4199.299168,4120.342285,4197.776278
9/29/2015,4178.245605,4178.245605,4033.429952,4070.421676
9/30/2015,4223.744141,4223.744141,4168.062221,4189.311396
10/1/2015,4254.710449,4270.745958,4228.816437,4231.245542
10/2/2015,4207.634766,4252.508016,4207.634766,4243.801324
10/5/2015,4343.532227,4346.203998,4240.853115,4243.161131
10/6/2015,4445.60791,4464.727284,4381.104559,4381.104559
10/7/2015,4486.95752,4486.95752,4414.659547,4458.66565
10/8/2015,4491.257813,4537.075848,4484.500752,4501.920482
10/9/2015,4589.165527,4611.913177,4538.327175,4538.327175
10/12/2015,4630.526855,4639.762336,4595.764048,4596.698094
10/13/2015,4482.901855,4621.928188,4482.901855,4621.705052
10/15/2015,4507.019531,4551.763885,4507.019531,4513.096443
10/16/2015,4521.705566,4544.640707,4500.886554,4530.104165
10/19/2015,4569.666504,4570.98823,4533.76165,4534.533593
10/20/2015,4585.645508,4608.175392,4561.839307,4566.658943
10/21/2015,4605.046875,4645.057037,4591.048396,4597.013008
10/22/2015,4584.383301,4616.041246,4581.972262,4613.585287
10/23/2015,4652.964844,4666.724074,4627.123076,4653.035642
10/26/2015,4691.52832,4695.974436,4674.87809,4682.929534
10/27/2015,4673.876465,4673.876465,4624.098126,4666.296681
10/28/2015,4608.560547,4657.228571,4594.565975,4647.208942
10/29/2015,4471.84668,4605.582677,4471.84668,4601.385575
10/30/2015,4455.006836,4480.423816,4441.16216,4462.797548
11/2/2015,4464.785156,4470.243928,4422.085647,4442.245995
11/3/2015,4532.90918,4546.206513,4496.484819,4496.484819
11/4/2015,4612.385254,4612.385254,4560.202228,4560.554265
11/5/2015,4577.054688,4614.078148,4573.952758,4600.463932
11/6/2015,4566.374023,4601.580661,4563.521595,4586.413283
11/9/2015,4499.331543,4555.392347,4490.867029,4553.241552
11/10/2015,4450.880371,4518.61358,4450.880371,4463.958476
11/11/2015,4451.416016,4463.134799,4425.707053,4450.042046
11/12/2015,4462.05127,4494.679881,4457.389342,4458.481096
11/13/2015,4472.663574,4490.161916,4435.078125,4441.842022
11/16/2015,4442.007324,4452.090916,4395.794767,4438.514296
11/17/2015,4500.771484,4520.519739,4474.348685,4474.348685
11/18/2015,4497.734863,4521.380914,4497.734863,4513.52917
11/19/2015,4518.764648,4530.720239,4513.176975,4517.406791
11/20/2015,4561.156738,4561.156738,4505.196022,4505.725787
11/23/2015,4540.88916,4590.136267,4540.88916,4569.982266
11/24/2015,4545.201172,4555.095807,4534.401787,4535.528696
11/25/2015,4585.367188,4585.367188,4557.214476,4557.294551
11/26/2015,4596.878418,4621.076208,4583.126023,4595.683152
11/27/2015,4560.382813,4606.621738,4541.789297,4598.902311
11/30/2015,4446.285156,4535.79486,4446.285156,4527.232205
12/1/2015,4557.490723,4557.490723,4504.047,4504.047
12/2/2015,4545.686035,4568.235451,4541.489421,4558.970675
12/3/2015,4537.205078,4548.649945,4518.64086,4526.313901
12/4/2015,4508.276855,4531.128994,4501.278104,4513.390426
12/7/2015,4521.21582,4553.473352,4521.21582,4523.731836
12/8/2015,4464.008301,4522.176934,4464.008301,4495.088145
12/10/2015,4466.035645,4473.595408,4438.023554,4441.392563
12/11/2015,4393.351074,4472.880207,4393.351074,4471.183008
12/14/2015,4374.020508,4374.020508,4330.591047,4360.723174
12/15/2015,4409.000488,4409.000488,4369.838925,4369.931206
12/16/2015,4483.278809,4483.278809,4429.61488,4450.54473
12/17/2015,4555.786621,4555.786621,4525.565141,4541.944386
12/18/2015,4468.479492,4514.35905,4466.888734,4512.033945
12/21/2015,4490.505371,4490.505371,4451.84379,4452.474625
12/22/2015,4517.392578,4517.392578,4487.560728,4494.134692
12/23/2015,4522.477539,4522.477539,4498.80854,4514.280105
12/28/2015,4557.177734,4567.947335,4511.44172,4512.119428
12/29/2015,4569.183105,4569.183105,4551.925964,4551.963072
12/30/2015,4592.829102,4595.334375,4571.578952,4573.885991
1/4/2016,4525.742676,4603.644915,4525.742676,4579.986657
1/5/2016,4557.644531,4594.162154,4526.827859,4527.255088
1/6/2016,4608.802246,4639.055949,4562.395364,4563.475888
1/7/2016,4530.271484,4577.457632,4530.271484,4573.514426
1/8/2016,4546.111328,4550.730289,4507.238816,4524.686868
1/11/2016,4465.309082,4517.762118,4459.613503,4515.326178
1/12/2016,4512.351563,4526.022418,4486.470732,4487.373529
1/13/2016,4537.002441,4559.332138,4533.504531,4535.702199
1/14/2016,4513.005859,4526.333955,4456.296148,4492.608702
1/15/2016,4523.799805,4541.924098,4515.955872,4518.804882
1/18/2016,4481.101563,4503.687598,4471.069238,4491.14707
1/19/2016,4491.561523,4499.399596,4464.553788,4486.412799
1/20/2016,4427.8125,4490.943343,4427.8125,4476.973672
1/21/2016,4413.954102,4462.854053,4408.632531,4447.577792
1/22/2016,4456.570801,4456.570801,4420.884201,4446.248937
1/25/2016,4505.612793,4519.420361,4465.033317,4483.431527
1/26/2016,4510.29248,4517.192603,4483.112873,4489.518386
1/27/2016,4583.449219,4583.449219,4526.039348,4526.039348
1/28/2016,4602.650391,4608.219022,4579.324148,4582.538867
1/29/2016,4614.983398,4618.637065,4568.261097,4611.758426
2/1/2016,4624.455078,4625.248504,4559.709059,4619.972342
2/2/2016,4587.256348,4617.793244,4586.120161,4598.763712
2/3/2016,4595.929199,4595.929199,4544.963408,4552.949913
2/4/2016,4665.635742,4668.92956,4606.865075,4606.865075
2/5/2016,4798.758789,4798.758789,4673.805651,4674.423791
2/9/2016,4768.439453,4779.619194,4736.384548,4773.581343
2/10/2016,4732.29834,4782.753403,4725.823495,4748.350936
2/11/2016,4775.674316,4785.988857,4723.811585,4723.811585
2/12/2016,4714.209961,4771.155503,4710.35513,4757.524197
2/15/2016,4740.541504,4761.518715,4729.641049,4749.59828
2/16/2016,4744.819336,4769.820317,4726.407943,4745.807579
2/17/2016,4765.321289,4774.272112,4737.232539,4738.233477
2/18/2016,4778.608398,4803.422376,4760.05199,4783.858195
2/19/2016,4697.376953,4758.991251,4679.96064,4744.060192
2/22/2016,4708.437012,4715.43674,4682.199751,4701.226355
2/23/2016,4653.873047,4722.199001,4628.725588,4715.018616
2/24/2016,4657.541016,4673.638046,4627.46406,4643.643607
2/25/2016,4658.14209,4686.382691,4652.680876,4681.809138
2/26/2016,4732.964355,4736.342153,4691.241861,4695.63378
2/29/2016,4770.770508,4774.331404,4722.809483,4738.109669
3/1/2016,4779.799316,4781.073193,4758.697108,4760.05106
3/2/2016,4836.007324,4840.558416,4808.059683,4808.675382
3/3/2016,4843.850098,4868.064973,4812.670162,4848.716607
3/4/2016,4850.693848,4860.449815,4802.187925,4844.298101
3/7/2016,4831.387207,4870.086385,4821.273343,4860.018905
3/8/2016,4810.85498,4842.478751,4775.886125,4830.862992
3/10/2016,4793.016113,4798.196575,4761.195089,4791.49713
3/11/2016,4813.591309,4813.591309,4776.812956,4784.051444
3/14/2016,4877.34082,4878.005833,4835.084653,4838.841343
3/15/2016,4849.591797,4884.079711,4843.732162,4880.684824
3/16/2016,4861.251953,4861.251953,4837.39497,4848.418468
3/17/2016,4885.498047,4900.222572,4869.621711,4882.983984
3/18/2016,4885.518066,4908.068947,4858.396074,4889.705892
3/21/2016,4884.973145,4905.12324,4865.052044,4871.056693
3/22/2016,4855.917969,4886.233684,4833.516008,4870.705479
3/23/2016,4853.986816,4853.986816,4822.148212,4849.981113
3/24/2016,4826.899414,4849.706634,4817.533079,4836.435176
3/28/2016,4773.44043,4813.730856,4757.614873,4809.000083
3/29/2016,4781.111328,4786.027153,4759.898284,4767.347214
3/30/2016,4816.467285,4832.930023,4792.070286,4796.967068
3/31/2016,4845.182129,4845.182129,4808.076642,4826.915751
4/1/2016,4842.99707,4844.169876,4819.745048,4843.20507
4/4/2016,4849.986816,4864.747472,4838.790475,4839.958399
4/5/2016,4857.882813,4883.493144,4842.973724,4848.658562
4/6/2016,4868.040527,4878.810128,4861.389907,4862.871783
4/7/2016,4867.095703,4900.275076,4858.310889,4884.644825
4/8/2016,4846.515137,4862.615583,4829.256532,4839.464142
4/11/2016,4786.787598,4843.441152,4766.629203,4833.16665
4/12/2016,4829.385254,4829.385254,4776.795992,4788.235489
4/13/2016,4852.815918,4856.402692,4831.386088,4846.789297
4/14/2016,4814.658691,4873.238441,4814.658691,4872.03634
4/15/2016,4823.380371,4838.828013,4792.952843,4834.712938
4/18/2016,4865.345215,4865.345215,4800.07773,4812.391217
4/19/2016,4881.740234,4886.308904,4864.701835,4875.308356
4/20/2016,4876.40625,4882.948964,4857.532962,4876.063978
4/21/2016,4902.898926,4906.637061,4884.652566,4884.731664
4/22/2016,4914.54541,4917.39735,4883.691631,4898.535292
4/25/2016,4878.671875,4920.211273,4863.145624,4920.211273
4/26/2016,4813.905273,4866.195229,4788.188502,4865.960375
4/27/2016,4845.469238,4845.469238,4803.021675,4807.498551
4/28/2016,4848.201172,4876.980812,4830.498737,4861.760702
4/29/2016,4838.394531,4839.436483,4818.667272,4839.177704
5/2/2016,4808.131836,4835.334879,4770.371586,4828.775076
5/3/2016,4812.077148,4833.803355,4805.843992,4818.786849
5/4/2016,4822.407715,4822.407715,4765.22488,4808.466851
5/9/2016,4749.130371,4812.703096,4745.316554,4808.334125
5/10/2016,4762.929688,4766.52818,4728.354863,4749.337932
5/11/2016,4799.776855,4811.411656,4770.181329,4780.951905
5/12/2016,4803.134766,4824.996219,4792.021429,4795.5501
5/13/2016,4761.529297,4802.81675,4745.724249,4801.004809
5/16/2016,4731.377441,4748.632628,4720.059035,4745.289008
5/17/2016,4728.97168,4744.963245,4717.076147,4736.981622
5/18/2016,4734.172363,4742.886867,4713.532055,4721.711912
5/19/2016,4704.033691,4739.139747,4691.388188,4733.287924
5/20/2016,4711.694824,4722.095299,4690.375828,4698.78517
5/23/2016,4743.477539,4743.477539,4714.493315,4714.493315
5/24/2016,4710.602051,4750.17522,4710.602051,4737.978916
5/25/2016,4772.791504,4772.791504,4733.367744,4733.70318
5/26/2016,4784.378418,4784.473629,4761.274338,4777.380644
5/27/2016,4814.543457,4814.543457,4778.353948,4782.261999
5/30/2016,4835.845215,4844.935682,4816.882573,4818.866871
5/31/2016,4796.682129,4836.183519,4792.014342,4833.529325
6/1/2016,4839.479492,4851.552264,4800.521049,4801.666023
6/2/2016,4833.037109,4860.67373,4833.037109,4836.316767
6/3/2016,4853.73291,4861.110553,4838.894621,4845.234218
6/6/2016,4895.834473,4895.834473,4860.438877,4862.378743
6/7/2016,4933.796875,4933.796875,4907.315971,4908.054224
6/8/2016,4915.869629,4939.905802,4892.437436,4927.902364
6/9/2016,4876.604004,4918.972471,4876.604004,4912.816461
6/10/2016,4847.867188,4887.397385,4847.867188,4882.084604
6/13/2016,4807.039063,4837.83181,4807.039063,4837.83181
6/14/2016,4821.402344,4833.209014,4792.348786,4797.433549
6/15/2016,4814.636719,4814.636719,4788.89944,4811.038714
6/16/2016,4814.203613,4829.263085,4801.685058,4819.047175
6/17/2016,4834.955078,4837.841685,4806.408336,4825.539429
6/20/2016,4863.341797,4863.341797,4828.400283,4849.502491
6/21/2016,4878.523926,4889.264719,4868.037518,4873.249229
6/22/2016,4896.661621,4899.008698,4876.682418,4876.682418
6/23/2016,4874.119141,4899.306147,4855.861551,4896.605081
6/24/2016,4834.380859,4884.604981,4754.172064,4877.85622
6/27/2016,4835.86377,4846.229578,4795.776461,4803.859154
6/28/2016,4881.980957,4890.414711,4835.244006,4835.940756
6/29/2016,4979.911133,4979.911133,4905.787065,4905.787065
6/30/2016,5016.452148,5033.046719,4996.200982,4999.683757
7/1/2016,4971.387695,5039.490027,4971.387695,5027.421649
7/11/2016,5068.821777,5080.105518,5018.200701,5021.047758
7/12/2016,5099.334961,5119.928887,5075.362748,5091.967083
7/13/2016,5133.733398,5133.733398,5090.38987,5112.786948
7/14/2016,5083.341309,5130.83116,5080.831152,5125.485665
7/15/2016,5109.979004,5130.138862,5090.050582,5090.050582
7/18/2016,5127.301758,5131.505696,5092.955924,5107.717558
7/19/2016,5172.628418,5193.695468,5132.701752,5132.701752
7/20/2016,5242.619141,5242.619141,5185.392365,5185.392365
7/21/2016,5216.77002,5268.662042,5213.785761,5246.095538
7/22/2016,5197.048828,5215.327902,5179.421584,5214.9661
7/25/2016,5220.598633,5226.903563,5197.602946,5201.24587
7/26/2016,5224.191406,5231.29611,5200.42036,5218.062739
7/27/2016,5274.155762,5301.724026,5245.199856,5245.199856
7/28/2016,5299.006836,5299.006836,5255.261467,5278.291821
7/29/2016,5215.791016,5333.913369,5215.791016,5300.692494
8/1/2016,5361.367676,5368.043197,5279.38063,5280.004629
8/2/2016,5373.11377,5386.353976,5356.219409,5356.696929
8/3/2016,5351.669922,5383.287834,5331.118963,5367.375366
8/4/2016,5373.65332,5389.3988,5357.406395,5364.799662
8/5/2016,5420.035156,5427.306846,5377.209674,5379.902441
8/8/2016,5458.766602,5458.766602,5427.056898,5434.994577
8/9/2016,5440.081055,5476.006901,5428.466761,5459.681365
8/10/2016,5423.738281,5456.911796,5405.680878,5439.54626
8/11/2016,5418.876953,5455.587438,5397.101922,5437.88012
8/12/2016,5376.986328,5448.851693,5366.131771,5432.620391
8/15/2016,5320.353516,5396.73872,5296.385212,5389.808814
8/16/2016,5371.636719,5377.212185,5338.432935,5341.725776
8/18/2016,5461.237793,5461.237793,5385.912598,5387.556577
8/19/2016,5415.824707,5470.76642,5415.824707,5467.800715
8/22/2016,5426.963867,5434.980645,5398.585087,5425.685108
8/23/2016,5416.929688,5438.288721,5350.858036,5433.824051
8/24/2016,5403.781738,5418.238207,5385.033445,5406.594617
8/25/2016,5453.904297,5453.904297,5412.317534,5413.780856
8/26/2016,5438.619141,5456.425576,5419.531017,5453.855363
8/29/2016,5370.554688,5426.007603,5347.842194,5424.934402
8/30/2016,5362.107422,5388.428664,5336.503437,5368.357179
8/31/2016,5385.872559,5398.950175,5353.082818,5354.914778
9/1/2016,5334.339355,5376.433909,5319.877027,5368.307272
9/2/2016,5353.25293,5359.700921,5322.835166,5323.366396
9/5/2016,5356.745605,5396.706941,5347.384642,5378.41566
9/6/2016,5371.886719,5372.998492,5342.349785,5362.835802
9/7/2016,5381.144531,5392.876985,5357.313428,5382.007291
9/8/2016,5370.868652,5383.326174,5364.400643,5382.853048
9/9/2016,5281.710938,5358.297793,5281.710938,5355.133854
9/13/2016,5215.36377,5268.333874,5211.66323,5265.903793
9/14/2016,5145.837891,5189.15603,5127.968469,5188.196106
9/15/2016,5265.61377,5270.28351,5158.526143,5160.547061
9/16/2016,5267.563965,5304.883313,5252.050409,5287.216032
9/19/2016,5321.633301,5331.766206,5285.930103,5288.915827
9/20/2016,5302.287109,5336.04361,5298.071941,5323.091965
9/21/2016,5342.383789,5347.791782,5274.979675,5295.676623
9/22/2016,5380.052734,5411.401123,5368.352018,5382.111248
9/23/2016,5388.69873,5388.69873,5355.716614,5375.502954
9/26/2016,5351.931152,5375.669976,5336.810646,5374.951254
9/27/2016,5419.393066,5419.393066,5295.45209,5336.338194
9/28/2016,5425.125977,5432.772652,5382.026578,5390.551637
9/29/2016,5431.745117,5474.093563,5431.745117,5442.611881
9/30/2016,5364.595215,5437.753986,5364.595215,5412.172951
10/3/2016,5463.702637,5463.702637,5403.649796,5403.649796
10/4/2016,5472.103516,5482.628008,5460.496058,5475.419304
10/5/2016,5420.437012,5459.952564,5399.012064,5457.785656
10/6/2016,5409.133789,5447.045888,5389.876238,5428.241932
10/7/2016,5376.939453,5408.986056,5363.261275,5403.624449
10/10/2016,5360.619629,5396.937064,5352.60871,5370.794038
10/11/2016,5381.787598,5385.548193,5344.863742,5372.477901
10/12/2016,5364.401855,5380.351429,5350.183659,5364.143076
10/13/2016,5340.191895,5384.345448,5339.275915,5368.007706
10/14/2016,5399.674316,5408.559224,5331.872271,5338.490178
10/17/2016,5410.092773,5422.138203,5386.011679,5390.751241
10/18/2016,5429.835938,5446.616533,5422.705356,5424.457241
10/19/2016,5409.077637,5445.587935,5401.943637,5436.068286
10/20/2016,5403.529297,5423.132718,5395.13648,5409.629213
10/21/2016,5409.08252,5416.791275,5395.262617,5407.073302
10/24/2016,5420.837402,5433.17981,5411.720485,5415.31657
10/25/2016,5397.660645,5436.043783,5397.660645,5425.945938
10/26/2016,5399.588867,5406.490607,5381.61407,5387.610064
10/27/2016,5416.835938,5427.526855,5403.858887,5405.695801
10/28/2016,5410.269043,5426.26416,5402.429199,5414.508789
10/31/2016,5422.541992,5429.067871,5406.006836,5413.568848
11/1/2016,5416.006836,5439.027832,5415.029785,5430.745117
11/2/2016,5405.455078,5420.358887,5393.506836,5415.021973
11/3/2016,5329.501953,5402.046875,5329.501953,5395.871094
11/4/2016,5362.660156,5362.660156,5303.359863,5310.782227
11/7/2016,5386.208008,5395.325195,5341.861816,5361.023926
11/8/2016,5470.681152,5476.071777,5407.38916,5407.38916
11/9/2016,5414.320801,5491.701172,5345.12793,5478.03418
11/10/2016,5450.306152,5482.105957,5443.733887,5444.041016
11/11/2016,5231.971191,5380.685059,5231.971191,5380.641113
11/14/2016,5115.73877,5196.78418,5043.351074,5194.926758
11/15/2016,5078.500977,5169.356934,5073.419922,5121.478027
11/16/2016,5185.464844,5201.172852,5112.496094,5112.496094
11/17/2016,5193.015137,5202.314941,5162.812012,5180.481934
11/18/2016,5170.108887,5196.90918,5139.205078,5195.076172
11/21/2016,5148.318848,5158.763184,5130.442871,5150.826172
11/22/2016,5204.673828,5204.673828,5140.519043,5140.658203
11/23/2016,5211.996094,5211.996094,5182.345215,5192.346191
11/24/2016,5107.623047,5194.244141,5102.420898,5179.222168
11/25/2016,5122.104004,5129.75293,5096.670898,5097.10791
11/28/2016,5114.571777,5120.861816,5091.609863,5111.423828
11/29/2016,5136.666992,5164.580078,5108.751953,5108.751953
11/30/2016,5148.910156,5182.14209,5146.524902,5148.908203
12/1/2016,5198.754883,5211.921875,5168.068848,5168.633789
12/2/2016,5245.956055,5250.291992,5199.14209,5207.917969
12/5/2016,5268.308105,5280.321777,5239.896973,5239.896973
12/6/2016,5272.964844,5288.914063,5259.193848,5279.983887
12/7/2016,5265.368164,5273.515137,5229.797852,5272.100098
12/8/2016,5303.733887,5303.733887,5263.435059,5268.23877
12/9/2016,5308.125977,5308.125977,5284.766113,5297.549805
12/13/2016,5293.619141,5300.717773,5264.737793,5296.191895
12/14/2016,5262.816895,5306.336914,5259.681152,5287.192871
12/15/2016,5254.361816,5266.061035,5210.632813,5230.564941
12/16/2016,5231.651855,5263.005859,5231.651855,5260.125977
12/19/2016,5191.912109,5240.426758,5190.933105,5224.070801
12/20/2016,5162.477051,5194.729004,5142.393066,5179.182129
12/21/2016,5111.39209,5188.945801,5111.39209,5179.025879
12/22/2016,5042.870117,5120.356934,5032.914063,5114.396973
12/23/2016,5027.704102,5078.230957,5022.848145,5036.288086
12/27/2016,5102.954102,5112.775879,5028.199219,5028.355957
12/28/2016,5209.444824,5213.27002,5139.769043,5140.13623
12/29/2016,5302.565918,5311.615234,5200.265137,5205.270996
12/30/2016,5296.710938,5334.787109,5296.710938,5307.365234
1/3/2017,5275.971191,5292.181152,5246.852051,5290.388184
1/4/2017,5301.183105,5312.956055,5249.233887,5270.016113
1/5/2017,5325.503906,5328.490234,5302.632813,5302.632813
1/6/2017,5347.021973,5350.245117,5318.384766,5321.745117
1/9/2017,5316.36377,5360.061035,5307.584961,5350.879883
1/10/2017,5309.923828,5331.132813,5292.062988,5330.015137
1/11/2017,5301.236816,5322.979004,5301.236816,5316.151855
1/12/2017,5292.75,5322.419922,5292.75,5301.036133
1/13/2017,5272.98291,5310.419922,5272.98291,5299.050781
1/16/2017,5270.01123,5291.496094,5270.01123,5283.618164
1/17/2017,5266.937988,5287.124023,5265.602051,5266.922852
1/18/2017,5294.78418,5294.78418,5273.293945,5273.293945
1/19/2017,5298.948242,5309.952148,5288.577148,5302.210938
1/20/2017,5254.311035,5293.081055,5243.746094,5290.562988
1/23/2017,5250.967773,5265.442871,5228.286133,5250.634766
1/24/2017,5292.087891,5297.491211,5267.733887,5267.733887
1/25/2017,5293.782227,5310.668945,5287.125977,5302.874023
1/26/2017,5317.632813,5327.509766,5291.436035,5305.11377
1/27/2017,5312.839844,5321.680176,5297.254883,5304.963867
1/30/2017,5302.662109,5331.516113,5302.662109,5321.554199
1/31/2017,5294.103027,5321.35498,5294.103027,5316.668945
2/1/2017,5327.161133,5341.480957,5317.495117,5319.943848
2/2/2017,5353.712891,5353.712891,5326.986816,5327.02002
2/3/2017,5360.76709,5366.443848,5354.589844,5355.271973
2/6/2017,5395.995117,5395.995117,5369.441895,5369.521973
2/7/2017,5381.475098,5396.099121,5380.598145,5387.647949
2/8/2017,5361.087891,5382.073242,5349.462891,5380.109863
2/9/2017,5372.077148,5384.956055,5363.469238,5366.344238
2/10/2017,5371.668945,5400.171875,5371.668945,5378.916016
2/13/2017,5409.556152,5418.375977,5388.678223,5396.562988
2/14/2017,5380.669922,5409.35498,5370.494141,5402.558105
2/16/2017,5377.998047,5395.278809,5357.711914,5389.068848
2/17/2017,5350.932129,5370.331055,5340.85791,5366.854004
2/20/2017,5359.288086,5373.091797,5351.018066,5358.551758
2/21/2017,5340.990234,5375.695801,5336.834961,5363.61377
2/22/2017,5358.683105,5360.414063,5331.431152,5353.106934
2/23/2017,5372.748047,5373.638184,5347.85791,5348.358887
2/24/2017,5385.905762,5391.259766,5370.789063,5371.01709
2/27/2017,5382.874023,5393.662109,5368.422852,5387.816895
2/28/2017,5386.691895,5405.790039,5386.691895,5390.342773
3/1/2017,5363.056152,5392.791992,5350.910156,5389.167969
3/2/2017,5408.253906,5431.172852,5394.727051,5394.727051
3/3/2017,5391.214844,5410.902832,5384.789063,5402.580078
3/6/2017,5409.816895,5409.816895,5386.825195,5398.051758
3/7/2017,5402.615234,5427.907227,5386.320801,5416.020996
3/8/2017,5393.76416,5415.230957,5390.006836,5407.529785
3/9/2017,5402.38623,5405.587891,5386.99707,5393.938965
3/10/2017,5390.676758,5415.722168,5369.75293,5414.915039
3/13/2017,5409.37207,5409.37207,5386.342773,5389.201172
3/14/2017,5431.584961,5449.763184,5412.961914,5415.950195
3/15/2017,5432.380859,5447.48584,5424.516113,5433.680176
3/16/2017,5518.241211,5518.241211,5458.419922,5461.912109
3/17/2017,5540.432129,5557.975098,5499.387207,5539.818848
3/20/2017,5533.992188,5566.932129,5510.274902,5552.394043
3/21/2017,5543.092773,5554.443848,5525.977051,5541.045898
3/22/2017,5534.092773,5534.092773,5486.851074,5512.729004
3/23/2017,5563.758789,5576.667969,5532.647949,5539.638184
3/24/2017,5567.133789,5581.183105,5546.832031,5565.624023
3/27/2017,5541.202148,5567.431152,5531.326172,5557.924805
3/29/2017,5592.509766,5592.774902,5552.783203,5552.783203
3/30/2017,5592.952148,5592.952148,5555.367188,5581.116211
3/31/2017,5568.105957,5606.024902,5568.105957,5589.523926
4/3/2017,5606.789063,5616.942871,5581.313965,5583.345215
4/4/2017,5651.823242,5654.398926,5608.523926,5611.665039
4/5/2017,5676.97998,5676.97998,5644.791992,5668.001953
4/6/2017,5680.23877,5680.23877,5645.306152,5668.306152
4/7/2017,5653.48584,5677.717773,5643.350098,5674.01123
4/10/2017,5644.298828,5677.070801,5628.984863,5662.668945
4/11/2017,5627.933105,5658.727051,5621.786133,5647.903809
4/12/2017,5644.154785,5650.035156,5631.74707,5633.975098
4/13/2017,5616.544922,5660.384766,5613.543945,5658.199219
4/17/2017,5577.486816,5631.509766,5577.486816,5624.617188
4/18/2017,5606.51709,5626.523926,5597.168945,5597.666016
4/20/2017,5595.306152,5619.36084,5590.030762,5609.89209
4/21/2017,5664.475098,5664.475098,5599.495117,5600.419922
4/25/2017,5680.795898,5696.38916,5653.675781,5690.894043
4/26/2017,5726.529785,5726.529785,5679.594238,5687.080078
4/27/2017,5707.027832,5718.89502,5697.791016,5708.230957
4/28/2017,5685.297852,5724.507813,5684.589844,5715.084961
5/2/2017,5675.808105,5714.344238,5675.808105,5703.867188
5/3/2017,5647.368164,5686.825195,5647.323242,5681.599121
5/4/2017,5669.442871,5676.008789,5643.054199,5656.09082
5/5/2017,5683.376953,5696.476074,5659.96582,5665.106934
5/8/2017,5707.861816,5727.492188,5692.561035,5699.300781
5/9/2017,5697.056152,5745.847168,5693.674805,5730.250977
5/10/2017,5653.007813,5718.586914,5636.204102,5697.956055
5/12/2017,5675.21582,5698.961914,5668.717773,5680.585938
5/15/2017,5688.870117,5693.993164,5649.083984,5689.805176
5/16/2017,5646.999023,5696.623047,5646.999023,5690.297852
5/17/2017,5615.492188,5664.316895,5608.803223,5661.481934
5/18/2017,5645.451172,5645.451172,5577.521973,5590.473145
5/19/2017,5791.883789,5825.208008,5630.071777,5643.537109
5/22/2017,5749.444824,5874.438965,5743.388184,5837.175781
5/23/2017,5730.612793,5777.687012,5692.983887,5770.617188
5/24/2017,5703.433105,5704.706055,5672.042969,5678.393066
5/26/2017,5716.814941,5728.60498,5703.890137,5713.354004
5/29/2017,5712.331055,5730.844238,5703.461914,5728.807129
5/30/2017,5693.391113,5730.056152,5693.391113,5700.773926
5/31/2017,5738.154785,5738.154785,5697.814941,5697.814941
6/2/2017,5742.445801,5752.655762,5726.01416,5749.420898
6/5/2017,5748.234863,5765.829102,5737.580078,5747.891113
6/6/2017,5707.831055,5754.293945,5701.658203,5743.39502
6/7/2017,5717.325195,5735.990234,5709.146973,5716.969238
6/8/2017,5702.921875,5725.882813,5702.921875,5719.029785
6/9/2017,5675.522949,5704.861816,5669.873047,5699.253906
6/12/2017,5691.436035,5716.536133,5668.722168,5668.722168
6/13/2017,5707.64502,5715.208008,5693.875977,5694.950195
6/14/2017,5792.896973,5792.896973,5707.918945,5708.065918
6/15/2017,5776.283203,5791.204102,5768.153809,5776.300781
6/16/2017,5723.63623,5797.118164,5720.924805,5768.164063
6/19/2017,5741.90918,5745.567871,5726.76709,5731.076172
6/20/2017,5791.903809,5791.903809,5747.454102,5749.579102
6/21/2017,5818.551758,5818.551758,5771.576172,5772.085938
6/22/2017,5829.708008,5831.339844,5804.603027,5830.978027
7/3/2017,5910.236816,5910.236816,5831.204102,5846.603027
7/4/2017,5865.36377,5896.370117,5858.61377,5886.720215
7/5/2017,5825.054199,5874.685059,5808.345215,5865.424805
7/6/2017,5849.575195,5852.344238,5817.391113,5817.794922
7/7/2017,5814.792969,5863.584961,5810.361816,5839.888184
7/10/2017,5771.505859,5826.313965,5769.338867,5814.792969
7/11/2017,5773.326172,5784.081055,5765.362793,5772.97998
7/12/2017,5819.131836,5827.131836,5771.473145,5771.473145
7/13/2017,5830.043945,5843.175781,5809.401855,5839.397949
7/14/2017,5831.794922,5833.758789,5804.436035,5827.548828
7/17/2017,5841.279785,5841.279785,5824.26416,5831.023926
7/18/2017,5822.352051,5831.693848,5806.603027,5824.932129
7/19/2017,5806.689941,5822.481934,5797.346191,5822.236816
7/20/2017,5825.208008,5828.140137,5808.116211,5808.881836
7/21/2017,5765.423828,5831.462891,5760.958984,5824.525879
7/24/2017,5801.586914,5801.586914,5756.513184,5760.083984
7/25/2017,5813.535156,5813.535156,5780.484863,5805.597168
7/26/2017,5800.206055,5831.640137,5785.899902,5809.893066
7/27/2017,5819.744141,5820.962891,5805.922852,5807.275879
7/28/2017,5831.026855,5831.026855,5804.794922,5822.807129
7/31/2017,5840.938965,5847.245117,5816.529785,5820.01123
8/1/2017,5805.205078,5858.934082,5805.205078,5853.505859
8/2/2017,5824.249023,5824.249023,5792.166992,5815.065918
8/3/2017,5780.576172,5825.051758,5780.576172,5818.555176
8/4/2017,5777.481934,5800.128906,5769.397949,5775.920898
8/7/2017,5749.291992,5812.791016,5749.291992,5780.894043
8/8/2017,5810.562988,5810.562988,5755.044922,5755.044922
8/9/2017,5824.006836,5824.006836,5792.777832,5813.604004
8/10/2017,5825.945801,5833.85791,5810.76123,5828.541992
8/11/2017,5766.138184,5812.905762,5756.462891,5812.246094
8/14/2017,5801.487793,5812.871094,5780.699219,5780.699219
8/15/2017,5835.041016,5842.834961,5808.26123,5808.645996
8/16/2017,5891.949219,5891.949219,5836.147949,5842.560059
8/18/2017,5893.84082,5912.116211,5869.131836,5879.679199
8/21/2017,5861.003906,5901.582031,5855.23584,5893.416016
8/22/2017,5880.296875,5885.596191,5862.476074,5862.592773
8/23/2017,5914.023926,5914.023926,5881.754883,5900.400879
8/24/2017,5894.117188,5916.820801,5874.276855,5914.098145
8/25/2017,5915.362793,5915.362793,5880.02002,5906.119141
8/28/2017,5903.34082,5914.47998,5890.480957,5904.369141
8/29/2017,5888.211914,5902.609863,5865.40918,5899.746094
8/30/2017,5872.505859,5893.903809,5863.145996,5888.426758
8/31/2017,5864.059082,5881.73584,5845.273926,5873.730957
9/4/2017,5813.741211,5861.600098,5806.316895,5858.209961
9/5/2017,5829.979004,5834.184082,5774.307129,5823.013184
9/6/2017,5824.138184,5831.47998,5803.123047,5809.306152
9/7/2017,5832.311035,5835.87793,5810.483887,5824.515137
9/8/2017,5857.119141,5866.98877,5819.528809,5825.12207
9/11/2017,5871.880859,5883.951172,5858.242188,5863.423828
9/12/2017,5872.376953,5884.150879,5861.535156,5877.245117
9/13/2017,5845.733887,5881.694824,5840.917969,5860.487793
9/14/2017,5852.001953,5867.207031,5841.397949,5849.723145
9/15/2017,5872.39209,5875.529785,5831.180176,5854.445801
9/18/2017,5884.61084,5884.61084,5851.225098,5875.111816
9/19/2017,5901.326172,5901.326172,5868.337891,5885.212891
9/20/2017,5906.573242,5908.85791,5885.832031,5902.208008
9/22/2017,5911.708008,5928.786133,5883.565918,5905.225098
9/25/2017,5894.611816,5918.085938,5882.943848,5910.161133
9/26/2017,5863.961914,5904.954102,5859.848145,5897.013184
9/27/2017,5863.026855,5873.027832,5841.021973,5872.589844
9/28/2017,5841.046875,5866.606934,5839.59082,5860.549805
9/29/2017,5900.854004,5907.437988,5851.700195,5855.079102
10/2/2017,5914.029785,5936.138184,5909.10791,5917.751953
10/3/2017,5939.453125,5953.476074,5899.533203,5915.429199
10/4/2017,5951.475098,5967.119141,5946.643066,5952.378906
10/5/2017,5901.905762,5956.397949,5901.905762,5954.725098
10/6/2017,5905.37793,5922.748047,5894.23877,5922.111816
10/9/2017,5914.933105,5926.376953,5902.464844,5906.714844
10/10/2017,5905.762207,5927.684082,5896.458008,5918.128906
10/11/2017,5882.787109,5906.134766,5860.76123,5900.729004
10/12/2017,5926.204102,5932.006836,5883.496094,5886.424805
10/13/2017,5924.124023,5947.86377,5915.134766,5926.025879
10/16/2017,5949.701172,5956.954102,5927.98584,5927.98584
10/17/2017,5947.330078,5961.512207,5922.069824,5957.580078
10/18/2017,5929.201172,5958.000977,5903.616211,5955.205078
10/19/2017,5910.529785,5934.676758,5903.865234,5927.731934
10/20/2017,5929.548828,5959.578125,5918.532227,5923.078125
10/23/2017,5950.025879,5965.986816,5945.329102,5946.154785
10/24/2017,5952.076172,5974.200195,5949.328125,5955.265137
10/25/2017,6025.434082,6025.434082,5961.74707,5962.032227
10/26/2017,5995.847168,6042.449219,5995.847168,6018.270996
10/27/2017,5975.280762,6020.291992,5969.779785,5998.172852
10/30/2017,5974.077148,6008.630859,5969.210938,5990.194824
10/31/2017,6005.78418,6034.618164,5989.858887,6034.381836
11/1/2017,6038.145996,6038.990234,6008.369141,6017.041992
11/2/2017,6031.106934,6082.228027,6031.106934,6052.028809
11/3/2017,6039.541016,6046.262207,5989.679199,6044.793945
11/6/2017,6050.823242,6062.064941,6025.073242,6031.518066
11/7/2017,6060.453125,6065.285156,6047.265137,6055.746094
11/8/2017,6049.383789,6069.765137,6033.553223,6052.987793
11/9/2017,6042.459961,6071.541016,6039.859863,6055.548828
11/10/2017,6021.828125,6054.53418,6020.455078,6044.282227
11/13/2017,6021.456055,6045.48584,6016.986816,6020.749023
11/14/2017,5988.291992,6039.296875,5988.291992,6019.105957
11/15/2017,5972.311035,6012.658203,5972.311035,6001.917969
11/16/2017,6037.907227,6054.241211,5984.704102,5985.625977
11/17/2017,6051.731934,6092.352051,6049.957031,6052.51123
11/20/2017,6053.282227,6098.778809,6053.282227,6066.74707
11/21/2017,6031.861816,6076.227051,6008.685059,6062.233887
11/22/2017,6069.785156,6071.339844,6038.736816,6039.085938
11/23/2017,6063.245117,6090.643066,6056.125,6081.418945
11/24/2017,6067.14209,6069.854004,6035.25293,6064.672852
11/27/2017,6064.588867,6072.486816,6035.923828,6059.708008
11/28/2017,6070.71582,6070.71582,6015.908203,6055.100098
11/29/2017,6061.367188,6073.898926,6045.336914,6066.431152
11/30/2017,5952.138184,6058.595215,5952.138184,6053.025879
12/1/2017,5952.138184,6058.595215,5952.138184,6053.025879
12/4/2017,5998.194824,6031.921875,5994.348145,6014.062012
12/5/2017,6000.474121,6026.412109,5979.47998,6021.084961
12/6/2017,6035.507813,6044.334961,6001.085938,6002.540039
12/7/2017,6006.834961,6039.294922,6006.834961,6032.054199
12/8/2017,6030.958008,6041.132813,6013.75,6017.962891
12/11/2017,6026.632813,6052.515137,6024.037109,6043.345215
12/12/2017,6032.371094,6042.00293,6012.980957,6038.432129
12/13/2017,6054.604004,6054.604004,6020.108887,6027.440918
12/14/2017,6113.652832,6117.125977,6061.085938,6065.308105
12/15/2017,6119.418945,6119.418945,6075.887207,6098.834961
12/18/2017,6133.962891,6133.962891,6080.153809,6111.684082
12/19/2017,6167.666016,6176.450195,6110.280762,6113.091797
12/20/2017,6109.481934,6167.433105,6088.562012,6165.604004
12/21/2017,6183.391113,6183.391113,6126.786133,6129.533203
12/22/2017,6221.013184,6221.013184,6167.038086,6181.859863
12/27/2017,6277.165039,6277.165039,6214.258789,6214.258789
12/28/2017,6314.045898,6314.045898,6259.60791,6282.440918
12/29/2017,6355.653809,6368.321777,6321.092773,6325.621094
1/2/2018,6339.237793,6445.910156,6326.092773,6366.083008
1/3/2018,6251.479004,6342.190918,6220.694824,6341.270996
1/4/2018,6292.320801,6292.320801,6233.937012,6257.716797
1/5/2018,6353.737793,6353.737793,6278.724121,6279.457031
1/8/2018,6385.403809,6385.403809,6349.041992,6354.361816
1/9/2018,6373.144043,6402.744141,6351.23291,6393.874023
1/10/2018,6371.173828,6412.028809,6355.219238,6380.917969
1/11/2018,6386.338867,6386.338867,6344.040039,6375.030762
1/12/2018,6370.064941,6409.174805,6359.832031,6391.466797
1/15/2018,6382.194824,6390.88916,6361.609863,6379.073242
1/16/2018,6429.691895,6429.691895,6381.310059,6386.216797
1/17/2018,6444.518066,6452.506836,6420.060059,6429.772949
1/18/2018,6472.666016,6483.269043,6452.054199,6456.898926
1/19/2018,6490.895996,6490.895996,6443.009766,6483.833008
1/22/2018,6500.528809,6529.201172,6484.121094,6495.383789
1/23/2018,6635.333984,6635.333984,6537.078125,6538.013184
1/24/2018,6615.492188,6641.172852,6588.625,6635.758789
1/25/2018,6615.328125,6636.585938,6581.672852,6629.368164
1/26/2018,6660.618164,6677.366211,6615.866211,6616.125977
1/29/2018,6680.619141,6686.347168,6634.888184,6672.990234
1/30/2018,6575.492188,6675.759766,6546.645996,6666.827148
1/31/2018,6605.630859,6627.834961,6522.661133,6547.986816
2/1/2018,6598.458984,6658.876953,6598.458984,6625.354004
2/2/2018,6628.819824,6655.612793,6621.442871,6638.163086
2/5/2018,6589.674805,6612.451172,6522.544922,6556.679199
2/6/2018,6478.542969,6519.291016,6426.76416,6505.192871
2/7/2018,6534.869141,6582.51123,6512.071777,6525.562988
2/8/2018,6544.633789,6549.179199,6519.094238,6543.625
2/9/2018,6505.522949,6505.522949,6460.643066,6491.286133
2/12/2018,6523.454102,6531.560059,6498.687988,6508.051758
2/13/2018,6578.178223,6595.895996,6544.671875,6545
2/14/2018,6594.400879,6599.311035,6572.499023,6577.11084
2/15/2018,6591.582031,6624.626953,6583.186035,6615.903809
2/19/2018,6689.287109,6689.287109,6607.907227,6610.73291
2/20/2018,6662.875977,6693.46582,6625.742188,6687.230957
2/21/2018,6643.399902,6665.893066,6614.233887,6649.179199
2/22/2018,6593.060059,6648.751953,6586.311035,6646.347168
2/23/2018,6619.804199,6659.26123,6608.53418,6608.53418
2/26/2018,6554.672852,6624.02002,6554.672852,6615.374023
2/27/2018,6598.925781,6598.925781,6562.839844,6573.695801
2/28/2018,6597.217773,6609.403809,6564.481934,6595.859863
3/1/2018,6606.053223,6630.128906,6596.87207,6605.313965
3/2/2018,6582.315918,6597.709961,6561.044922,6597.709961
3/5/2018,6550.592773,6607.165039,6543.661133,6594.516113
3/6/2018,6500.11084,6589.721191,6492.951172,6577.179199
3/7/2018,6368.26709,6516.888184,6346.665039,6500.963867
3/8/2018,6443.020996,6443.059082,6371.972168,6410.708984
3/9/2018,6433.321777,6459.030762,6382.893066,6448.193848
3/12/2018,6500.686035,6500.686035,6459.320801,6459.320801
3/13/2018,6412.846191,6501.130859,6399.391113,6497.463867
3/14/2018,6382.623047,6412.746094,6363.630859,6410.888184
3/15/2018,6321.903809,6372.091797,6316.209961,6366.930176
3/16/2018,6304.952148,6328.789063,6236.23877,6323.413086
3/19/2018,6289.571777,6319.651855,6277.758789,6315.332031
3/20/2018,6243.577148,6271.716797,6207.167969,6266.581055
3/21/2018,6312.831055,6315.066895,6260.066895,6260.185059
3/22/2018,6254.074219,6351.308105,6252.975098,6331.97998
3/23/2018,6210.698242,6210.698242,6085.205078,6138.108887
3/26/2018,6200.171875,6205.573242,6167.338867,6178.728027
3/27/2018,6209.350098,6274.298828,6188.60791,6246.228027
3/28/2018,6140.836914,6197.005859,6116.887207,6195.477051
3/29/2018,6188.986816,6188.986816,6101.765137,6153.64502
4/2/2018,6240.570801,6240.570801,6168.373047,6194.513184
4/3/2018,6229.013184,6234.568848,6202.128906,6212.76709
4/4/2018,6157.096191,6250.14209,6137.162109,6240.983887
4/5/2018,6183.227051,6211.871094,6176.704102,6194.101074
4/6/2018,6175.051758,6192.422852,6165.205078,6184.870117
4/9/2018,6246.130859,6246.130859,6178.176758,6179.380859
4/10/2018,6325.817871,6334.470215,6243,6244.352051
4/11/2018,6360.932129,6380.354004,6349.64209,6352.60498
4/12/2018,6310.801758,6356.145996,6289.86377,6351.046875
4/13/2018,6270.327148,6335.205078,6270.327148,6322.946777
4/16/2018,6286.748047,6305.030762,6262.23877,6279.632813
4/17/2018,6285.762207,6303.971191,6259.592773,6290.86377
4/18/2018,6320.004883,6320.004883,6297.946777,6302.979004
4/19/2018,6355.900879,6355.900879,6319.576172,6321.224121
4/20/2018,6337.694824,6360.315918,6314.202148,6355.996094
4/23/2018,6308.147949,6335.449219,6298.378906,6328.645996
4/24/2018,6229.634766,6316.703125,6225.547852,6313.723145
4/25/2018,6079.850098,6220.038086,6070.790039,6219.76416
4/26/2018,5909.198242,6089.095215,5894.154785,6080.383789
4/27/2018,5919.237793,5997.500977,5885.341797,5968.876953
4/30/2018,5994.595215,6005.878906,5936.526855,5937.075195
5/2/2018,6012.237793,6012.938965,5970.398926,5999.361816
5/3/2018,5858.731934,5996.48584,5858.731934,5990.161133
5/4/2018,5792.345215,5855.105957,5768.383789,5849.309082
5/7/2018,5885.098145,5885.098145,5808.188965,5814.956055
5/8/2018,5774.71582,5866.079102,5752.800781,5862.779785
5/9/2018,5907.937988,5917.816895,5716.645996,5734.180176
5/11/2018,5956.832031,6023.041016,5921.193848,5923.092773
5/14/2018,5947.154785,5947.154785,5853.438965,5933.460938
5/15/2018,5838.116211,5940.421875,5833.634766,5926.077148
5/16/2018,5841.463867,5841.463867,5738.578125,5780.87793
5/17/2018,5815.919922,5898.297852,5815.919922,5854.869141
5/18/2018,5783.310059,5843.451172,5783.310059,5831.051758
5/21/2018,5733.854004,5786.391113,5719.475098,5779.242188
5/22/2018,5751.119141,5813.429199,5751.119141,5767.62793
5/23/2018,5792.000977,5850.539063,5764.312012,5764.418945
5/24/2018,5946.538086,5954.308105,5833.353027,5833.616211
5/25/2018,5975.742188,6003.244141,5949.521973,5957.425781
5/28/2018,6068.325195,6080.506836,5977.003906,5979.620117
5/30/2018,6011.055176,6095.828125,6001.801758,6037.434082
5/31/2018,5983.586914,6055.015137,5934.804199,6037.262207
6/4/2018,6014.818848,6032.993164,6001.201172,6004.119141
6/5/2018,6088.790039,6088.790039,6025.557129,6031.370117
6/6/2018,6069.712891,6096.723145,6063.334961,6083.920898
6/7/2018,6106.698242,6116.433105,6077.855957,6090.975098
6/8/2018,5993.626953,6096.657227,5987.329102,6083.332031
6/20/2018,5884.039063,5947.78418,5834.134766,5941.793945
6/21/2018,5822.333008,5922.702148,5815.453125,5890.064941
6/22/2018,5821.812012,5837.652832,5787.682129,5820.187988
6/25/2018,5859.083008,5891.481934,5801.594238,5850.313965
6/26/2018,5825.648926,5878.037109,5820.751953,5831.595215
6/27/2018,5787.551758,5859.603027,5787.551758,5832.584961
6/28/2018,5667.318848,5801.349121,5661.007813,5791.583008
6/29/2018,5799.236816,5799.236816,5682.658203,5691.686035
7/2/2018,5746.77002,5832.222168,5746.77002,5828.495117
7/3/2018,5633.937012,5752.317871,5630.100098,5737.35498
7/4/2018,5733.63916,5738.925781,5557.558105,5640.562988
7/5/2018,5739.332031,5739.332031,5685.751953,5727.912109
7/6/2018,5694.912109,5743.359863,5694.912109,5733.130859
7/9/2018,5807.375,5815.446777,5716.394043,5719.856934
7/10/2018,5881.759766,5888.592773,5829.681152,5839.036133
7/11/2018,5893.358887,5897.957031,5822.751953,5842.990234
7/12/2018,5907.87207,5931.519043,5873.048828,5873.048828
7/13/2018,5944.074219,5961.336914,5908.478027,5908.478027
7/16/2018,5905.158203,5956.796875,5847.34082,5941.912109
7/17/2018,5861.507813,5884.799805,5840.937012,5881.791016
7/18/2018,5890.730957,5899.652832,5858.975098,5868.871094
7/19/2018,5871.077148,5920.929199,5857.143066,5902.025879
7/20/2018,5872.78418,5884.633789,5842.930176,5867.808105
7/23/2018,5915.795898,5928.080078,5884.976074,5886.516113
7/24/2018,5931.841797,5945.850098,5925.049805,5934.408203
7/25/2018,5933.88916,5947.501953,5923.200195,5941.129883
7/26/2018,5946.13623,5967.595215,5928.743164,5949.657227
7/27/2018,5989.13623,5992.053223,5947.060059,5947.355957
7/30/2018,6027.936035,6027.936035,5994.079102,5998.097168
7/31/2018,5936.442871,6013.86377,5910.528809,6012.926758
8/1/2018,6033.418945,6034.548828,5945.442871,5952.938965
8/2/2018,6011.723145,6055.066895,6011.723145,6039.586914
8/3/2018,6007.538086,6023.475098,5994.042969,6014.796875
8/6/2018,6101.130859,6102.539063,6025.425781,6025.606934
8/7/2018,6091.25,6113.991211,6079.47998,6100.00293
8/8/2018,6094.829102,6117.292969,6081.633789,6110.84082
8/9/2018,6065.255859,6105.917969,6055.269043,6084.751953
8/10/2018,6077.172852,6107.695801,6059.98877,6084.801758
8/13/2018,5861.246094,6034.560059,5861.246094,6029.469238
8/14/2018,5769.873047,5890.98877,5744.575195,5850.719238
8/15/2018,5816.589844,5819.64209,5689.936035,5782.381836
8/16/2018,5783.797852,5811.625,5743.495117,5788.062988
8/20/2018,5892.191895,5919.332031,5833.539063,5833.539063
8/21/2018,5944.300781,5953.907227,5899.297852,5899.297852
8/23/2018,5982.984863,5991.298828,5934.290039,5962.101074
8/24/2018,5968.75,5993.60498,5949.60791,5975.415039
8/27/2018,6025.967773,6025.967773,5993.703125,5993.763184
8/28/2018,6042.649902,6065.253906,6023.221191,6042.891113
8/29/2018,6065.148926,6065.148926,6003.494141,6025.602051
8/30/2018,6018.963867,6086.943848,6013.373047,6075.27002
8/31/2018,6018.459961,6018.459961,5940.648926,5984.961914
9/3/2018,5967.579102,6026.915039,5954.928223,6025.411133
9/4/2018,5905.300781,5978.72998,5889.095215,5974.763184
9/5/2018,5683.500977,5868.775879,5621.604004,5868.775879
9/6/2018,5776.095215,5786.665039,5660.865234,5661.963867
9/7/2018,5851.464844,5851.464844,5769.251953,5780.806152
9/10/2018,5831.117188,5840.867188,5776.015137,5835.375977
9/12/2018,5798.150879,5870.599121,5798.150879,5839.314941
9/13/2018,5858.273926,5865.068848,5834.765137,5834.765137
9/14/2018,5931.280762,5931.280762,5870.984863,5870.984863
9/17/2018,5824.256836,5911.652832,5811.919922,5908.425781
9/18/2018,5811.790039,5844.951172,5781.289063,5818.720215
9/19/2018,5873.597168,5882.660156,5835.794922,5835.794922
9/20/2018,5931.266113,5941.015137,5897.598145,5898.481934
9/21/2018,5957.744141,5975.169922,5935.038086,5956.499023
9/24/2018,5882.220215,5958.567871,5876.648926,5958.567871
9/25/2018,5874.298828,5895.02002,5850.75,5875.158203
9/26/2018,5873.270996,5908.588867,5870.299805,5871.558105
9/27/2018,5929.21582,5931.724121,5870.538086,5871.435059
9/28/2018,5976.553223,5976.553223,5930.60498,5930.60498
10/1/2018,5944.601074,5982.064941,5944.601074,5950.85791
10/2/2018,5875.619141,5956.777832,5862.955078,5947.25
10/3/2018,5867.736816,5921.566895,5848.162109,5874.495117
10/4/2018,5756.619141,5847.599121,5742.308105,5847.599121
10/5/2018,5731.935059,5758.27002,5706.398926,5738.594238
10/8/2018,5761.073242,5794.432129,5728.638184,5728.698242
10/9/2018,5796.790039,5796.790039,5756.242188,5771.916992
10/10/2018,5820.667969,5832.928223,5798.743164,5815.286133
10/11/2018,5702.821777,5746.243164,5669.723145,5733.996094
10/12/2018,5756.490234,5788.680176,5722.486816,5722.486816
10/15/2018,5727.255859,5816.042969,5725.580078,5786.664063
10/16/2018,5800.816895,5800.816895,5719.508789,5737.941895
10/17/2018,5868.620117,5868.620117,5819.174805,5833.25293
10/18/2018,5845.242188,5858.788086,5811.924805,5850.124023
10/19/2018,5837.291016,5861.990234,5796.78418,5810.129883
10/22/2018,5840.435059,5869.651855,5827.629883,5841.418945
10/23/2018,5797.891113,5848.043945,5797.335938,5838.690918
10/24/2018,5709.416992,5818.839844,5709.416992,5795.750977
10/25/2018,5754.964844,5754.964844,5623.842773,5629.950195
10/26/2018,5784.920898,5790.953125,5748.61377,5761.451172
10/29/2018,5754.606934,5814.679199,5747.03418,5788.924805
10/30/2018,5789.100098,5789.100098,5733.240234,5755.02002
10/31/2018,5831.649902,5835.173828,5769.544922,5817.492188
11/1/2018,5835.919922,5883.220215,5815.756836,5855.222168
11/2/2018,5906.291992,5906.291992,5827.153809,5873.006836
11/5/2018,5920.594238,5926.634766,5886.206055,5895.243164
11/6/2018,5923.930176,5959.96582,5898.563965,5942.321777
11/7/2018,5939.88623,5947.608887,5891.140137,5942.223145
11/8/2018,5976.806152,5996.84082,5949.516113,5972.327148
11/9/2018,5874.153809,5936.03418,5859.087891,5934.178223
11/12/2018,5777.053223,5884.081055,5777.053223,5865.741211
11/13/2018,5835.198242,5850.376953,5747.530762,5754.598145
11/14/2018,5858.292969,5896.801758,5851.792969,5857.721191
11/15/2018,5955.73584,5960.398926,5880.212891,5885.216797
11/16/2018,6012.350098,6058.825195,5968.673828,5975.11084
11/19/2018,6005.296875,6036.98877,5974.134766,6028.336914
11/21/2018,5948.051758,5978.595215,5908.00293,5942.199219
11/22/2018,5990.810059,5997.637207,5936.661133,5936.661133
11/23/2018,6006.202148,6017.458008,5971.98877,5998.027832
11/26/2018,6022.777832,6025.991211,5990.984863,5997.73291
11/27/2018,6013.588867,6034.184082,5992.883789,6002.391113
11/28/2018,5991.246094,6030.895996,5990.345215,6027.582031
11/29/2018,6107.167969,6107.167969,6029.661133,6030.73877
11/30/2018,6056.124023,6117.194824,6056.124023,6104.637207
12/3/2018,6118.319824,6157.300781,6101.743164,6118.063965
12/4/2018,6152.859863,6152.859863,6118.469238,6118.633789
12/5/2018,6133.120117,6133.120117,6064.832031,6097.644043
12/6/2018,6115.493164,6131.631836,6086.131836,6095.006836
12/7/2018,6126.355957,6141.470215,6103.176758,6108.950195
12/10/2018,6111.359863,6121.780762,6078.631836,6103.097168
12/11/2018,6076.586914,6106.984863,6069.161133,6095.349121
12/12/2018,6115.577148,6118.226074,6084.338867,6097.730957
12/13/2018,6177.720215,6186.046875,6139.332031,6140.875977
12/14/2018,6169.842773,6185.47998,6160.352051,6178.566895
12/17/2018,6089.305176,6174.220215,6089.305176,6163.62793
12/18/2018,6081.867188,6081.867188,6014.794922,6056.23291
12/19/2018,6176.094238,6176.094238,6076.221191,6076.294922
12/20/2018,6147.875977,6160.413086,6112.055176,6144.936035
12/21/2018,6163.596191,6165.28418,6110.609863,6117.835938
12/26/2018,6127.850098,6144.60498,6094.412109,6126.652832
12/27/2018,6190.643066,6191.703125,6157.652832,6173.518066
12/28/2018,6194.498047,6212.125,6176.630859,6200.296875
1/2/2019,6181.174805,6205.89502,6164.833984,6197.871094
1/3/2019,6221.009766,6221.009766,6176.151855,6176.151855
1/4/2019,6274.540039,6274.540039,6200.854004,6211.096191
1/7/2019,6287.224121,6354.757813,6287.224121,6317.625977
1/8/2019,6262.847168,6316.240234,6251.375977,6292.263184
1/9/2019,6272.237793,6311.579102,6265.326172,6296.115234
1/10/2019,6328.713867,6328.713867,6268.507813,6293.958008
1/11/2019,6361.464844,6361.464844,6337.547852,6347.973145
1/14/2019,6336.116211,6359.875,6302.395996,6351.329102
1/15/2019,6408.78418,6408.78418,6333.644043,6347.101074
1/16/2019,6413.359863,6425.940918,6385.589844,6417.130859
1/17/2019,6423.779785,6457.734863,6410.950195,6421.407227
1/18/2019,6448.155762,6452.558105,6409.095215,6444.212891
1/21/2019,6450.833984,6472.149902,6438.900879,6448.536133
1/22/2019,6468.562012,6468.562012,6416.592773,6452.604004
1/23/2019,6451.169922,6484.195801,6449.919922,6452.905762
1/24/2019,6466.654785,6478.883789,6446.582031,6451.256836
1/25/2019,6482.842773,6498.333984,6470.123047,6474.15918
1/28/2019,6458.711914,6501.085938,6433.819824,6488.901855
1/29/2019,6436.47998,6485.24707,6428.470215,6454.473145
1/30/2019,6464.188965,6464.926758,6435.417969,6445.40918
1/31/2019,6532.969238,6544.479004,6491.38916,6491.38916
2/1/2019,6538.638184,6581.731934,6516.436035,6552.057129
2/4/2019,6481.451172,6555.986816,6479.049805,6540.773926
2/6/2019,6547.876953,6552.216797,6503.578125,6503.578125
2/7/2019,6536.457031,6563.981934,6517.225098,6556.115234
2/8/2019,6521.663086,6526.866211,6498.964844,6513.743164
2/11/2019,6495.001953,6535.178223,6494.125,6523.702148
2/12/2019,6426.325195,6513.102051,6392.236816,6503.050781
2/13/2019,6419.116211,6456.570801,6398.89209,6445.179199
2/14/2019,6420.018066,6446.335938,6402.430176,6429.131836
2/15/2019,6389.084961,6433.685059,6374.898926,6425.813965
2/18/2019,6497.814941,6501.027832,6425.916992,6428.275879
2/19/2019,6494.666992,6534.007813,6493.309082,6500.701172
2/20/2019,6512.78418,6552.151855,6483.070801,6521.808105
2/21/2019,6537.766113,6539.067871,6498.990234,6510.573242
2/22/2019,6501.37793,6530.220215,6481.475098,6518.187988
2/25/2019,6525.35791,6538.491211,6507.924805,6522.310059
2/26/2019,6540.950195,6540.950195,6497.757813,6527.721191
2/27/2019,6525.683105,6539.285156,6499.814941,6532.039063
2/28/2019,6443.348145,6526.933105,6433.244141,6526.933105
3/1/2019,6499.883789,6505.096191,6466.157227,6468.620117
3/4/2019,6488.419922,6537.230957,6487.853027,6508.26416
3/5/2019,6441.279785,6485.644043,6409.337891,6485.580078
3/6/2019,6457.956055,6473.012207,6424.257813,6460.807129
3/8/2019,6383.067871,6442.204102,6381.730957,6439.84082
3/11/2019,6366.434082,6420.782227,6366.039063,6418.882813
3/12/2019,6353.773926,6404.430176,6339.967773,6395.880859
3/13/2019,6377.575195,6377.575195,6337.874023,6343.121094
3/14/2019,6413.266113,6413.266113,6372.964844,6374.916992
3/15/2019,6461.183105,6489.194824,6419.644043,6420.182129
3/18/2019,6509.446777,6509.446777,6477.288086,6481.592773
3/19/2019,6480.275879,6522.205078,6473.286133,6515.561035
3/20/2019,6482.709961,6498.425781,6463.943848,6486.882813
3/21/2019,6501.775879,6515.971191,6484.312988,6499.271973
3/22/2019,6525.273926,6525.273926,6491.904785,6510.852051
3/25/2019,6411.250977,6474.647949,6391.519043,6473.855957
3/26/2019,6469.999023,6478.047852,6439.582031,6440.916016
3/27/2019,6444.737793,6485.425781,6443.974121,6480.557129
3/28/2019,6480.788086,6480.788086,6445.358887,6460.486816
3/29/2019,6468.754883,6485.958984,6440.916992,6480.98291
4/1/2019,6452.61084,6492.911133,6444.844238,6485.721191
4/2/2019,6476.065918,6490.073242,6454.983887,6476.623047
4/4/2019,6494.629883,6505.798828,6480.075195,6489.785156
4/5/2019,6474.018066,6506.800781,6473.955078,6501.099121
4/8/2019,6425.733887,6484.147949,6390.709961,6480.184082
4/9/2019,6484.348145,6484.390137,6429.535156,6434.618164
4/10/2019,6478.326172,6487.755859,6456.666016,6476.779785
4/11/2019,6410.166016,6472.72998,6410.166016,6468.255859
4/12/2019,6405.866211,6422.271973,6394.914063,6395.073242
4/15/2019,6435.150879,6442.03418,6415.115234,6426.904785
4/16/2019,6481.541016,6485.121094,6438.396973,6440.721191
4/18/2019,6507.221191,6636.332031,6487.227051,6568.845215
4/22/2019,6414.743164,6516.242188,6410.039063,6511.085938
4/23/2019,6462.821777,6482.818848,6415.455078,6420.163086
4/24/2019,6447.884766,6472.527832,6433.972168,6460.265137
4/25/2019,6372.787109,6431.591797,6353.283203,6423.837891
4/26/2019,6401.080078,6401.080078,6321.660156,6349.923828
4/29/2019,6425.89502,6428.344238,6376.705078,6388.381836
4/30/2019,6455.352051,6457.821777,6428.251953,6437.975098
5/2/2019,6374.421875,6465.772949,6363.040039,6458.121094
5/3/2019,6319.458984,6367.620117,6261.25,6366.75
5/6/2019,6256.352051,6263.086914,6207.623047,6254.811035
5/7/2019,6297.317871,6310.939941,6268.319824,6271.961914
5/8/2019,6270.202148,6270.883789,6231.362793,6260.696777
5/9/2019,6198.804199,6259.626953,6195.38623,6242.180176
5/10/2019,6209.118164,6232.664063,6149.220215,6203.103027
5/13/2019,6135.395996,6238.262207,6135.395996,6225.39502
5/14/2019,6071.202148,6101.089844,6033.618164,6081.401855
5/15/2019,5980.884766,6107.439941,5980.884766,6091.643066
5/16/2019,5895.737793,6009.62793,5889.555176,5969.855957
5/17/2019,5826.868164,5936.970215,5826.868164,5930.269043
5/20/2019,5907.121094,5930.154785,5767.400879,5822.474121
5/21/2019,5951.37207,5996.540039,5925.416016,5925.416016
5/22/2019,5939.63623,5966.797852,5918.899902,5948.382813
5/23/2019,6032.695801,6044.571777,5942.171875,5944.032227
5/24/2019,6057.353027,6080.191895,6037.080078,6042.575195
5/27/2019,6098.974121,6114.530762,6054.768066,6056.414063
5/28/2019,6033.14209,6118.905762,6033.14209,6101.842773
5/29/2019,6104.105957,6112.431152,6054.570801,6059.530762
5/31/2019,6209.117188,6209.117188,6110.478027,6110.52002
6/10/2019,6289.609863,6334.64502,6276.279785,6277.292969
6/11/2019,6305.992188,6310,6255.26416,6286.799805
6/12/2019,6276.176758,6296.817871,6257.438965,6270.352051
6/13/2019,6273.082031,6284.458008,6250.117188,6282.60791
6/14/2019,6250.265137,6294.648926,6234.98584,6278.025879
6/17/2019,6190.524902,6263.499023,6190.524902,6259.535156
6/18/2019,6257.330078,6257.330078,6195.133789,6195.133789
6/19/2019,6339.262207,6339.262207,6289.452148,6289.452148
6/20/2019,6335.698242,6357.459961,6311.251953,6346.013184
6/21/2019,6315.436035,6352.528809,6269.690918,6343.481934
6/24/2019,6288.464844,6320.535156,6280.222168,6307.926758
6/25/2019,6320.444824,6327.981934,6308.00293,6312.101074
6/26/2019,6310.48877,6334.179199,6303.349121,6323.811035
6/27/2019,6352.709961,6357.928223,6320.089844,6324.692871
6/28/2019,6358.628906,6377.350098,6351.505859,6367.018066
7/1/2019,6379.687988,6395.625977,6369.192871,6381.181152
7/2/2019,6384.897949,6394.454102,6365.37207,6388.222168
7/3/2019,6362.62207,6385.373047,6334.748047,6362.958008
7/4/2019,6375.966797,6385.128906,6359.415039,6364.067871
7/5/2019,6373.477051,6386.644043,6362.924805,6373.317871
7/8/2019,6351.827148,6367.361816,6324.721191,6360.213867
7/9/2019,6388.323242,6388.323242,6351.422852,6351.484863
7/10/2019,6410.683105,6412.824219,6393.189941,6393.189941
7/11/2019,6417.065918,6434.908203,6397.222168,6424.628906
7/12/2019,6373.345215,6425.317871,6369.496094,6414.198242
7/15/2019,6418.233887,6439.192871,6405.450195,6408.308105
7/16/2019,6401.879883,6428.268066,6389.397949,6414.729004
7/17/2019,6394.608887,6403.500977,6377.50293,6395.463867
7/18/2019,6403.293945,6407.256836,6375.617188,6385.058105
7/19/2019,6456.539063,6456.539063,6417.442871,6417.442871
7/22/2019,6433.546875,6468.24707,6420.349121,6461.411133
7/23/2019,6403.810059,6454.088867,6396.674805,6443.710938
7/24/2019,6384.986816,6419.221191,6380.01123,6413.319824
7/25/2019,6401.365234,6412.714844,6386.291016,6392.388184
7/26/2019,6325.236816,6385.587891,6314.410156,6379.204102
7/29/2019,6299.035156,6349.367188,6283.602051,6336.845215
7/30/2019,6376.996094,6376.996094,6317.036133,6317.573242
7/31/2019,6390.504883,6390.504883,6348.99707,6362.108887
8/1/2019,6381.541992,6404.581055,6372.705078,6385.26416
8/2/2019,6340.180176,6353.11084,6317.270996,6341.123047
8/5/2019,6175.703125,6315.062988,6175.703125,6311.164063
8/6/2019,6119.471191,6157.762207,6022.599121,6105.09082
8/7/2019,6204.194824,6221.661133,6153.644043,6155.828125
8/8/2019,6274.670898,6281.100098,6224.897949,6224.897949
8/9/2019,6282.131836,6319.439941,6280.667969,6300.092773
8/12/2019,6250.595215,6309.102051,6245.276855,6300.672852
8/13/2019,6210.961914,6251.308105,6198.065918,6251.308105
8/14/2019,6267.334961,6274.575195,6240.204102,6255.509766
8/15/2019,6257.585938,6257.585938,6161.665039,6192.456055
8/16/2019,6286.657227,6292.375,6235.701172,6264.379883
8/19/2019,6296.714844,6329.73877,6284.775879,6310.632813
8/20/2019,6295.737793,6317.690918,6279.564941,6311.907227
8/21/2019,6252.966797,6308.352051,6247.990234,6290.811035
8/22/2019,6239.245117,6265.957031,6210.537109,6257.556152
8/23/2019,6255.597168,6255.597168,6204.187988,6228.129883
8/26/2019,6214.509766,6230.314941,6149.02002,6193.230957
8/27/2019,6278.170898,6289.884766,6223.744141,6244.573242
8/28/2019,6281.645996,6306.329102,6267.194824,6289.650879
8/29/2019,6289.119141,6306.895996,6276.420898,6288.186035
8/30/2019,6328.470215,6329.883789,6305.037109,6316.119141
9/2/2019,6290.545898,6338.112793,6281.60498,6331.147949
9/3/2019,6261.589844,6310.630859,6248.796875,6293.361816
9/4/2019,6269.664063,6273.604004,6239.000977,6266.76416
9/5/2019,6306.803223,6307.348145,6281.954102,6294.283203
9/6/2019,6308.950195,6336.912109,6305.01709,6329.412109
9/9/2019,6326.212891,6333.896973,6306.73584,6328.282227
9/10/2019,6336.672852,6342.005859,6311.34082,6331.726074
9/11/2019,6381.954102,6381.954102,6328.687988,6334.591797
9/12/2019,6342.173828,6414.483887,6337.523926,6398.995117
9/13/2019,6334.842773,6375.804199,6318.919922,6369.422852
9/16/2019,6219.435059,6266.140137,6193.513184,6262.288086
9/17/2019,6236.689941,6240.348145,6205.301758,6215.236816
9/18/2019,6276.632813,6276.632813,6236.476074,6238.705078
9/19/2019,6244.470215,6282.062988,6242.893066,6274.178223
9/20/2019,6231.473145,6256.821777,6213.243164,6248.974121
9/23/2019,6206.199219,6247.577148,6197.388184,6240.144043
9/24/2019,6137.60791,6194.589844,6115.950195,6188.769043
9/25/2019,6146.403809,6146.403809,6086.001953,6121.490234
9/26/2019,6230.333984,6230.333984,6165.925781,6168.667969
9/27/2019,6196.88916,6219.77002,6191.664063,6213.932129
9/30/2019,6169.102051,6195.728027,6152.496094,6190.37207
10/1/2019,6138.25,6176.605957,6134.77002,6163.979004
10/2/2019,6055.424805,6153.996094,6051.687988,6124.442871
10/3/2019,6038.528809,6050.604004,5997.691895,6033.026855
10/4/2019,6061.251953,6076.560059,6046.129883,6052.74707
10/7/2019,6000.582031,6084.165039,5988.87207,6077.740234
10/8/2019,6039.601074,6046.458008,6009.381836,6021.692871
10/9/2019,6029.160156,6047.792969,6017.359863,6030.458984
10/10/2019,6023.641113,6044.11377,6018.445801,6023.976074
10/11/2019,6105.799805,6109.118164,6033.321777,6033.321777
10/14/2019,6126.876953,6153.578125,6099.23877,6129.233887
10/15/2019,6158.166016,6158.166016,6118.262207,6130.299805
10/16/2019,6169.591797,6183.583984,6143.846191,6170.562012
10/17/2019,6181.01416,6197.935059,6161.39209,6169.903809
10/18/2019,6191.946777,6201.174805,6178.498047,6185.214844
10/21/2019,6198.986816,6228.227051,6187.36084,6207.88916
10/22/2019,6225.49707,6229.398926,6178.555176,6207.492188
10/23/2019,6257.806152,6257.806152,6197.954102,6224.417969
10/24/2019,6339.646973,6339.646973,6270.186035,6271.51416
10/25/2019,6252.345215,6348.314941,6243.246094,6342.608887
10/28/2019,6265.383789,6278.163086,6243.349121,6256.790039
10/29/2019,6281.138184,6281.138184,6245.937988,6267.680176
10/30/2019,6295.74707,6304.049805,6264.938965,6302.087891
10/31/2019,6228.316895,6301.592773,6216.290039,6290.566895
11/1/2019,6207.190918,6228.411133,6193.887207,6225.814941
11/4/2019,6180.344238,6242.083984,6180.344238,6219.126953
11/5/2019,6264.151855,6264.151855,6195.304199,6204.438965
11/6/2019,6217.544922,6274.291992,6198.496094,6273.917969
11/7/2019,6165.624023,6235.638184,6119.420898,6234.604004
11/8/2019,6177.98584,6180.199219,6139.823242,6165.766113
11/11/2019,6148.740234,6182.815918,6127.876953,6171.437012
11/12/2019,6180.992188,6180.992188,6133.53418,6135.493164
11/13/2019,6142.500977,6183.827148,6132.25293,6177.660156
11/14/2019,6098.950195,6146.397949,6062.97998,6137.535156
11/15/2019,6128.345215,6137.355957,6092.616211,6115.758789
11/18/2019,6122.625,6134.314941,6098.081055,6126.413086
11/19/2019,6152.089844,6152.089844,6113.333008,6136.937012
11/20/2019,6155.108887,6167.411133,6123.584961,6136.25293
11/21/2019,6117.36377,6137.270996,6099.567871,6135.76416
11/22/2019,6100.242188,6122.480957,6086.827148,6115.791016
11/25/2019,6070.762207,6105.097168,6052.265137,6094.748047
11/26/2019,6026.187988,6096.661133,6026.187988,6091.237793
11/27/2019,6023.039063,6052.492188,6002.987793,6025.940918
11/28/2019,5953.060059,6036.828125,5945.75,6013.270996
11/29/2019,6011.830078,6015.699219,5939.403809,5949.883789
12/2/2019,6130.055176,6130.055176,6023.009766,6023.611816
12/3/2019,6133.895996,6148.366211,6107.64209,6119.901855
12/4/2019,6112.878906,6127.977051,6095.306152,6121.333008
12/5/2019,6152.117188,6157.931152,6131.588867,6132.039063
12/6/2019,6186.868164,6186.868164,6145.119141,6160.783203
12/9/2019,6193.791016,6210.778809,6180.836914,6194.082031
12/10/2019,6183.504883,6205.133789,6179.518066,6186.75293
12/11/2019,6180.099121,6204.604004,6171.926758,6190.577148
12/12/2019,6139.396973,6201.023926,6139.396973,6185.417969
12/13/2019,6197.317871,6197.317871,6167.640137,6181.055176
12/16/2019,6211.591797,6237.916016,6197.313965,6197.313965
12/17/2019,6244.352051,6244.352051,6205.62793,6223.442871
12/18/2019,6287.25,6287.25,6287.25,6287.25
12/19/2019,6249.930176,6281.416016,6235.844238,6274.388184
12/20/2019,6284.37207,6284.37207,6231.46582,6257.160156
12/23/2019,6305.910156,6315.721191,6270.539063,6309.670898
12/26/2019,6319.442871,6326.268066,6303.059082,6303.059082
12/27/2019,6329.313965,6337.335938,6312.380859,6321.568848
12/30/2019,6299.539063,6336.919922,6289.546875,6329.134766
1/2/2020,6283.581055,6317.013184,6263.675781,6313.12793
1/3/2020,6323.46582,6323.46582,6287.706055,6306.187012
1/6/2020,6257.402832,6300.436035,6252.634766,6293.499023
1/7/2020,6279.346191,6284.89209,6246.128906,6272.220215
1/8/2020,6225.686035,6250.12207,6218.129883,6248.442871
1/9/2020,6274.493164,6274.493164,6238.98291,6248.661133
1/10/2020,6274.940918,6295.370117,6271.97998,6287.166992
1/13/2020,6296.566895,6297.775879,6269.480957,6287.912109
1/14/2020,6325.405762,6325.405762,6298.60791,6308.890137
1/15/2020,6283.365234,6348.525879,6255.498047,6326.166016
1/16/2020,6286.047852,6299.541016,6255.493164,6275.956055
1/17/2020,6291.657227,6301.484863,6266.932129,6293.782227
1/20/2020,6245.042969,6312.98877,6240.189941,6310.500977
1/21/2020,6238.152832,6257.884766,6226.063965,6251.99707
1/22/2020,6233.453125,6265.51416,6223.189941,6241.575195
1/23/2020,6249.209961,6255.042969,6229.130859,6243.998047
1/24/2020,6244.108887,6258.851074,6234.825195,6242.834961
1/27/2020,6133.208008,6242.176758,6130.928223,6240.817871
1/28/2020,6111.184082,6111.184082,6111.184082,6111.184082
1/29/2020,6113.044922,6152.588867,6102.795898,6123.095215
1/30/2020,6057.596191,6057.596191,6057.596191,6057.596191
1/31/2020,5940.047852,6078.930176,5937.021973,6076.458984
2/3/2020,5884.169922,5942.782227,5877.201172,5920.967773
2/4/2020,5922.338867,5952.946777,5911.375,5947.506836
2/5/2020,5978.509766,5978.509766,5924.374023,5955.519043
2/6/2020,5987.14502,6013.699219,5969.484863,6002.919922
2/7/2020,5999.606934,6004.812012,5981.644043,5988.058105
2/10/2020,5952.083008,5996.46582,5937.380859,5993.376953
2/11/2020,5954.396973,5975.160156,5946.220215,5974
2/12/2020,5913.081055,5962.347168,5895.724121,5957.060059
2/13/2020,5871.954102,5929.499023,5860.254883,5921.912109
2/14/2020,5866.944824,5890.028809,5843.432129,5857.721191
2/17/2020,5867.522949,5878.463867,5853.598145,5863.914063
2/18/2020,5886.961914,5907.13916,5855.924805,5856.880859
2/19/2020,5928.791016,5928.791016,5898.701172,5898.899902
2/20/2020,5942.486816,5960.712891,5929.14502,5941.450195
2/21/2020,5882.254883,5944.205078,5873.731934,5940.785156
2/24/2020,5807.049805,5863.124023,5787.919922,5846.145996
2/25/2020,5787.138184,5814.679199,5752.334961,5784.736816
2/26/2020,5688.920898,5757.740234,5688.920898,5757.166992
2/27/2020,5535.693848,5684.286133,5526.816895,5680.437012
2/28/2020,5452.704102,5456.275879,5288.370117,5436.171875
3/2/2020,5361.246094,5491.134766,5354.620117,5455.045898
3/3/2020,5518.62793,5545.773926,5431.295898,5431.295898
3/4/2020,5650.13623,5651.85498,5516.805176,5524.094238
3/5/2020,5638.129883,5715.940918,5613.719238,5688.778809
3/6/2020,5498.540039,5577.801758,5498.540039,5575.565918
3/9/2020,5136.809082,5364.604004,5133.150879,5364.604004
3/10/2020,5220.826172,5278.422852,5149.452148,5149.493164
3/11/2020,5154.10498,5264.47998,5112.318848,5231.608887
3/12/2020,4895.748047,5040.987793,4895.748047,5040.964844
3/13/2020,4907.570801,4937.993164,4639.914063,4895.748047
3/16/2020,4690.657227,4907.570801,4677.75,4907.570801
3/17/2020,4456.749023,4698.043945,4447.956055,4690.657227
3/18/2020,4330.673828,4473.824219,4284.674805,4456.749023
3/19/2020,4105.421875,4330.673828,4093.714111,4330.673828
3/20/2020,4194.943848,4238.263184,3918.340088,4105.421875
3/23/2020,3989.51709,4194.943848,3975.190918,4194.943848
3/24/2020,3937.63208,4123.562012,3911.716064,3989.51709
3/26/2020,4338.903809,4370.660156,3935.914063,3937.63208
3/27/2020,4545.570801,4697.666016,4338.903809,4338.903809
3/30/2020,4414.5,4545.570801,4317.713867,4545.570801
3/31/2020,4538.930176,4569.473145,4414.5,4414.5
4/1/2020,4466.037109,4627.417969,4445.138184,4538.930176
4/2/2020,4531.685059,4531.685059,4393.668945,4466.037109
4/3/2020,4623.429199,4623.429199,4531.685059,4531.685059
4/6/2020,4811.827148,4811.827148,4623.429199,4623.429199
4/7/2020,4778.63916,4975.536133,4721.721191,4811.827148
4/8/2020,4626.694824,4780.214844,4583.900879,4778.63916
4/9/2020,4649.079102,4669.709961,4562.901855,4626.694824
4/13/2020,4623.894043,4659.029785,4591.728027,4649.079102
4/14/2020,4706.491211,4706.491211,4623.894043,4623.894043
4/15/2020,4625.904785,4747.725098,4605.054199,4706.491211
4/16/2020,4480.606934,4480.606934,4480.606934,4480.606934
4/17/2020,4634.820801,4637.242188,4480.606934,4480.606934
4/20/2020,4575.904785,4669.541992,4573.773926,4634.820801
4/21/2020,4501.918945,4575.904785,4482.63916,4575.904785
4/22/2020,4567.562012,4580.680176,4441.089844,4501.918945
4/23/2020,4593.554199,4629.025879,4567.562012,4567.562012
4/24/2020,4496.063965,4593.830078,4496.063965,4593.554199
4/27/2020,4513.141113,4541.312012,4474.893066,4496.063965
4/28/2020,4529.554199,4532.378906,4494.470215,4513.141113
4/29/2020,4567.323242,4568.665039,4523.955078,4529.554199
4/30/2020,4716.402832,4726.773926,4567.323242,4567.323242
5/4/2020,4605.486816,4716.402832,4576.228027,4716.402832
5/5/2020,4630.132813,4667.786133,4605.486816,4605.486816
5/6/2020,4608.790039,4647.524902,4597.750977,4630.132813
5/8/2020,4597.430176,4630.588867,4586.73877,4608.790039
5/11/2020,4639.10498,4659.861816,4597.430176,4597.430176
5/12/2020,4588.733887,4644.134766,4552.387207,4639.10498
5/13/2020,4554.358887,4588.733887,4519.978027,4588.733887
5/14/2020,4513.833984,4564.149902,4494.153809,4554.358887
5/15/2020,4507.606934,4540.420898,4460.272949,4513.833984
5/18/2020,4511.058105,4527.967773,4487.179199,4507.606934
5/19/2020,4548.655762,4609.041992,4511.058105,4511.058105
5/20/2020,4545.952148,4561.554199,4521.470215,4548.655762
5/26/2020,4626.798828,4634.652832,4541.833984,4545.952148
5/27/2020,4641.555176,4641.555176,4597.37207,4626.798828
5/28/2020,4716.185059,4741.603027,4638.808105,4641.555176
5/29/2020,4753.611816,4755.957031,4704.788086,4716.185059
6/2/2020,4847.506836,4884.01123,4753.611816,4753.611816
6/3/2020,4941.005859,4960.070801,4847.506836,4847.506836
6/4/2020,4916.704102,5014.76416,4899.390137,4941.005859
6/5/2020,4947.782227,4948.512207,4851.148926,4916.704102
6/8/2020,5070.561035,5103.085938,4947.782227,4947.782227
6/9/2020,5035.055176,5139.405762,5023.76709,5070.561035
6/10/2020,4920.682129,5036.855957,4892.817871,5035.055176
6/11/2020,4854.753906,4931.242188,4812.192871,4920.682129
6/12/2020,4880.358887,4880.358887,4712.073242,4854.753906
6/15/2020,4816.335938,4918.056152,4809.619141,4880.358887
6/16/2020,4986.458008,4989.526855,4816.335938,4816.335938
6/17/2020,4987.775879,5018.984863,4968.925781,4986.458008
6/18/2020,4925.248047,4993.61377,4925.248047,4987.775879
6/19/2020,4942.274902,4970.066895,4925.248047,4925.248047
6/22/2020,4918.831055,4957.666016,4904.766113,4942.274902
6/23/2020,4879.132813,4938.394043,4879.132813,4918.831055
6/24/2020,4964.734863,4977.650879,4879.132813,4879.132813
6/25/2020,4896.72998,4964.734863,4883.709961,4964.734863
6/26/2020,4904.087891,4941.138184,4882.141113,4896.72998
6/29/2020,4901.817871,4909.905762,4862.041016,4904.087891
6/30/2020,4905.39209,4939.839844,4894.120117,4901.817871
7/1/2020,4914.388184,4928.611816,4885.602051,4905.39209
7/2/2020,4966.779785,4966.779785,4914.388184,4914.388184
7/3/2020,4973.793945,4997.481934,4964.10791,4966.779785
7/6/2020,4988.866211,5009.345215,4973.490234,4973.793945
7/7/2020,4987.082031,5011.712891,4982.333984,4988.866211
7/8/2020,5076.173828,5080.251953,4985.01709,4987.082031
7/9/2020,5052.793945,5111.563965,5041.930176,5076.173828
7/10/2020,5031.255859,5076.520996,5022.169922,5052.793945
7/13/2020,5064.446777,5075.098145,5024.934082,5031.255859
7/14/2020,5079.12207,5079.12207,5053.722168,5064.446777
7/15/2020,5075.797852,5116.463867,5069.380859,5079.12207
7/16/2020,5098.374023,5107.259766,5075.797852,5075.797852
7/17/2020,5079.584961,5110.430176,5073.557129,5098.374023
7/20/2020,5051.105957,5100.191895,5031.888184,5079.584961
7/21/2020,5114.708984,5135.559082,5047.085938,5051.105957
7/22/2020,5110.187012,5142.043945,5099.566895,5114.708984
7/23/2020,5145.009766,5162.97998,5110.220215,5110.220215
7/24/2020,5082.991211,5149.589844,5074.492188,5145.01123
7/27/2020,5116.666016,5116.666016,5080.121094,5082.991211
7/28/2020,5112.98877,5143.286133,5097.418945,5116.666016
7/29/2020,5149.629883,5149.629883,5091.399902,5111.109863
7/30/2020,5149.626953,5149.626953,5091.399902,5111.112793
8/3/2020,5006.223145,5157.272949,4928.467773,5149.626953
8/4/2020,5075.001953,5075.001953,5006.223145,5006.223145
8/5/2020,5127.050781,5127.050781,5059.088867,5075.001953
8/6/2020,5178.271973,5187.963867,5127.050781,5127.050781
8/7/2020,5143.893066,5187.374023,5119.683105,5178.271973
8/10/2020,5157.833984,5157.833984,5157.833984,5157.833984
8/11/2020,5190.169922,5201.450195,5157.930176,5157.930176
8/12/2020,5233.452148,5235.52002,5178.458984,5190.166016
8/13/2020,5239.25,5279.349121,5218.413086,5233.452148
8/14/2020,5247.689941,5255.374023,5221.919922,5239.25
8/18/2020,5295.173828,5316.132813,5243.995117,5247.689941
8/19/2020,5272.810059,5327.315918,5268.506836,5295.173828
8/24/2020,5277.041016,5294.153809,5261.408203,5272.810059
8/25/2020,5338.888184,5341.376953,5276.957031,5277.041016
8/26/2020,5340.328125,5351.471191,5324.612793,5338.888184
8/27/2020,5371.472168,5371.472168,5325.487793,5340.328125
8/28/2020,5346.65918,5381.948242,5325.60498,5371.472168
8/31/2020,5238.486816,5369.446777,5233.143066,5346.65918
9/1/2020,5310.679199,5310.679199,5219.208008,5238.486816
9/2/2020,5311.970215,5337.099121,5295.276855,5310.679199
9/3/2020,5280.812988,5331.167969,5242.171875,5311.970215
9/4/2020,5239.851074,5280.812988,5188.608887,5280.812988
9/7/2020,5230.195801,5245.349121,5195.865234,5235.009766
9/8/2020,5244.071777,5256.305176,5232.917969,5232.917969
9/9/2020,5149.375977,5216.02002,5135.812012,5214.032227
9/10/2020,4891.460938,5084.483887,4878.279785,5084.326172
9/11/2020,5016.711914,5016.711914,4754.798828,4804.644043
9/14/2020,5161.828125,5161.828125,5059.26709,5060.023926
9/15/2020,5100.865234,5187.278809,5091.293945,5169.245117
9/16/2020,5058.481934,5117.287109,5051.753906,5108.12793
9/17/2020,5038.400879,5099.577148,5013.186035,5058.950195
9/18/2020,5059.223145,5072.680176,5023.443848,5037.369141
9/21/2020,4999.359863,5075.818848,4987.748047,5058.990234
9/22/2020,4934.092773,4978.440918,4919.109863,4947.730957
9/23/2020,4917.955078,4984.23877,4873.020996,4946.50293
9/24/2020,4842.755859,4897.336914,4820.331055,4876.351074
9/25/2020,4945.791016,4949.303223,4848.024902,4867.962891
9/28/2020,4906.547852,4991.762207,4905.51123,4962.953125
9/29/2020,4879.098145,4950.967773,4859.786133,4929.333008
9/30/2020,4870.039063,4903.86377,4841.361816,4896.432129
10/1/2020,4970.094238,4970.094238,4898.99707,4899.644043
10/2/2020,4926.733887,4972.823242,4881.913086,4969.245117
10/5/2020,4958.769043,4962.792969,4915.685059,4947.040039
10/6/2020,4999.221191,5023.894043,4992.481934,5004.395996
10/7/2020,5004.327148,5014.609863,4962.089844,4976.567871
10/8/2020,5039.14209,5039.14209,5001.519043,5018.736816
10/9/2020,5053.663086,5057.835938,5029.151855,5036.476074
10/12/2020,5093.099121,5103.50293,5078.128906,5078.128906
10/13/2020,5132.571777,5132.958984,5064.170898,5093.421875
10/14/2020,5176.099121,5177.924805,5125.044922,5134.662109
10/15/2020,5105.149902,5182.530762,5105.149902,5172.59082
10/16/2020,5103.414063,5115.558105,5067.588867,5111.434082
10/19/2020,5126.330078,5128.651855,5090.776855,5116.757813
10/20/2020,5099.839844,5135.078125,5080.956055,5120.913086
10/21/2020,5096.445801,5131.506836,5083.660156,5116.790039
10/22/2020,5091.815918,5093.825195,5063.696777,5084.790039
10/23/2020,5112.187988,5121.02002,5095.506836,5112.787109
10/26/2020,5144.048828,5158.265137,5113.022949,5113.148926
10/27/2020,5128.225098,5155.565918,5110.618164,5133.537109
11/2/2020,5115.12793,5130.686035,5073.5,5108.028809
11/3/2020,5159.452148,5162.347168,5131.949219,5133.981934
11/4/2020,5105.199219,5188.008789,5105.199219,5170.823242
11/5/2020,5260.326172,5260.326172,5161.390137,5161.390137
11/6/2020,5335.528809,5335.528809,5246.701172,5276.164063
11/9/2020,5356.004883,5395.711914,5319.419922,5371.971191
11/10/2020,5462.73877,5469.183105,5412.594238,5424.731934
11/11/2020,5509.513184,5520.908203,5471.591797,5475.564941
11/12/2020,5458.602051,5500.416016,5449.796875,5494.484863
11/13/2020,5461.058105,5466.563965,5427.631836,5449.101074
11/16/2020,5494.87207,5519.679199,5462.459961,5500.03418
11/17/2020,5529.939941,5562.537109,5515.519043,5516.580078
11/18/2020,5557.518066,5574.728027,5530.875977,5530.875977
11/19/2020,5594.059082,5598.523926,5541.313965,5541.421875
11/20/2020,5571.655762,5628.441895,5563.654785,5602.783203
11/23/2020,5652.76416,5652.76416,5583.330078,5583.330078
11/24/2020,5701.028809,5710.380859,5667.368164,5677.299805
11/25/2020,5679.24707,5770.661133,5666.76416,5735.13623
11/26/2020,5759.916016,5759.916016,5669.664063,5669.664063
11/27/2020,5783.334961,5795.835938,5745.884766,5773.555176
11/30/2020,5612.415039,5798.291992,5563.861816,5779.670898
12/1/2020,5724.742188,5736.318848,5594.277832,5637.894043
12/2/2020,5813.986816,5813.986816,5734.26123,5755.175781
12/3/2020,5822.941895,5853.155762,5797.013184,5833.323242
12/4/2020,5810.48291,5823.324219,5775.569824,5820.819824
12/7/2020,5930.758789,5941.352051,5854.303223,5854.303223
12/8/2020,5944.40918,5961.778809,5911.098145,5947.658203
12/10/2020,5933.698242,6004.422852,5911.914063,5976.999023
12/11/2020,5938.329102,5976.568848,5924.371094,5946.358887
12/14/2020,6012.516113,6013.951172,5959.274902,5959.274902
12/15/2020,6010.12793,6023.214844,5965.805176,6013.51123
12/16/2020,6118.401855,6123.953125,6046.866211,6046.866211
12/17/2020,6113.381836,6160.977051,6075.832031,6133.096191
12/18/2020,6104.324219,6142.85791,6091.397949,6106.250977
12/21/2020,6165.624023,6195.153809,6119.917969,6131.623047
12/22/2020,6023.289063,6174.458984,6010.210938,6146.645996
12/23/2020,6008.708984,6104.35498,5853.26123,6061.848145
12/28/2020,6093.554199,6095.007813,5979.904785,6067
12/29/2020,6036.173828,6143.870117,6026.705078,6112.720215
12/30/2020,5979.073242,6055.970215,5962.009766,6052.121094
1/4/2021,6104.897949,6104.897949,5929.047852,5997.830078
1/5/2021,6137.342773,6145.612793,6073.416016,6105.793945
1/6/2021,6065.682129,6166.628906,5987.785156,6139.137207
1/7/2021,6153.632813,6158.037109,6090.36084,6091.716797
1/8/2021,6257.834961,6275.742188,6190.101074,6190.948242
1/11/2021,6382.937012,6382.937012,6278.374023,6278.413086
1/12/2021,6395.668945,6435.959961,6353.307129,6393.902832
1/13/2021,6435.205078,6464.350098,6393.898926,6439.934082
1/14/2021,6428.314941,6465.532227,6407.569824,6445.900879
1/15/2021,6373.412109,6472.312012,6341.250977,6447.984863
1/18/2021,6389.833984,6428.314941,6316.875,6365.025879
1/19/2021,6321.855957,6434.842773,6288.978027,6421.86084
1/20/2021,6429.757813,6440.796875,6299.39209,6334.512207
1/21/2021,6413.89209,6504.992188,6399.666016,6476.094238
1/22/2021,6307.126953,6428.49707,6283.312988,6419.573242
1/25/2021,6258.571777,6322.727051,6148.307129,6322.519043
1/26/2021,6140.170898,6269.665039,6123.008789,6252.713867
1/27/2021,6109.167969,6154.60498,5998.898926,6153.078125
1/28/2021,5979.387207,6123.460938,5957.551758,6065.788086
1/29/2021,5862.352051,6068.12793,5825.291992,6010.342773
2/1/2021,6067.544922,6070.734863,5735.469238,5856.776855
2/2/2021,6043.84082,6157.249023,6018.094238,6119.01123
2/3/2021,6077.745117,6137.681152,6047.412109,6096.583984
2/4/2021,6107.21582,6179.368164,6069.549805,6111.757813
2/5/2021,6151.729004,6151.729004,6090.980957,6136.393066
2/8/2021,6208.866211,6224.414063,6180.731934,6193.550781
2/9/2021,6181.671875,6286.291016,6157.134766,6232.102051
2/10/2021,6201.828125,6216.938965,6168.013184,6198.032227
2/11/2021,6222.520996,6232.850098,6194.009766,6221.633789
2/15/2021,6270.324219,6283.415039,6244.384766,6244.384766
2/16/2021,6292.395996,6308.811035,6274.353027,6291.007813
2/17/2021,6227.728027,6314.555176,6209.314941,6292.970215
2/18/2021,6200.308105,6281.35791,6200.308105,6230.356934
2/19/2021,6231.932129,6231.932129,6173.594238,6196.898926
2/22/2021,6255.312012,6312.873047,6255.312012,6267.024902
2/23/2021,6272.807129,6279.143066,6241.951172,6267.454102
2/24/2021,6251.054199,6294.140137,6223.648926,6283.794922
2/25/2021,6289.645996,6309.757813,6274.49707,6280.727051
2/26/2021,6241.795898,6302.394043,6184.51709,6246.316895
3/1/2021,6338.513184,6339.008789,6261.559082,6281.856934
3/2/2021,6359.205078,6388.121094,6329.498047,6367.438965
3/3/2021,6376.756836,6394.452148,6334.244141,6378.797852
3/4/2021,6290.798828,6369.411133,6270.10791,6355.375977
3/5/2021,6258.749023,6307.683105,6245.308105,6263.043945
3/8/2021,6248.464844,6325.515137,6239.049805,6304
3/9/2021,6199.646973,6267.423828,6167.717773,6258.669922
3/10/2021,6264.679199,6276.158203,6225.455078,6233.616211
3/12/2021,6358.208984,6364.356934,6298.522949,6316.880859
3/15/2021,6324.258789,6387.73584,6324.258789,6374.762207
3/16/2021,6309.699219,6355.411133,6296.896973,6347.188965
3/17/2021,6277.228027,6321.336914,6268.838867,6318.068848
3/18/2021,6347.829102,6358.425781,6307,6309.575195
3/19/2021,6356.160156,6356.160156,6307.101074,6346.008789
3/22/2021,6301.130859,6354.938965,6290.021973,6346.794922
3/23/2021,6252.711914,6342.129883,6245.991211,6331.698242
3/24/2021,6156.140137,6239.546875,6143.380859,6231.712891
3/25/2021,6122.875977,6176.426758,6058.842773,6159.619141
3/26/2021,6195.562012,6195.562012,6106.078125,6141.605957
3/29/2021,6166.817871,6230.990234,6165.553223,6205.568848
3/30/2021,6071.441895,6170.668945,6046.467773,6163.721191
3/31/2021,5985.521973,6066.836914,5892.64502,6062.950195
4/1/2021,6011.456055,6020.164063,5960.816895,5988.022949
4/5/2021,5970.286133,6051.621094,5964.483887,6040.055176
4/6/2021,6002.77002,6008.504883,5944.420898,5973.986816
4/7/2021,6036.616211,6040.456055,5982.066895,6011.958008
4/8/2021,6071.724121,6073.914063,6030.286133,6035.037109
4/9/2021,6070.208984,6113.155762,6070.208984,6101.723145
4/12/2021,5948.568848,6088.828125,5942.713867,6080.791992
4/13/2021,5927.435059,5957.611816,5883.523926,5944.525879
4/14/2021,6050.275879,6050.275879,5962.316895,5964.029785
4/15/2021,6079.500977,6079.500977,6029.153809,6057.61084
4/16/2021,6086.257813,6115.620117,6062.921875,6102.37793
4/19/2021,6052.540039,6096.995117,6031.832031,6084.785156
4/20/2021,6038.321777,6045.693848,5997.948242,6029.992188
4/21/2021,5993.242188,6025.5,5989.983887,6010.268066
4/22/2021,5994.184082,6024.937988,5980.455078,6004.793945
4/23/2021,6016.86377,6027.059082,5973.24707,6000.912109
4/26/2021,5964.820801,6027.75293,5955.618164,6018.339844
4/27/2021,5959.621094,6003.917969,5950.868164,5986.996094
4/28/2021,5974.479004,5981.895996,5953.942871,5959.951172
4/29/2021,6012.960938,6019.024902,5987.743164,6005.798828
4/30/2021,5995.616211,6033.899902,5985.021973,6026.527832
5/3/2021,5952.597168,6004.007813,5938.875977,5999.661133
5/4/2021,5963.819824,5974.682129,5932.317871,5955.39502
5/5/2021,5975.911133,5992.932129,5971.309082,5974.560059
5/6/2021,5970.240234,6005.087891,5950.899902,5987.065918
5/7/2021,5928.309082,5994.330078,5922.493164,5987.330078
5/10/2021,5975.787109,5985.37207,5941.926758,5942.105957
5/11/2021,5938.351074,5966.664063,5911.375977,5965.852051
5/17/2021,5833.859863,5958.792969,5817.707031,5950.137207
5/18/2021,5834.394043,5855.666992,5782.776855,5836.083984
5/19/2021,5760.583984,5828.210938,5752.256836,5817.13623
5/20/2021,5797.597168,5814.779785,5751.34082,5759.629883
5/21/2021,5773.120117,5838.229004,5742.038086,5824.109863
5/24/2021,5763.631836,5805.152832,5759.339844,5793.066895
5/25/2021,5815.839844,5848.554199,5769.287109,5772.937012
5/27/2021,5841.828125,5904.837891,5841.828125,5850.501953
5/28/2021,5848.616211,5891.472168,5833.342773,5875.270996
5/31/2021,5947.462891,5947.462891,5860.536133,5869.217773
6/2/2021,6031.578125,6031.578125,5991.506836,6002.480957
6/3/2021,6091.513184,6091.513184,6005.63623,6038.856934
6/4/2021,6065.166016,6103.858887,6043.856934,6091.129883
6/7/2021,6069.935059,6088,6050.800781,6075.506836
6/8/2021,5999.369141,6075.88623,5992.118164,6071.25
6/9/2021,6047.475098,6047.475098,5972.449219,5973.036133
6/10/2021,6107.538086,6111.445801,6064.933105,6065.925781
6/11/2021,6095.49707,6134.881836,6084.23877,6118.379883
6/14/2021,6080.383789,6124.87207,6071.725098,6110.796875
6/15/2021,6089.038086,6091.367188,6051.245117,6085.36084
6/16/2021,6078.567871,6114.096191,6049.575195,6071.438965
6/17/2021,6068.446777,6082.291992,6034.827148,6063.537109
6/18/2021,6007.120117,6070.416016,5944.053223,6065.519043
6/21/2021,5996.25293,6021.494141,5884.917969,5959.964844
6/22/2021,6087.841797,6118.861816,6006.665039,6006.665039
6/23/2021,6034.542969,6130.096191,6034.542969,6095.89502
6/24/2021,6012.056152,6060.48877,6003.196777,6052.080078
6/25/2021,6022.398926,6067.791016,6019.404785,6027.220215
6/28/2021,5939.471191,6030.890137,5939.471191,6015.278809
6/29/2021,5949.049805,5992.86377,5913.59082,5944.242188
6/30/2021,5985.48877,6011.256836,5950.423828,5950.433105
7/1/2021,6005.958008,6039.03418,5969.099121,6001.121094
7/2/2021,6023.007813,6043.432129,6014.871094,6020.074219
7/5/2021,6005.608887,6036.979004,5985.354004,6024.165039
7/6/2021,6047.11084,6054.60791,6013.062012,6015.581055
7/7/2021,6044.037109,6066.994141,6022.305176,6062.769043
7/8/2021,6039.895996,6080.222168,6028.60791,6052.804199
7/9/2021,6039.844238,6060.541016,6026.547852,6037.003906
7/12/2021,6078.567871,6097.120117,6055.98584,6060.054199
7/13/2021,6012.032227,6114.286133,6004.821777,6097.229004
7/14/2021,5979.214844,6013.041992,5947.618164,6008.241211
7/15/2021,6046.753906,6046.753906,5982.804199,5986.649902
7/16/2021,6072.509766,6079.13916,6051.757813,6063.421875
7/19/2021,6017.394043,6063.646973,6015.148926,6062.96582
7/21/2021,6029.976074,6053.192871,6020.86377,6034.571777
7/22/2021,6137.546875,6137.546875,6057.541016,6057.541016
7/23/2021,6101.689941,6166.305176,6090.603027,6145.76123
7/26/2021,6106.394043,6137.045898,6091.015137,6109.030762
7/27/2021,6097.048828,6144.584961,6068.512207,6120.929199
7/28/2021,6088.522949,6116.504883,6074.867188,6094.541016
7/29/2021,6120.727051,6135.349121,6096.50293,6106.611816
7/30/2021,6070.039063,6160.462891,6069.839844,6136.368164
8/2/2021,6096.542969,6112.829102,6048.101074,6098.007813
8/3/2021,6130.570801,6142.515137,6105.109863,6107.996094
8/4/2021,6159.035156,6163.814941,6112.720215,6142.475098
8/5/2021,6205.416992,6218.645996,6173.574219,6174.60791
8/6/2021,6203.431152,6263.539063,6190.856934,6223.833984
8/9/2021,6127.456055,6239.015137,6110.546875,6203.74707
8/10/2021,6088.408203,6147.765137,6042.475098,6139.339844
8/12/2021,6139.651855,6139.808105,6051.852051,6092.245117
8/13/2021,6139.492188,6179.895996,6113.263184,6154.051758
8/16/2021,6087.913086,6147.304199,6056.736816,6144.942871
8/18/2021,6118.149902,6136.282227,6040.603027,6109.561035
8/19/2021,5992.321777,6111.012207,5958.043945,6110.549805
8/20/2021,6030.771973,6030.771973,5938.407227,5988.757813
8/23/2021,6109.828125,6109.828125,6037.700195,6037.700195
8/24/2021,6089.49707,6138.49707,6053.573242,6114.666992
8/25/2021,6113.240234,6131.910156,6093.095215,6094.14502
8/26/2021,6058.080078,6119.657227,6034.049805,6107.040039
8/27/2021,6041.366211,6066.491211,6021.954102,6052.827148
8/30/2021,6144.901855,6144.901855,6062.112793,6062.112793
8/31/2021,6150.298828,6158.069824,6117.50293,6148.768066
9/1/2021,6090.933105,6169.056152,6089.23291,6157.820801
9/2/2021,6078.229004,6110.049805,6054.280762,6092.650879
9/3/2021,6126.920898,6126.920898,6056.186035,6085.62793
9/6/2021,6126.937988,6150.35791,6100.931152,6137.125977
9/7/2021,6112.399902,6145.48877,6100.943848,6135.870117
9/8/2021,6026.02002,6123.755859,6001.579102,6114.477051
9/9/2021,6068.219238,6072.643066,5982.766113,6024.316895
9/10/2021,6094.873047,6102.831055,6047.608887,6059.154785
9/13/2021,6088.157227,6094.987793,6052.970215,6080.062012
9/14/2021,6129.095215,6130.862793,6099.158203,6100.628906
9/15/2021,6110.229004,6125.333984,6100.003906,6123.910156
9/16/2021,6109.941895,6137.668945,6098.876953,6126.555176
9/17/2021,6133.246094,6133.246094,6086.083984,6098.87793
9/20/2021,6076.314941,6133.170898,6053.932129,6132.03418
9/21/2021,6060.756836,6068.792969,5996.407227,6049.792969
9/22/2021,6108.265137,6123.741211,6059.62793,6060.305176
9/23/2021,6142.711914,6148.146973,6117.576172,6117.643066
9/24/2021,6144.814941,6163.883789,6119.137207,6142.287109
9/27/2021,6122.495117,6163.279785,6109.666016,6141.470215
9/28/2021,6113.111816,6137.954102,6097.722168,6128.058105
9/29/2021,6162.554199,6162.554199,6086.263184,6100.826172
9/30/2021,6286.942871,6286.942871,6174.182129,6175.416016
10/1/2021,6228.845215,6272.064941,6202.905762,6269.237793
10/4/2021,6342.686035,6342.686035,6234.798828,6234.798828
10/5/2021,6288.048828,6361.453125,6277.700195,6337.326172
10/6/2021,6417.323242,6441.503906,6307.108887,6313.652832
10/7/2021,6416.395996,6458.638184,6392.727051,6414.912109
10/8/2021,6481.769043,6497.655762,6436.51709,6440
10/11/2021,6459.696777,6506.091797,6451.678223,6482.957031
10/12/2021,6486.26709,6504.013184,6460.086914,6462.314941
10/13/2021,6536.903809,6600.518066,6492.655762,6502.157227
10/14/2021,6626.11377,6637.399902,6552.210938,6552.210938
10/15/2021,6633.337891,6680.008789,6573.342773,6645.259766
10/18/2021,6658.768066,6684.818848,6620.845215,6649.280762
10/19/2021,6655.998047,6677.597168,6613.88916,6665.719238
10/21/2021,6632.972168,6687.133789,6602.065918,6670.272949
10/22/2021,6643.737793,6655.442871,6585.557129,6620.65918
10/25/2021,6625.696777,6673.515137,6625.696777,6626.367188
10/26/2021,6656.937012,6680.117188,6638.027832,6640.051758
10/27/2021,6602.208984,6670.809082,6590.504883,6664.373047
10/28/2021,6524.076172,6600.24707,6509.87793,6578.583008
10/29/2021,6591.346191,6596.769043,6551.539063,6561.712891
11/1/2021,6552.88916,6627.851074,6552.88916,6618.12207
11/2/2021,6493.274902,6573.693848,6480.009766,6557.944824
11/3/2021,6552.129883,6561.810059,6485.250977,6497.865234
11/4/2021,6586.442871,6617.861816,6583.169922,6588.188965
11/5/2021,6581.785156,6608.424805,6550.117188,6600.722168
11/8/2021,6632.296875,6637.01123,6592.055176,6599.404785
11/9/2021,6669.924805,6669.924805,6633.208008,6640.221191
11/10/2021,6683.14502,6683.14502,6651.797852,6665.548828
11/11/2021,6691.341797,6704.463867,6671.227051,6694.583008
11/12/2021,6651.054199,6714.158203,6646.315918,6710.853027
11/15/2021,6616.028809,6675.595215,6610.823242,6661.849121
11/16/2021,6651.207031,6654.515137,6592.228027,6598.408203
11/17/2021,6675.804199,6679.304199,6650.494141,6667.861816
11/18/2021,6636.469238,6669.786133,6621.692871,6653.700195
11/19/2021,6720.263184,6720.987793,6651.778809,6651.778809
11/22/2021,6723.38623,6754.463867,6690.817871,6731.515137
11/23/2021,6677.875977,6732.897949,6662.538086,6716.157227
11/24/2021,6683.276855,6698.414063,6668.054199,6697.423828
11/25/2021,6699.346191,6751.001953,6694.796875,6694.957031
11/26/2021,6561.553223,6691.711914,6544.895996,6688.568848
11/29/2021,6608.290039,6617.287109,6487.748047,6552.803223
11/30/2021,6533.932129,6647.477051,6533.932129,6605.796875
12/1/2021,6507.676758,6593.074219,6494.49707,6544.51709
12/2/2021,6583.819824,6586.895996,6484.578125,6517.338867
12/3/2021,6538.505859,6600.165039,6536.907227,6588.01416
12/6/2021,6547.116211,6585.263184,6525.984863,6552.815918
12/7/2021,6602.568848,6608.633789,6573.109863,6575.976074
12/8/2021,6603.797852,6632.940918,6584.969238,6618.754883
12/9/2021,6643.932129,6643.932129,6602.876953,6617.132813
12/10/2021,6652.921875,6652.921875,6605.416016,6618.686035
12/13/2021,6662.871094,6688.378906,6659.166992,6663.73877
12/14/2021,6615.637207,6671.312988,6598.694824,6665.382813
12/15/2021,6626.256836,6662.839844,6610.452148,6615.724121
12/16/2021,6594.797852,6661.944824,6579.36377,6648.288086
12/17/2021,6601.932129,6609.044922,6559.303223,6584.887207
12/20/2021,6547.111816,6579.128906,6533.522949,6571.345215
12/21/2021,6554.309082,6579.89209,6531.564941,6545.537109
12/22/2021,6529.592773,6592.166992,6529.592773,6572.535156
12/23/2021,6555.550781,6570.287109,6531.777832,6537.599121
12/24/2021,6562.899902,6583.859863,6554.97998,6559.088867
12/27/2021,6575.443848,6588.425781,6562.554199,6570.558105
12/28/2021,6598.342773,6615.945801,6586.52002,6588.133789
12/29/2021,6600.676758,6621.579102,6585.395996,6603.755859
12/30/2021,6581.481934,6613.728027,6581.481934,6609.442871
1/3/2022,6665.308105,6677.199219,6586.132813,6586.259766
1/4/2022,6695.373047,6720.657227,6675.129883,6675.129883
1/5/2022,6662.298828,6738.109863,6634.838867,6703.171875
1/6/2022,6653.351074,6679.851074,6593.229004,6674.852051
1/7/2022,6701.315918,6712.146973,6647.712891,6669.51123
1/10/2022,6691.124023,6725.023926,6689.282227,6697.375977
1/11/2022,6647.970215,6727.76709,6636.500977,6705.795898
1/12/2022,6647.064941,6690.323242,6625.756836,6662.39502
1/13/2022,6658.355957,6667.940918,6626.338867,6659.973145
1/14/2022,6693.400879,6699.413086,6631.045898,6653.645996
1/17/2022,6645.047852,6711.821777,6625.862793,6711.405762
1/18/2022,6614.059082,6667.404785,6534.27002,6654.958984
1/19/2022,6591.980957,6615.451172,6575.380859,6609.832031
1/20/2022,6626.871094,6637.207031,6587.765137,6607.798828
1/21/2022,6726.373047,6726.373047,6607.417969,6626.348145
1/24/2022,6655.166016,6712.262207,6645.40918,6700.821777
1/25/2022,6568.172852,6632.953125,6523.929199,6630.87793
1/26/2022,6600.818848,6601.336914,6549.520996,6569.817871
1/27/2022,6611.161133,6627.405762,6570.75,6586.854004
1/28/2022,6645.51123,6645.51123,6603.491211,6618.717773
1/31/2022,6631.150879,6669.911133,6626.655762,6656.707031
2/2/2022,6707.651855,6716.597168,6650.303223,6657.791992
2/3/2022,6683.851074,6730.598145,6648.078125,6724.398926
2/4/2022,6731.391113,6731.391113,6685.403809,6697.942871
2/7/2022,6804.937012,6806.72998,6748.90918,6751.349121
2/8/2022,6789.521973,6860.75,6780.416992,6813.184082
2/9/2022,6834.605957,6840.394043,6796.632813,6811.753906
2/10/2022,6823.64209,6874.351074,6814.210938,6859.333984
2/11/2022,6815.606934,6825.062012,6773.537109,6813.60791
2/14/2022,6734.48584,6796.711914,6698.508789,6791.315918
2/15/2022,6807.49707,6807.49707,6727.358887,6746.358887
2/16/2022,6850.198242,6857.649902,6821.158203,6821.925781
2/17/2022,6835.117188,6859.706055,6790.59082,6836.183105
2/18/2022,6892.817871,6899.410156,6812.355957,6837.519043
2/21/2022,6902.964844,6927.90918,6886.132813,6896.751953
2/22/2022,6861.994141,6903.996094,6823.944824,6879.818848
2/23/2022,6920.056152,6920.056152,6873.813965,6878.625
2/24/2022,6817.819824,6929.911133,6758.86084,6912.477051
2/25/2022,6888.170898,6904.910156,6822.244141,6825.371094
3/1/2022,6921.440918,6996.935059,6915.976074,6964.696777
3/2/2022,6868.401855,6973.35791,6861.958984,6956.618164
3/4/2022,6928.328125,6936.98877,6895.730957,6921.315918
3/7/2022,6869.065918,6917.933105,6843.812012,6905.324219
3/8/2022,6814.183105,6929.862793,6814.183105,6895.630859
3/9/2022,6864.440918,6888.930176,6824.09082,6836.671875
3/10/2022,6924.007813,6924.007813,6837.725098,6897.174805
3/11/2022,6922.602051,6922.602051,6853.85791,6872.631836
3/14/2022,6952.204102,6969.993164,6918.312988,6949.206055
3/15/2022,6918.185059,6996.320801,6894.920898,6968.349121
3/16/2022,6992.39502,6992.39502,6946.842773,6951.352051
3/17/2022,6964.384766,7032.702148,6949.166016,7016.532227
3/18/2022,6954.964844,7000.587891,6926.414063,6981.262207
3/21/2022,6955.181152,6974.153809,6929.934082,6945.893066
3/22/2022,7000.821777,7003.259766,6968.201172,6974.977051
3/23/2022,6996.115234,7022.043945,6976.15918,7010.838867
3/24/2022,7049.685059,7049.685059,6977.833984,6986.183105
3/25/2022,7002.532227,7055.34082,6978.398926,7050.553223
3/28/2022,7049.603027,7051.541016,6987.223145,6996.317871
3/29/2022,7011.688965,7072.777832,7007.910156,7052.734863
3/30/2022,7053.189941,7055.866211,7022.651855,7037.202148
3/31/2022,7071.441895,7099.49707,7049.810059,7070.76123
4/1/2022,7078.759766,7099.301758,7040.491211,7093.699219
4/4/2022,7116.217773,7116.217773,7060.213867,7082.24707
4/5/2022,7148.298828,7148.298828,7110.11084,7122.914063
4/6/2022,7104.21582,7147.992188,7090.224121,7128.412109
4/7/2022,7127.367188,7145.167969,7097.903809,7115.086914
4/8/2022,7210.834961,7216.494141,7151.258789,7157.309082
4/11/2022,7203.793945,7355.299805,7194.60791,7212.00293
4/12/2022,7214.780762,7320.236816,7146.585938,7205.077148
4/13/2022,7262.776855,7266.398926,7212.85791,7240.188965
4/14/2022,7235.532227,7282.905762,7234.333008,7265.319824
4/18/2022,7275.289063,7277.075195,7243.36084,7245.503906
4/19/2022,7199.231934,7297.394043,7199.231934,7283.416992
4/20/2022,7227.361816,7262.558105,7184.964844,7226.87207
4/21/2022,7276.192871,7294.671875,7245.726074,7249.49707
4/22/2022,7225.605957,7291.47998,7174.810059,7251.980957
4/25/2022,7215.979004,7234.314941,7121.859863,7204.161133
4/26/2022,7232.152832,7247.475098,7161.65918,7208.922852
4/27/2022,7196.76416,7226.019043,7175.066895,7211.710938
4/28/2022,7228.914063,7267.111816,7204.599121,7260.27002
5/9/2022,6909.750977,7156.483887,6896.999023,7154.916992
5/10/2022,6819.793945,6832.098145,6662.611816,6747.562988
5/11/2022,6816.203125,6902.21582,6796.295898,6833.193848
5/12/2022,6599.839844,6802.328125,6576.309082,6802.328125
5/13/2022,6597.993164,6633.01416,6509.878906,6586.577148
5/17/2022,6644.466797,6703.050781,6574.13623,6603.893066
5/18/2022,6793.414063,6804.907227,6648.940918,6676.394043
5/19/2022,6823.334961,6851.717773,6620.684082,6719.756836
5/20/2022,6918.144043,6965.105957,6804.907227,6839.016113
5/23/2022,6840.774902,6972.180176,6802.712891,6930.938965
5/24/2022,6914.141113,6941.666992,6822.140137,6859.222168
5/25/2022,6883.503906,6944.48291,6858.695801,6914.64502
5/27/2022,7026.255859,7032.821777,6938.292969,6948.226074
5/30/2022,7037.564941,7069.250977,6974.616211,7052.172852
5/31/2022,7148.970215,7148.970215,7033.755859,7064.226074
6/2/2022,7148.723145,7209.079102,7117.979004,7130.601074
6/3/2022,7182.960938,7233.995117,7170.692871,7176.682129
6/6/2022,7096.582031,7194.536133,7056.174805,7163.173828
6/7/2022,7141.044922,7192.542969,7062.96582,7101.312988
6/8/2022,7193.313965,7220.084961,7102.861816,7133.49707
6/9/2022,7182.830078,7257.99707,7174.819824,7186.89209
6/10/2022,7086.647949,7160.116211,7051.223145,7143.241211
6/13/2022,6995.441895,6996.713867,6924.952148,6992.22998
6/14/2022,7049.881836,7049.881836,6932.713867,6949.647949
6/15/2022,7007.049805,7086.381836,6966.026855,7031.199219
6/16/2022,7050.326172,7138.496094,7025.931152,7063.077148
6/17/2022,6936.966797,6999.539063,6882.644043,6987.751953
6/20/2022,6976.376953,6976.376953,6859.599121,6937.007813
6/21/2022,7044.070801,7049.90918,6967.623047,6976.335938
6/22/2022,6984.311035,7063.258789,6968.296875,7044.11084
6/23/2022,6998.26709,7010.272949,6920.734863,6984.311035
6/24/2022,7042.937012,7067.74707,6997.919922,6998.348145
6/27/2022,7016.055176,7070.519043,6973.658203,7043.018066
6/28/2022,6996.456055,7016.916992,6960.071777,7016.13623
6/29/2022,6942.351074,7016.056152,6942.351074,6996.456055
6/30/2022,6911.582031,6990.861816,6897.675781,6942.351074
7/1/2022,6794.328125,6940.97998,6777.316895,6911.582031
7/4/2022,6639.171875,6796.519043,6559.637207,6794.368164
7/5/2022,6703.266113,6767.829102,6639.211914,6639.211914
7/6/2022,6646.410156,6709.921875,6602.896973,6703.266113
7/7/2022,6652.586914,6682.666992,6632.387207,6646.410156
7/8/2022,6740.219238,6740.219238,6652.666992,6652.666992
7/11/2022,6722.14502,6757.086914,6690.616211,6740.019043
7/12/2022,6718.293945,6745.425781,6708.175781,6722.185059
7/13/2022,6640.990234,6727.922852,6636.048828,6718.293945
7/14/2022,6690.086914,6700.053223,6607.702148,6640.990234
7/15/2022,6651.904785,6716.956055,6645.902832,6690.086914
7/18/2022,6659.25293,6702.074219,6611.925781,6652.064941
7/19/2022,6736.091797,6740.075195,6626.254883,6659.292969
7/20/2022,6874.743164,6880.756836,6736.063965,6736.171875
7/21/2022,6864.130859,6893.375977,6809.71582,6874.783203
7/22/2022,6886.961914,6901.720215,6850.48877,6864.130859
7/25/2022,6858.407227,6908.191895,6858.407227,6887.041992
7/26/2022,6871.537109,6899.929199,6857.800781,6858.446777
7/27/2022,6898.21582,6911.899902,6861.446777,6871.49707
7/28/2022,6956.816895,6984.532227,6898.295898,6898.295898
7/29/2022,6951.123047,7032.353027,6951.123047,6956.896973
8/1/2022,6968.783203,7005.292969,6949.634766,6951.123047
8/2/2022,6988.157227,6991.39209,6902.629883,6968.783203
8/3/2022,7046.634766,7046.634766,6971.73584,6988.157227
8/4/2022,7057.348145,7075.560059,7025.054199,7046.634766
8/5/2022,7084.654785,7090.76709,7045.981934,7057.348145
8/8/2022,7086.849121,7100.808105,7050.824219,7084.654785
8/9/2022,7102.879883,7144.202148,7086.849121,7086.849121
8/10/2022,7086.23584,7104.03418,7021.672852,7102.879883
8/11/2022,7160.384766,7181.100098,7086.275879,7086.275879
8/12/2022,7129.276855,7164.669922,7113.579102,7160.384766
8/15/2022,7093.275879,7156.919922,7081.304199,7129.276855
8/16/2022,7133.453125,7147.970215,7080.75293,7093.275879
8/18/2022,7186.558105,7186.558105,7125.394043,7133.453125
8/19/2022,7172.434082,7230.11084,7172.434082,7186.598145
8/22/2022,7107.98291,7174.283203,7064.500977,7172.434082
8/23/2022,7163.265137,7183.258789,7106.834961,7107.862793
8/24/2022,7194.706055,7204.419922,7154.644043,7163.305176
8/25/2022,7174.208008,7210.163086,7146.312012,7194.706055
8/26/2022,7135.248047,7194.081055,7135.248047,7174.288086
8/29/2022,7132.044922,7135.087891,7015.347168,7135.087891
8/30/2022,7159.473145,7223.125977,7131.616211,7132.084961
8/31/2022,7178.589844,7178.589844,7073.222168,7159.513184
9/1/2022,7153.104004,7197.056152,7135.024902,7178.589844
9/2/2022,7177.179199,7207.615234,7146.811035,7153.104004
9/5/2022,7231.882813,7245.400879,7147.976074,7177.13916
9/6/2022,7233.154785,7287.700195,7230.792969,7231.922852
9/7/2022,7186.756836,7243.522949,7166.625977,7233.154785
9/8/2022,7232.01709,7277.883789,7186.563965,7186.756836
9/9/2022,7242.655762,7270.296875,7206.37207,7232.057129
9/12/2022,7254.463867,7276.419922,7218.463867,7242.695801
9/13/2022,7318.016113,7345.456055,7254.416016,7254.463867
9/14/2022,7278.078125,7317.895996,7219.319824,7317.895996
9/15/2022,7305.601074,7377.495117,7278.198242,7278.198242
9/16/2022,7168.870117,7306.163086,7163.073242,7305.601074
9/19/2022,7195.487793,7231.416016,7151.615234,7168.950195
9/20/2022,7196.951172,7252.186035,7186.246094,7195.567871
9/21/2022,7188.313965,7204.901855,7134.785156,7196.871094
9/22/2022,7218.905762,7225.550781,7127.457031,7188.193848
9/23/2022,7178.583008,7219.025879,7172.533203,7219.025879
9/26/2022,7127.50293,7178.50293,7039.241211,7178.50293
9/27/2022,7112.449219,7133.411133,7075.653809,7127.50293
9/28/2022,7077.030762,7156.97998,7073.473145,7112.40918
9/29/2022,7036.198242,7135.500977,7023.210938,7077.11084
9/30/2022,7040.797852,7056.169922,6926.859863,7036.198242
10/3/2022,7009.717773,7047.624023,6995.062012,7040.797852
10/4/2022,7072.255859,7101.472168,7009.836914,7009.836914
10/5/2022,7075.384766,7131.879883,7070.212891,7072.294922
10/6/2022,7076.623047,7135.908203,7066.471191,7075.384766
10/7/2022,7026.783203,7081.018066,7008.144043,7076.623047
10/10/2022,6994.39502,7026.663086,6947.719238,7026.663086
10/11/2022,6939.14502,7001.969238,6937.809082,6994.39502
10/12/2022,6909.208984,6990.587891,6870.282227,6939.14502
10/13/2022,6880.625,6933.708008,6880.625,6909.208984
10/14/2022,6814.529785,6943.85498,6814.529785,6880.665039
10/17/2022,6831.115234,6836.975098,6747.379883,6814.529785
10/18/2022,6834.494141,6891.984863,6809.984863,6831.154785
10/19/2022,6860.416016,6883.916992,6806.11377,6834.494141
10/20/2022,6980.651855,6986.205078,6847.066895,6860.416016
10/21/2022,7017.770996,7058.911133,6974.962891,6980.691895
10/24/2022,7053.043945,7092.169922,7017.460938,7017.811035
10/25/2022,7048.379883,7108.815918,7032.541992,7053.083984
10/26/2022,7043.938965,7081.879883,7017.935059,7048.419922
10/27/2022,7091.76123,7104.853027,7043.979004,7043.979004
10/28/2022,7056.040039,7100.808105,7016.702148,7091.76123
10/31/2022,7098.890137,7113.112793,7051.429199,7056.040039
11/1/2022,7052.303223,7128.13623,7018.551758,7098.930176
11/2/2022,7015.689941,7074.23291,6976.871094,7052.303223
11/3/2022,7034.573242,7050.380859,6962.853027,7015.689941
11/4/2022,7045.526855,7045.526855,6973.318848,7034.573242
11/7/2022,7102.395996,7102.395996,7011.563965,7045.526855
11/8/2022,7050.125977,7111.439941,7039.251953,7102.436035
11/9/2022,7070.083984,7073.551758,7037.307129,7050.085938
11/10/2022,6966.836914,7070.083984,6956.288086,7070.083984
11/11/2022,7089.206055,7106.060059,6966.996094,6966.996094
11/14/2022,7019.39209,7104.76416,7014.297852,7089.206055
11/15/2022,7035.5,7048.390137,6999.23584,7019.39209
11/16/2022,7014.383789,7046.999023,6955.528809,7035.5
11/17/2022,7044.98584,7051.274902,6965.762207,7014.383789
11/18/2022,7082.181152,7094.097168,7027.746094,7045.025879
11/21/2022,7063.24707,7107.323242,7050.440918,7082.181152
11/22/2022,7030.587891,7108.831055,7030.587891,7063.24707
11/23/2022,7054.123047,7089.693848,7026.391113,7030.626953
11/24/2022,7080.515137,7104.88916,7054.162109,7054.162109
11/25/2022,7053.149902,7086.562012,7013.221191,7080.554199
11/28/2022,7017.35791,7083.378906,7011.453125,7053.109863
11/29/2022,7012.068848,7036.538086,6990.900879,7017.317871
11/30/2022,7081.312988,7081.312988,6993.695801,7012.108887
12/1/2022,7020.803223,7090.276855,7018.269043,7081.194824
12/2/2022,7019.63916,7021.813965,6967.950195,7020.803223
12/5/2022,6987.328125,7053.902832,6987.328125,7019.63916
12/6/2022,6892.569824,6987.368164,6862.564941,6987.368164
12/7/2022,6818.751953,6892.663086,6799.299805,6892.569824
12/8/2022,6804.227051,6821.050781,6683.628906,6818.791016
12/9/2022,6715.118164,6804.227051,6695.381836,6804.227051
12/12/2022,6734.452148,6734.452148,6641.810059,6715.118164
12/13/2022,6810.315918,6826.116211,6714.87207,6734.491211
12/14/2022,6801.749023,6854.098145,6774.131836,6810.355957
12/15/2022,6751.859863,6801.837891,6740.955078,6801.789063
12/16/2022,6812.192871,6812.192871,6693.765137,6751.859863
12/19/2022,6779.698242,6827.814941,6754.087891,6812.153809
12/20/2022,6768.315918,6792.203125,6715.044922,6779.698242
12/21/2022,6820.663086,6820.663086,6763.696777,6768.315918
12/22/2022,6824.432129,6844.121094,6800.617188,6820.702148
12/23/2022,6800.672852,6824.393066,6784.586914,6824.393066
12/26/2022,6835.808105,6858.146973,6796.166992,6800.712891
12/27/2022,6923.026855,6933.88916,6835.662109,6835.847168
12/28/2022,6850.52002,6953.039063,6828.140137,6923.065918
12/29/2022,6860.077148,6879.584961,6786.981934,6850.52002
12/30/2022,6850.619141,6888.73584,6838.588867,6860.116211
1/2/2023,6850.983887,6856.88916,6823.479004,6850.740234
1/3/2023,6888.757813,6908.001953,6838.574219,6850.983887
1/4/2023,6813.23877,6900.603027,6813.23877,6888.798828
1/5/2023,6653.84082,6813.421875,6621.986816,6813.279785
1/6/2023,6684.558105,6708.637207,6598.645996,6653.759766
1/9/2023,6688.265137,6726.96582,6638.645996,6684.558105
1/10/2023,6622.499023,6690.229004,6570.243164,6688.265137
1/11/2023,6584.453125,6622.794922,6557.919922,6622.539063
1/12/2023,6629.934082,6662.229004,6574.088867,6584.494141
1/13/2023,6641.830078,6658.476074,6600.594238,6629.934082
1/16/2023,6688.057129,6688.057129,6627.696777,6641.830078
1/17/2023,6767.339844,6801.871094,6688.057129,6688.057129
1/18/2023,6765.786133,6790.164063,6721.463867,6767.178223
1/19/2023,6819.907227,6820.984863,6754.551758,6765.746094
1/20/2023,6874.931152,6874.931152,6819.532227,6819.907227
1/24/2023,6860.854004,6906.791016,6841.006836,6874.931152
1/25/2023,6829.930176,6871.36377,6821.279785,6860.854004
1/26/2023,6864.817871,6874.869141,6815.785156,6829.970215
1/27/2023,6898.980957,6932.708984,6864.817871,6864.817871
1/30/2023,6872.480957,6925.469238,6834.081055,6899.021973
1/31/2023,6839.341797,6880.959961,6827.243164,6872.520996
2/1/2023,6862.257813,6893.184082,6838.916016,6838.916016
2/2/2023,6890.571777,6896.731934,6855.367188,6862.257813
2/3/2023,6911.731934,6951.966797,6890.713867,6890.713867
2/6/2023,6873.791016,6924.882813,6835.757813,6911.731934
2/7/2023,6935.300781,6946.233887,6873.791016,6873.791016
2/8/2023,6940.124023,6961.918945,6912.108887,6935.300781
2/9/2023,6897.365234,6961.151855,6896.040039,6940.124023
2/10/2023,6880.329102,6895.237793,6803.417969,6895.237793
2/13/2023,6900.140137,6915.144043,6871.882813,6880.329102
2/14/2023,6941.85498,6941.85498,6900.140137,6900.140137
2/15/2023,6914.538086,6946.03418,6872.869141,6941.85498
2/16/2023,6895.664063,6933.280762,6875.300781,6914.538086
2/17/2023,6895.713867,6919.091797,6868.279785,6895.664063
2/20/2023,6894.716797,6910.504883,6863.670898,6895.855957
2/21/2023,6873.404785,6923.672852,6870.911133,6894.716797
2/22/2023,6809.967773,6875.390137,6781.229004,6873.263184
2/23/2023,6839.454102,6839.454102,6806.99707,6810.108887
2/24/2023,6856.576172,6880.312012,6839.454102,6839.454102
2/27/2023,6854.776855,6871.111816,6819.87207,6856.576172
2/28/2023,6843.23877,6890.354004,6843.23877,6854.776855
3/1/2023,6844.936035,6889.51416,6833.188965,6843.098145
3/2/2023,6857.415039,6875.098145,6841.861816,6845.078125
3/3/2023,6813.63623,6884.116211,6804.476074,6857.415039
3/6/2023,6807.000977,6856.568848,6801.189941,6813.918945
3/7/2023,6766.757813,6812.958984,6758.000977,6806.858887
3/8/2023,6776.370117,6776.370117,6728.190918,6766.757813
3/9/2023,6799.794922,6824.664063,6776.370117,6776.370117
3/10/2023,6765.301758,6799.794922,6741.410156,6799.794922
3/13/2023,6786.955078,6812.874023,6727.442871,6765.018066
3/14/2023,6641.813965,6786.671875,6635.375977,6786.671875
3/15/2023,6628.137207,6709.86084,6628.137207,6641.813965
3/16/2023,6565.728027,6630.768066,6542.791992,6628.137207
3/17/2023,6678.236816,6683.094238,6565.728027,6565.728027
3/20/2023,6612.490234,6678.236816,6587.688965,6678.236816
3/21/2023,6691.61084,6691.61084,6609.223145,6612.490234
3/24/2023,6762.253906,6776.904785,6692.166016,6694.01709
3/27/2023,6708.933105,6772.595215,6704.751953,6762.253906
3/28/2023,6760.328125,6764.654785,6708.933105,6708.933105
3/29/2023,6839.436035,6851.505859,6760.328125,6760.328125
3/30/2023,6808.951172,6868.632813,6803.092773,6839.436035
3/31/2023,6805.276855,6831.553223,6789.609863,6809.092773
4/3/2023,6827.174805,6849.35791,6805.126953,6805.276855
4/4/2023,6833.178223,6859.692871,6781.523926,6827.033203
4/5/2023,6819.674805,6867.336914,6816.430176,6833.178223
4/6/2023,6792.765137,6832.72998,6786.287109,6819.674805
4/10/2023,6771.234863,6799.494141,6735.192871,6792.765137
4/11/2023,6811.313965,6811.313965,6738.766113,6771.234863
4/12/2023,6798.963867,6833.744141,6775.28418,6811.455078
4/13/2023,6785.598145,6816.884766,6764.65918,6798.541016
4/14/2023,6818.574219,6838.071777,6785.700195,6785.879883
4/17/2023,6787.582031,6829.509766,6765.14209,6818.714844
4/18/2023,6821.807129,6839.758789,6784.172852,6787.582031
4/26/2023,6910.146973,6910.146973,6821.599121,6821.807129
4/27/2023,6945.477051,6971.910156,6877.649902,6910.848145
4/28/2023,6915.71582,6958.672852,6897.708984,6945.477051
5/2/2023,6863.301758,6920.335938,6814.344238,6915.71582
5/3/2023,6812.722168,6865.611816,6776.895996,6863.301758
5/4/2023,6844.026855,6846.124023,6780.086914,6812.722168
5/5/2023,6787.630859,6851.585938,6733.775879,6844.026855
5/8/2023,6769.630859,6798.321777,6756.661133,6787.491211
5/9/2023,6779.97998,6793.766113,6742.179199,6769.630859
5/10/2023,6811.904785,6820.123047,6775.192871,6780.400879
5/11/2023,6755.937988,6814.124023,6717.424805,6811.904785
5/12/2023,6707.763184,6755.937988,6704.565918,6755.937988
5/15/2023,6711.740234,6729.299805,6656.647949,6708.463867
5/16/2023,6676.563965,6729.074219,6659.073242,6711.740234
5/17/2023,6663.11377,6706.595215,6661.467773,6676.423828
5/19/2023,6700.561035,6715.030762,6662.749023,6663.11377
5/22/2023,6729.646973,6757.624023,6675.876953,6700.561035
5/23/2023,6736.684082,6772.646973,6727.067871,6729.646973
5/24/2023,6745.804199,6755.882813,6713.893066,6736.684082
5/25/2023,6704.230957,6749.712891,6702.529785,6745.804199
5/26/2023,6687.000977,6727.286133,6669.23584,6704.230957
5/29/2023,6681.102051,6708.367188,6617.236816,6687.280762
5/30/2023,6636.422852,6700.237793,6636.422852,6681.102051
5/31/2023,6633.26123,6657.649902,6562.955078,6636.422852
6/5/2023,6633.437012,6663.714844,6598.509766,6633.26123
6/6/2023,6618.922852,6677.567871,6602.003906,6633.437012
6/7/2023,6619.754883,6638.581055,6578.755859,6619.062988
6/8/2023,6666.330078,6666.330078,6598.419922,6619.754883
6/9/2023,6694.023926,6703.824219,6648.958984,6666.049805
6/12/2023,6722.373047,6722.373047,6670.521973,6694.583984
6/13/2023,6719.01416,6744.038086,6697.070801,6722.373047
6/14/2023,6699.716797,6744.644043,6672.855957,6718.874023
6/15/2023,6713.794922,6717.456055,6660.90918,6699.716797
6/16/2023,6698.546875,6726.456055,6669.335938,6713.515137
6/19/2023,6686.059082,6705.038086,6669.049805,6698.546875
6/20/2023,6660.455078,6692.440918,6626.148926,6686.059082
6/21/2023,6702.625,6702.625,6635.673828,6660.455078
6/22/2023,6652.26123,6717.976074,6652.26123,6702.765137
6/23/2023,6639.73291,6665.663086,6635.481934,6652.26123
6/26/2023,6664.667969,6674.060059,6622.184082,6639.73291
6/27/2023,6661.878906,6679.625977,6652.903809,6664.667969
7/3/2023,6696.71582,6696.71582,6660.824219,6661.73584
7/4/2023,6681.753906,6713.993164,6672.773926,6696.858887
7/5/2023,6718.977051,6719.056152,6676.934082,6681.753906
7/6/2023,6757.331055,6766.272949,6712.074219,6718.263184
7/7/2023,6716.458984,6757.047852,6711.223145,6757.047852
7/10/2023,6731.038086,6763.545898,6716.458984,6716.458984
7/11/2023,6796.923828,6796.923828,6730.629883,6731.180176
7/12/2023,6808.208984,6820.179199,6785.855957,6796.923828
7/13/2023,6810.212891,6835.737793,6783.741211,6808.351074
7/14/2023,6869.571777,6874.775879,6810.212891,6810.212891
7/17/2023,6867.144043,6931.271973,6867.144043,6869.712891
7/18/2023,6830.203125,6902.143066,6798.432129,6867.144043
7/20/2023,6864.188965,6874.89209,6827.999023,6830.061035
7/21/2023,6880.801758,6880.801758,6837.645996,6864.188965
7/24/2023,6899.395996,6929.684082,6877.948242,6880.801758
7/25/2023,6917.710938,6944.620117,6897.978027,6897.978027
7/26/2023,6948.278809,6955.975098,6917.407227,6917.710938
7/27/2023,6896.663086,6966.166992,6896.663086,6948.278809
7/28/2023,6900.22998,6904.10498,6857.368164,6896.805176
7/31/2023,6931.358887,6931.358887,6895.073242,6900.22998
8/1/2023,6886.496094,6934.387207,6880.466797,6931.075195
8/2/2023,6854.509766,6886.496094,6833.97998,6886.496094
8/3/2023,6898.077148,6924.053223,6839.743164,6854.509766
8/4/2023,6852.841797,6925.01416,6850.899902,6898.219238
8/7/2023,6886.366211,6904.355957,6852.841797,6852.841797
8/8/2023,6868.812988,6915.050781,6861.634766,6886.506836
8/9/2023,6875.111816,6901.060059,6863.083984,6868.812988
8/10/2023,6893.275879,6910.754883,6875.111816,6875.111816
8/11/2023,6879.979004,6906.64502,6865.111816,6893.275879
8/14/2023,6910.171875,6910.171875,6823.753906,6879.979004
8/15/2023,6915.101074,6928.629883,6898.381836,6910.455078
8/16/2023,6900.538086,6915.101074,6855.888184,6915.101074
8/18/2023,6859.912109,6899.830078,6856.378906,6899.830078
8/21/2023,6866.033203,6890.275879,6859.422852,6860.053223
8/22/2023,6916.450195,6927.448242,6860.688965,6866.033203
8/23/2023,6921.410156,6959.432129,6916.450195,6916.450195
8/24/2023,6899.39209,6937.648926,6898.388184,6921.410156
8/25/2023,6895.442871,6906.083984,6869.632813,6899.39209
8/28/2023,6921.727051,6940.121094,6895.868164,6895.868164
8/29/2023,6957.834961,6964.733887,6921.727051,6921.727051
8/30/2023,6966.655762,7008.486816,6958.259766,6958.259766
8/31/2023,6953.259766,6982.345215,6924.225098,6966.655762
9/1/2023,6977.653809,6992.634766,6950.26416,6953.259766
9/4/2023,6996.75,7007.801758,6974.823242,6977.795898
9/5/2023,6991.708008,7014.47998,6972.626953,6996.75
9/6/2023,6995.953125,7020.966797,6989.790039,6991.708008
9/7/2023,6954.808105,7003.671875,6927.420898,6996.095215
9/8/2023,6924.779785,6966.766113,6900.586914,6954.808105
9/11/2023,6963.393066,6963.393066,6904.362793,6924.779785
9/12/2023,6933.969238,6976.47998,6928.229004,6963.393066
9/13/2023,6935.476074,6944.820801,6903.234863,6934.109863
9/14/2023,6959.333008,6968.977051,6927.680176,6935.334961
9/15/2023,6982.791016,7011.878906,6945.069824,6959.190918
9/18/2023,6936.083008,6999.397949,6928.770996,6982.791016
9/19/2023,6980.320801,6994.037109,6934.710938,6936.367188
9/20/2023,7011.681152,7046.475098,6980.320801,6980.320801
9/21/2023,6991.46582,7021.293945,6974.008789,7011.681152
9/22/2023,7016.844238,7040.129883,6985.958984,6991.46582
9/25/2023,6998.380859,7029.766113,6994.438965,7016.984863
9/26/2023,6923.799805,7019.551758,6913.816895,6998.097168
9/27/2023,6937.828125,6970.846191,6913.352051,6923.799805
9/29/2023,6939.89209,6978.592773,6937.828125,6937.828125
10/2/2023,6961.458984,6984.579102,6939.61084,6939.89209
10/3/2023,6940.887207,6992.626953,6940.887207,6961.458984
10/4/2023,6886.576172,6943.273926,6839.85791,6940.887207
10/5/2023,6874.826172,6934.804199,6874.826172,6886.98584
10/6/2023,6888.518066,6913.012207,6875.099121,6875.099121
10/9/2023,6891.455078,6929.971191,6880.538086,6888.518066
10/10/2023,6922.187988,6954.008789,6891.455078,6891.455078
10/11/2023,6931.75293,6965.825195,6914.721191,6922.187988
10/12/2023,6935.150879,6986.882813,6931.88916,6931.88916
10/13/2023,6926.779785,6973.751953,6902.059082,6934.87793
10/16/2023,6896.291992,6970.598145,6878.263184,6926.916016
10/17/2023,6939.615234,6948.039063,6892.23291,6896.291992
10/18/2023,6927.905762,6968.254883,6908.286133,6939.615234
10/19/2023,6846.426758,6927.980957,6840.365234,6927.632813
10/20/2023,6849.167969,6869.474121,6803.192871,6846.426758
10/23/2023,6741.963867,6853.449219,6730.875977,6849.167969
10/24/2023,6806.762207,6826.048828,6738.533203,6741.828125
10/25/2023,6834.388184,6878.560059,6806.898926,6806.898926
10/26/2023,6714.519043,6838.809082,6704.52002,6833.979004
10/27/2023,6758.792969,6781.393066,6713.937012,6714.519043
10/30/2023,6735.89209,6775.212891,6692.779785,6758.657227
10/31/2023,6752.210938,6754.516113,6666.410156,6735.89209
11/1/2023,6642.417969,6773.980957,6639.824219,6751.938965
11/2/2023,6751.38623,6784.995117,6642.689941,6642.689941
11/3/2023,6788.850098,6826.618164,6748.695801,6751.38623
11/6/2023,6878.835938,6878.835938,6787.228027,6788.850098
11/7/2023,6843.790039,6887.022949,6806.881836,6878.835938
11/8/2023,6804.105957,6843.917969,6760.102051,6843.653809
11/9/2023,6838.23291,6865.077148,6793.76416,6804.105957
11/10/2023,6809.263184,6843.957031,6801.918945,6838.23291
11/13/2023,6838.312012,6857.103027,6809.263184,6809.263184
11/14/2023,6862.055176,6886.810059,6829.949219,6838.040039
11/15/2023,6958.205078,6985.59082,6862.327148,6862.327148
11/16/2023,6958.007813,6964.168945,6906.594238,6958.34082
11/17/2023,6977.667969,6977.667969,6919.629883,6958.14502
11/20/2023,6994.888184,7011.059082,6962.750977,6977.667969
11/21/2023,6961.790039,7010.978027,6946.960938,6994.888184
11/22/2023,6906.953125,6965.411133,6893.506836,6961.790039
11/23/2023,7004.344238,7018.429199,6906.609863,6907.088867
11/24/2023,7009.630859,7049.541016,7000.097168,7004.47998
11/27/2023,7013.405762,7061.827148,7008.812988,7009.630859
11/28/2023,7041.073242,7067.143066,7010.825195,7013.405762
11/29/2023,7036.086914,7070.190918,7020.012207,7041.073242
11/30/2023,7080.741211,7109.608887,7036.086914,7036.086914
12/1/2023,7059.905762,7083.855957,7022.765137,7080.061035
12/4/2023,7093.600098,7149.244141,7060.041992,7060.041992
12/5/2023,7100.85498,7117.578125,7047.631836,7093.056152
12/6/2023,7087.39502,7140.157227,7085.812012,7100.85498
12/7/2023,7134.623047,7134.623047,7041.008789,7087.39502
12/8/2023,7159.598145,7201.628906,7123.037109,7134.623047
12/11/2023,7088.785156,7153.115234,7045.172852,7139.275879
12/12/2023,7125.307129,7134.220215,7082.879883,7104.972168
12/13/2023,7075.34082,7124.475098,7045.942871,7110.077148
12/14/2023,7176.016113,7191.15918,7115.446777,7134.041992
12/15/2023,7190.987793,7215.937012,7169.430176,7183.148926
12/18/2023,7119.524902,7192.89209,7092.027832,7181.434082
12/19/2023,7187.846191,7187.846191,7112.817871,7116.545898
12/20/2023,7219.666992,7237.96582,7196.241211,7207.180176
12/21/2023,7209.619141,7229.288086,7173.007813,7222.092773
12/22/2023,7237.519043,7248.547852,7218.174805,7225.620117
12/27/2023,7245.916016,7293.524902,7239.663086,7256.158203
12/28/2023,7303.888184,7308.205078,7262.253906,7266.568848
12/29/2023,7272.796875,7309.782227,7259.682129,7307.11084
1/2/2024,7323.587891,7323.587891,7245.565918,7268.397949
1/3/2024,7279.09082,7321.878906,7275.874023,7316.108887
1/4/2024,7359.763184,7371.234863,7280.407227,7290.064941
1/5/2024,7350.619141,7403.578125,7350.619141,7376.288086
1/8/2024,7283.575195,7393.131836,7275.170898,7362.046875
1/9/2024,7200.203125,7311.638184,7180.157227,7299.783203
1/10/2024,7227.296875,7259.601074,7152.87793,7187.580078
1/11/2024,7219.963867,7277.500977,7219.963867,7253.456055
1/12/2024,7241.138184,7271.87207,7205.758789,7242.367188
1/15/2024,7224.000977,7281.26123,7206.307129,7254.044922
1/16/2024,7242.787109,7268.178223,7210.028809,7231.63916
1/17/2024,7200.634766,7252.457031,7162.484863,7248.01416
1/18/2024,7252.966797,7267.080078,7185.378906,7198.850098
1/19/2024,7227.401855,7277.979004,7170.805176,7271.341797
1/22/2024,7247.928223,7247.928223,7194.951172,7233.172852
1/23/2024,7256.229004,7256.229004,7201.829102,7232.516113
1/24/2024,7227.823242,7271.958008,7170.297852,7255.77002
1/25/2024,7178.041992,7253.720215,7176.111816,7215.526855
1/26/2024,7137.087891,7166.689941,7099.083984,7152.269043
1/29/2024,7157.174805,7177.696777,7115.036133,7147.714844
1/30/2024,7192.21582,7213.188965,7133.61377,7147.23584
1/31/2024,7207.940918,7247.518066,7192.644043,7213.307129
2/1/2024,7201.695801,7248.529785,7191.694824,7221.852051
2/2/2024,7238.785156,7238.785156,7180.356934,7221.900879
2/5/2024,7198.615234,7254.088867,7186.170898,7237.334961
2/6/2024,7247.408203,7268.131836,7212.140137,7230.148926
2/7/2024,7235.151855,7285.12793,7225.449219,7264.976074
2/12/2024,7297.668945,7306.158203,7250.310059,7268.334961
2/13/2024,7209.741211,7301.587891,7197.827148,7301.587891
2/15/2024,7303.280762,7365.682129,7298.481934,7337.630859
2/16/2024,7335.544922,7370.569824,7314.882813,7337.815918
2/19/2024,7296.702148,7339.755859,7277.537109,7323.312012
2/20/2024,7352.601074,7354.10791,7309.498047,7320.723145
2/21/2024,7349.020996,7370.881836,7286.669922,7345.791016
2/22/2024,7339.63623,7365.76123,7321.522949,7334.952148
2/23/2024,7295.095215,7340.189941,7262.100098,7326.526855
2/26/2024,7283.823242,7295.14209,7252.28418,7277.640137
2/27/2024,7285.316895,7292.931152,7255.124023,7263.987793
2/28/2024,7328.63623,7328.73877,7289.257813,7292.075195
2/29/2024,7316.11084,7337.922852,7289.341797,7326.803223
3/1/2024,7311.907227,7331.315918,7269.894043,7318.666016
3/4/2024,7276.749023,7328.384766,7259.780762,7318.832031
3/5/2024,7247.459961,7305.446777,7238.338867,7296.53418
3/6/2024,7329.800781,7331.081055,7248.527832,7252.084961
3/7/2024,7373.963867,7386.874023,7334.308105,7338.731934
3/8/2024,7381.907227,7416.433105,7376.155762,7398.429199
3/13/2024,7421.207031,7441.616211,7392.01123,7422.301758
3/14/2024,7433.314941,7454.448242,7380.647949,7405.566895
3/15/2024,7328.054199,7416.338867,7308.035156,7408.658203
3/18/2024,7302.449219,7358.550781,7300.940918,7338.076172
3/19/2024,7336.746094,7361.529785,7314.180176,7320.538086
3/20/2024,7331.12793,7343.459961,7295.350098,7303.929199
3/21/2024,7338.353027,7396.471191,7336.595215,7360.558105
3/22/2024,7350.151855,7350.151855,7318.436035,7327.51416
3/25/2024,7377.759766,7377.759766,7316.929199,7339.523926
3/26/2024,7365.664063,7371.844238,7330.463867,7337.661133
3/27/2024,7310.091797,7375.399902,7292.797852,7364.230957
3/28/2024,7288.812988,7313.01416,7244.954102,7289.158203
4/1/2024,7205.061035,7295.00293,7137.463867,7286.11377
4/2/2024,7236.983887,7236.983887,7153.938965,7199.124023
4/3/2024,7166.844238,7226.353027,7158.740234,7214.02002
4/4/2024,7254.398926,7254.398926,7165.831055,7170.719238
4/5/2024,7286.881836,7298.858887,7239.273926,7245.321777
4/16/2024,7164.807129,7188.088867,7066.573242,7130.62793
4/17/2024,7130.84082,7234.374023,7130.84082,7199.830078
4/18/2024,7166.813965,7180.559082,7135.52002,7151.737793
4/19/2024,7087.316895,7141.581055,7036.206055,7131.455078
4/22/2024,7073.819824,7117.023926,7026.477051,7099.51709
4/23/2024,7110.812988,7165.954102,7099.841797,7102.808105
4/24/2024,7174.533203,7191.176758,7126.850098,7127.047852
4/25/2024,7155.293945,7177.064941,7132.102051,7167.983887
4/26/2024,7036.075195,7149.253906,7036.075195,7137.934082
4/29/2024,7155.78418,7155.78418,7021.492188,7021.492188
4/30/2024,7234.196777,7266.868164,7179.685059,7187.414063
5/2/2024,7117.424805,7232.952148,7072.474121,7227.60791
5/3/2024,7134.724121,7165.102051,7094.616211,7142.86377
5/6/2024,7135.890137,7178.76709,7102.685059,7171.589844
5/7/2024,7123.611816,7159.76709,7108.175781,7136.852051
5/8/2024,7088.794922,7164.308105,7071.345215,7129.456055
5/13/2024,7099.26123,7111.599121,7052.22998,7061.373047
5/14/2024,7083.763184,7136.640137,7071.501953,7095.521973
5/15/2024,7179.831055,7192.14502,7082.118164,7085.378906
5/16/2024,7246.695801,7270.756836,7201.915039,7203.169922
5/17/2024,7317.237793,7356.714844,7245.195801,7249.727051
5/20/2024,7266.690918,7374.546875,7243.012207,7329.399902
5/21/2024,7186.037109,7295.056152,7179.528809,7258.411133
5/22/2024,7222.381836,7239.861816,7191.105957,7198.192871
5/27/2024,7176.419922,7256.184082,7171.48584,7219.981934
5/28/2024,7253.625977,7308.137207,7228.411133,7228.507813
5/29/2024,7140.229004,7282,7127.208984,7275.529785
5/30/2024,7034.14209,7134.707031,6984.979004,7125.771973
5/31/2024,6970.73584,7102.219238,6959.227051,7076.373047
6/3/2024,7036.190918,7088.400879,6993.094238,7030.207031
6/4/2024,7099.312012,7149.192871,7065.03418,7071.094238
6/5/2024,6947.669922,7118.349121,6934.942871,7114.535156
6/6/2024,6974.896973,7032.574219,6939.545898,6992.562988
6/7/2024,6897.950195,6994.115234,6887.812012,6987.793945
6/10/2024,6921.547852,6929.097168,6846.380859,6910.720215
6/11/2024,6855.690918,6932.461914,6855.690918,6900.310059
6/12/2024,6850.097168,6866.266113,6821.507813,6859.349121
6/13/2024,6831.563965,6896.652832,6831.563965,6893.84082
6/14/2024,6734.832031,6840.196777,6713.271973,6829.993164
6/19/2024,6726.918945,6791.526855,6698.848145,6739.89502
6/20/2024,6819.320801,6825.555176,6728.401855,6751.23584
6/21/2024,6879.978027,6945.833984,6823.062012,6838.478027
6/24/2024,6889.165039,6914.812012,6870.305176,6877.467773
6/25/2024,6882.704102,6890.442871,6843.646973,6874.867188
6/26/2024,6905.64209,6936.262207,6885.402832,6885.815918
6/27/2024,6967.951172,6968.13623,6915.830078,6929.14502
6/28/2024,7063.577148,7084.623047,6987.800781,6989.374023
7/1/2024,7139.625977,7139.625977,7075.375,7076.625977
7/2/2024,7125.14209,7176.869141,7099.049805,7149.043945
7/3/2024,7196.754883,7196.754883,7126.814941,7153.766113
7/4/2024,7220.88916,7262.837891,7204.438965,7212.703125
7/5/2024,7253.37207,7275.937988,7213.390137,7248.723145
7/8/2024,7250.977051,7265.083984,7215.467773,7261.98291
7/9/2024,7269.800781,7302.941895,7239.638184,7254.157227
7/10/2024,7287.041992,7313.200195,7272.12207,7283.188965
7/11/2024,7300.407227,7328.269043,7274.062012,7302.504883
7/12/2024,7327.580078,7354.163086,7300.745117,7336.483887
7/15/2024,7278.862793,7346.104004,7252.811035,7336.308105
7/16/2024,7224.292969,7294.791992,7213.28418,7289.809082
7/17/2024,7224.217773,7265.086914,7207.583008,7261.220215
7/18/2024,7321.070801,7330.808105,7220.096191,7231.72998
7/19/2024,7294.495117,7315.13916,7249.816895,7304.278809
7/22/2024,7321.976074,7341.908203,7301.418945,7316.248047
7/23/2024,7313.856934,7347.01709,7293.309082,7336.276855
7/24/2024,7262.758789,7311.151855,7249.276855,7298.507813
7/25/2024,7240.276855,7268.046875,7207.817871,7264.213867
7/26/2024,7288.166992,7298.956055,7256.53418,7262.129883
7/29/2024,7288.896973,7333.898926,7274.25293,7304.598145
7/30/2024,7241.86377,7292.555176,7226.782227,7283.916992
7/31/2024,7255.762207,7275.186035,7226.496094,7251.804199
8/1/2024,7325.984863,7325.984863,7258.874023,7274.51709
8/2/2024,7308.123047,7337.980957,7264.007813,7304.085938
8/5/2024,7059.652832,7257.476074,6998.811035,7254.612793
8/6/2024,7129.214844,7167.259766,7066.500977,7098.672852
8/7/2024,7212.130859,7246.257813,7147.292969,7149.508789
8/8/2024,7195.121094,7234.446777,7181.766113,7212.741211
8/9/2024,7256.996094,7267.421875,7219.922852,7219.983887
8/12/2024,7297.625,7297.625,7230.785156,7265.150879
8/13/2024,7356.638184,7366.650879,7286.549805,7316.428223
8/14/2024,7436.039063,7445.664063,7372.891113,7377.006836
8/15/2024,7409.500977,7460.387207,7386.736816,7442.910156
8/16/2024,7432.089844,7459.749023,7417.207031,7443.935059
8/19/2024,7466.831055,7466.831055,7420.375977,7428.741211
8/20/2024,7533.984863,7538.157227,7482.504883,7490.319824
8/21/2024,7554.592773,7594.546875,7543.63916,7563.082031
8/22/2024,7488.675781,7540.272949,7460.403809,7531.347168
8/23/2024,7544.297852,7567.51416,7507.737793,7510.664063
8/26/2024,7606.194824,7619.902832,7549.412109,7549.412109
8/27/2024,7597.880859,7610.201172,7547.263184,7598.463867
8/28/2024,7658.875,7672.287109,7581.048828,7604.327148
8/29/2024,7627.604004,7715.758789,7627.604004,7679.527832
8/30/2024,7670.73291,7673.182129,7616.345215,7642.778809
9/2/2024,7694.529785,7726.187988,7669.921875,7686.539063
9/3/2024,7616.520996,7726.662109,7598.469238,7706.650879
9/4/2024,7672.895996,7672.895996,7546.048828,7577.096191
9/5/2024,7681.042969,7722.225098,7650.804199,7679.648926
9/6/2024,7721.846191,7754.475098,7683.704102,7684.812012
9/9/2024,7702.73877,7748.325195,7654.725098,7729.254883
9/10/2024,7761.388184,7764.779785,7723.300781,7725.283203
9/11/2024,7760.955078,7802.476074,7736.780762,7770.268066
9/12/2024,7798.153809,7833.271973,7782.016113,7782.016113
9/13/2024,7812.130859,7828.96582,7775.63623,7805.689941
9/17/2024,7831.778809,7854.018066,7802.27002,7832.524902
9/18/2024,7829.134766,7879.043945,7818.959961,7845.813965
9/19/2024,7905.390137,7910.556152,7853.353027,7858.112793
9/20/2024,7743.003906,7904.513184,7738.320801,7904.39502
9/23/2024,7775.730957,7775.730957,7675.291016,7743.201172
9/24/2024,7778.491211,7810.540039,7717.838867,7774.556152
9/25/2024,7740.901855,7760.883789,7633.446777,7747.85498
9/26/2024,7744.516113,7763.081055,7673.047852,7723.097168
9/27/2024,7696.916016,7736.916016,7663.476074,7713.799805
9/30/2024,7527.929199,7679.242188,7527.929199,7674.286133
10/1/2024,7642.132813,7642.132813,7547.11084,7551.461914
10/2/2024,7563.262207,7619.104004,7501.459961,7601.737793
10/3/2024,7543.828125,7581.333984,7504.407227,7567.449219
10/4/2024,7496.09082,7549.23291,7467.795898,7531.791992
10/7/2024,7504.134766,7540.23584,7450.198242,7493.657227
10/8/2024,7557.14209,7592.883789,7449.479004,7486.721191
10/9/2024,7501.285156,7595.576172,7501.216797,7556.555176
10/10/2024,7480.080078,7528.953125,7467.818848,7501.869141
10/11/2024,7520.602051,7549.541016,7506.275879,7520.529785
10/14/2024,7559.654785,7570.26709,7518.812988,7518.812988
10/15/2024,7626.951172,7635.043945,7573.452148,7579.045898
10/16/2024,7648.939941,7658.397949,7616.604004,7645.211914
10/17/2024,7735.039063,7758.669922,7657.721191,7661.073242
10/18/2024,7760.060059,7790.710938,7718.676758,7762.151855
10/21/2024,7772.596191,7795.086914,7739.887207,7780.245117
10/22/2024,7788.98291,7801.403809,7731.960938,7752.383789
10/23/2024,7787.564941,7805.916992,7761.251953,7774.009766
10/24/2024,7716.548828,7794.862793,7716.548828,7778.655762
10/25/2024,7694.660156,7752.250977,7678.178223,7717.425781
10/28/2024,7634.630859,7714.73877,7599.621094,7705.873047
10/29/2024,7606.600098,7666.430176,7587.209961,7625.467773
10/30/2024,7569.850098,7581.90918,7521.734863,7558.795898
10/31/2024,7574.019043,7617.362793,7558.683105,7569.719238
11/1/2024,7505.256836,7583.687988,7485.457031,7573.793945
11/4/2024,7479.50293,7529.703125,7415.809082,7505.11084
11/5/2024,7491.931152,7496.996094,7451.547852,7474.452148
11/6/2024,7383.868164,7506.601074,7363.030762,7495.130859
11/7/2024,7243.859863,7381.757813,7243.859863,7373.566895
11/8/2024,7287.190918,7350.361816,7263.961914,7263.961914
11/11/2024,7266.459961,7282.195801,7182.312012,7259.290039
11/12/2024,7321.98584,7344.074219,7268.608887,7271.173828
11/13/2024,7308.670898,7370.393066,7304.873047,7344.007813
11/14/2024,7214.561035,7318.775879,7214.561035,7303.900879
11/15/2024,7161.257813,7241.65918,7122.675781,7192.208984
11/18/2024,7134.276855,7174.75293,7118.869141,7152.076172
11/19/2024,7195.714844,7229.831055,7136.690918,7140.194824
11/20/2024,7180.334961,7229.706055,7171.265137,7213.995117
11/21/2024,7140.912109,7209.35791,7140.912109,7168.326172
11/22/2024,7195.564941,7215.687012,7154.452148,7154.682129
11/25/2024,7314.10791,7329.492188,7218.828125,7218.952148
11/26/2024,7245.888184,7341.595215,7245.888184,7329.532227
11/28/2024,7200.157227,7249.692871,7195.667969,7215.907227
11/29/2024,7114.266113,7189.128906,7107.28418,7168.003906
12/2/2024,7046.98584,7153.029785,7041.341797,7117.753906
12/3/2024,7196.01709,7196.01709,7102.216797,7104.930176
12/4/2024,7326.76416,7328.324219,7187.478027,7198.098145
12/5/2024,7313.312988,7338.604004,7283.5,7326.023926
12/6/2024,7382.785156,7382.809082,7287.596191,7302.665039
12/9/2024,7437.730957,7440.979004,7380.660156,7382.61377
12/10/2024,7453.287109,7457.805176,7396.790039,7448.768066
12/11/2024,7464.751953,7530.559082,7444.173828,7444.858887
12/12/2024,7394.237793,7470.894043,7380.026855,7441.973145
12/13/2024,7324.789063,7399.896973,7324.789063,7379.750977
12/16/2024,7258.630859,7320.794922,7204.653809,7304.217773
12/17/2024,7157.731934,7263.314941,7132.057129,7238.173828
12/18/2024,7107.875,7216.882813,7105.067871,7168.966797
12/19/2024,6977.237793,7040.548828,6951.051758,7034.617188
12/20/2024,6983.865234,7032.400879,6931.581055,6980.174805
12/23/2024,7096.444824,7096.444824,7035.727051,7037.529785
12/24/2024,7065.746094,7120.576172,7063.754883,7115.637207
12/27/2024,7036.570801,7100.27002,7024.714844,7073.375
12/30/2024,7079.904785,7079.904785,6993.071777,7026.776855
1/2/2025,7163.205078,7163.205078,7088.319824,7092.429199
1/3/2025,7164.429199,7197.007813,7135.275879,7177.25
1/6/2025,7080.474121,7182.019043,7073.954102,7176.116211
1/7/2025,7083.28418,7103.185059,7029.512207,7074.259766
1/8/2025,7080.352051,7129.293945,7046.169922,7099.658203
1/9/2025,7064.587891,7106.458008,7062.095215,7093.253906
1/10/2025,7088.866211,7121.628906,7074.144043,7076.904785
1/13/2025,7016.878906,7089.569824,6986.592773,7076.698242
1/14/2025,6956.665039,7042.331055,6956.665039,7014.798828
1/15/2025,7079.562012,7084.564941,6977.772949,6992.848145
1/16/2025,7107.519043,7190.611816,7071.911133,7165.175781
1/17/2025,7154.658203,7178.814941,7084.297852,7115.053223
1/20/2025,7170.736816,7201.606934,7165.443848,7188.401855
1/21/2025,7181.819824,7221.730957,7176.332031,7207.594238
1/22/2025,7257.12793,7267.486816,7223.255859,7227.021973
1/23/2025,7232.643066,7324.625977,7232.643066,7275.000977
1/24/2025,7166.056152,7261.448242,7166.056152,7255.022949
1/30/2025,7073.478027,7150.292969,7042.687988,7142.787109
1/31/2025,7109.195801,7174.745117,7095.678223,7113.575195
2/3/2025,7030.058105,7089.696777,6933.143066,7087.751953
2/4/2025,7073.458984,7125.942871,7037.625,7051.484863
2/5/2025,7024.228027,7079.461914,7002.520996,7071.577148
2/6/2025,6875.536133,7033.619141,6830.111816,7030.188965
2/7/2025,6742.576172,6769.780762,6656.724121,6758.104004
2/10/2025,6648.14209,6713.952148,6585.984863,6681.233887
2/11/2025,6531.990234,6658.230957,6500.463867,6629.814941
2/12/2025,6645.777832,6645.777832,6537.476074,6540.946777
2/13/2025,6613.567871,6647.10498,6565.776855,6637.419922
2/14/2025,6638.458984,6679.396973,6609.670898,6640.130859
2/17/2025,6830.881836,6830.881836,6658.220215,6663.305176
2/18/2025,6873.554199,6908.700195,6830.775879,6847.766113
2/19/2025,6794.868164,6886.922852,6773.907227,6877.157227
2/20/2025,6788.041992,6836.723145,6755.430176,6796.669922
2/21/2025,6803.000977,6814.866211,6758.353027,6788.895996
2/24/2025,6749.601074,6818.793945,6732.40918,6801.675781
2/25/2025,6587.086914,6772.649902,6576.969238,6749.437012
2/26/2025,6606.178223,6682.869141,6547.241211,6627.020996
2/27/2025,6485.448242,6626.259766,6443.220215,6609.888184
2/28/2025,6270.597168,6447.882813,6246.278809,6446.644043
3/3/2025,6519.658203,6570.951172,6347.095215,6362.148926
3/4/2025,6380.400879,6528.969238,6361.403809,6524.701172
3/5/2025,6531.398926,6570.819824,6404.688965,6404.688965
3/6/2025,6617.847168,6667.893066,6573.798828,6577.845215
3/7/2025,6636,6682.937988,6577.832031,6631.311035
3/10/2025,6598.211914,6629.441895,6568.125977,6618.916992
3/11/2025,6545.850098,6567.584961,6499.041016,6535.870117
3/12/2025,6665.044922,6665.044922,6566.203125,6566.798828
3/13/2025,6647.416992,6707.38623,6618.539063,6700.106934
3/14/2025,6515.630859,6632.078125,6514.691895,6623.690918
3/17/2025,6471.946777,6557.410156,6445.975098,6490.670898
3/18/2025,6223.388184,6465.224121,6011.841797,6458.666016
3/19/2025,6311.660156,6332.734863,6147.425781,6221.195801
3/20/2025,6381.673828,6446.88916,6353.693848,6372.61084
3/21/2025,6258.179199,6426.165039,6218.601074,6418.390137
3/24/2025,6161.217773,6269.903809,5967.193848,6242.234863
3/25/2025,6235.619141,6265.295898,6178.490234,6197.986816
3/26/2025,6472.355957,6489.148926,6312.966797,6314.329102
3/27/2025,6510.620117,6510.620117,6417.240234,6462.596191
4/8/2025,5996.14209,6036.554199,5882.60498,5914.288086
4/9/2025,5967.987793,6092.412109,5949.601074,5978.440918
4/10/2025,6254.023926,6310.825195,6188.669922,6270.61084
4/11/2025,6262.226074,6298.777832,6148.775879,6195.567871
4/14/2025,6368.51709,6404.069824,6225.336914,6225.336914
4/15/2025,6441.683105,6497.532227,6395.926758,6444.341797
4/16/2025,6400.054199,6469.597168,6373.790039,6461.273926
4/17/2025,6438.269043,6438.269043,6384.285156,6407.020996
4/21/2025,6445.966797,6472.538086,6406.803223,6450.313965
4/22/2025,6538.266113,6538.321777,6428.10498,6455.079102
4/23/2025,6634.376953,6642.915039,6588.256836,6589.327148
4/24/2025,6613.478027,6697.900879,6585.456055,6671.067871
4/25/2025,6678.915039,6683.36084,6640.777832,6660.619141
4/28/2025,6722.96582,6738.352051,6688.779785,6716.214844
4/29/2025,6749.075195,6763.887207,6724.317871,6748.987793
4/30/2025,6766.794922,6791.25293,6725.966797,6755.463867
5/2/2025,6815.72998,6818.279785,6765.831055,6811.109863
5/5/2025,6831.952148,6879.108887,6824.396973,6844.371094
5/6/2025,6898.196777,6913.687988,6858.150879,6860.445801
5/7/2025,6926.225098,6970.5,6909.960938,6925.251953
5/8/2025,6827.75,6965.934082,6824.649902,6945.983887
5/9/2025,6832.803223,6882.317871,6811.772949,6849.449219
5/14/2025,6979.879883,6987.780762,6914.753906,6915.957031
5/15/2025,7040.161133,7076.736816,7002.371094,7003.146973
5/16/2025,7106.525879,7106.525879,7009.846191,7092.234863
5/19/2025,7141.09082,7160.65918,7085.973145,7113.442871
5/20/2025,7094.602051,7202.816895,7088.623047,7164.146973
5/21/2025,7142.460938,7170.724121,7109.221191,7114.699219
5/22/2025,7166.980957,7190.668945,7136.78418,7165.100098
5/23/2025,7214.163086,7223.25293,7177.245117,7206.35791
5/26/2025,7188.353027,7240.083984,7129.388184,7231.477051
5/27/2025,7198.966797,7212.568848,7162.960938,7204.171875
5/28/2025,7175.818848,7237.34082,7166.678223,7223.513184
6/2/2025,7065.068848,7152.912109,7035.837891,7134.486816
6/3/2025,7044.821777,7090.351074,6994.155762,7071.638184
6/4/2025,7069.037109,7094.446777,7052.914063,7083.23877
6/5/2025,7113.424805,7136.643066,7083.89209,7100.23584
6/10/2025,7230.745117,7230.745117,7133.378906,7136.862793
6/11/2025,7222.456055,7239.955078,7172.203125,7232.681152
6/12/2025,7204.370117,7237.274902,7191.904785,7219.561035
6/13/2025,7166.064941,7192.663086,7149.609863,7191.124023
6/16/2025,7117.59082,7211.543945,7117.59082,7158.903809
6/17/2025,7155.852051,7181.466797,7143.604004,7163.026855
6/18/2025,7107.789063,7166.667969,7089.455078,7155.124023
6/19/2025,6968.63916,7115.903809,6935.009766,7107.786133
6/20/2025,6907.138184,6956.805176,6873.71582,6948.28418
6/23/2025,6787.140137,6834.769043,6745.146973,6833.475098
6/24/2025,6869.170898,6924.969238,6852.112793,6864.278809
6/25/2025,6832.143066,6918.783203,6814.73584,6908.924805
6/26/2025,6897.399902,6897.399902,6817.411133,6842.012207
6/30/2025,6927.679199,6949.279785,6876.258789,6936.064941
7/1/2025,6915.359863,6971.23877,6885.138184,6954.38623
7/2/2025,6881.245117,6905.369141,6838.403809,6896.421875
7/3/2025,6878.050781,6922.733887,6877.437988,6898.630859
7/4/2025,6865.191895,6916.673828,6843.690918,6893.217773
7/7/2025,6900.932129,6900.932129,6844.86084,6874.007813
7/8/2025,6904.39209,6916.833008,6885.282227,6892.34082
7/9/2025,6943.921875,6943.921875,6907.212891,6918.699219
7/10/2025,7005.371094,7013.629883,6955.455078,6968.797852
7/11/2025,7047.437988,7055.794922,7026.487793,7036.295898
7/14/2025,7097.150879,7136.295898,7071.344238,7130.535156
7/15/2025,7140.474121,7161.835938,7079,7122.083008
7/16/2025,7192.018066,7216.813965,7142.861816,7182.64502
7/17/2025,7287.020996,7291.563965,7226.117188,7229.259766
7/18/2025,7311.915039,7401.579102,7311.915039,7346.037109
7/21/2025,7398.191895,7408.012207,7306.87207,7366.310059
7/22/2025,7344.73584,7457.380859,7344.73584,7440.286133
7/23/2025,7469.22998,7469.22998,7354.996094,7378.230957
7/24/2025,7530.901855,7568.223145,7478.36377,7485.082031
7/25/2025,7543.50293,7552.774902,7515.125,7542.375
7/28/2025,7614.768066,7669.445801,7614.768066,7630.751953
7/29/2025,7617.907227,7680.194824,7565.788086,7625.792969
7/30/2025,7549.888184,7667.556152,7528.128906,7642.25
7/31/2025,7484.336914,7566.751953,7476.380859,7551.244141
8/1/2025,7537.768066,7579.605957,7523.620117,7545.151855
8/4/2025,7464.64502,7560.056152,7448.040039,7552.496094
8/5/2025,7515.185059,7546.939941,7463.058105,7502.694824
8/6/2025,7503.75,7549.265137,7502.01123,7534.446777
8/7/2025,7490.183105,7580.549805,7490.183105,7546.335938
8/8/2025,7533.384766,7648.902832,7516.977051,7639.192871
8/11/2025,7605.924805,7630.106934,7559.347168,7589.463867
8/12/2025,7791.696777,7800.831055,7646.911133,7666.089844
8/13/2025,7892.911133,7903.053223,7835.301758,7846.124023
8/14/2025,7931.250977,7973.980957,7905.547852,7909.016113
8/15/2025,7898.375,8017.067871,7898.373047,7967.772949
8/19/2025,7862.949219,7931.758789,7854.095215,7905.345215
8/20/2025,7943.825195,7952.341797,7863.861816,7874.895996
8/21/2025,7890.714844,7932.305176,7848.882813,7903.290039
8/22/2025,7858.851074,7913.387207,7858.851074,7910.099121
8/25/2025,7926.907227,7951.978027,7915.054199,7921.020996
8/26/2025,7905.756836,7978.066895,7881.208984,7971.787109
8/27/2025,7936.175781,7945.444824,7894.758789,7923.00293
8/28/2025,7952.087891,8022.757813,7941.938965,7951.865234
8/29/2025,7830.493164,7913.859863,7765.596191,7899.887207
9/1/2025,7736.065918,7783.417969,7547.563965,7620.099121
9/2/2025,7801.584961,7842.298828,7771.333984,7771.333984
9/3/2025,7885.862793,7911.618164,7840.750977,7843.631836
9/4/2025,7867.348145,7899.795898,7855.742188,7873.842773
9/8/2025,7766.849121,7934.991211,7766.849121,7929.062988
9/9/2025,7628.60498,7791.333984,7619.716797,7748.512207
9/10/2025,7699.006836,7726.376953,7661.279785,7682.421875
9/11/2025,7747.904785,7819.098145,7742.599121,7781.170898
9/12/2025,7854.060059,7854.812012,7790.793945,7819.001953
9/15/2025,7937.118164,7937.118164,7889.188965,7891.26416
9/16/2025,7957.695801,7985.576172,7899.667969,7979.319824
9/17/2025,8025.179199,8025.179199,7940.513184,7964.423828
9/18/2025,8008.433105,8068.008789,7993.51709,8065.743164
9/19/2025,8051.118164,8051.118164,7983.356934,7996.195801
9/22/2025,8040.039063,8087.929199,8005.349121,8082.258789
9/23/2025,8125.201172,8125.201172,8039.946777,8066.294922
9/24/2025,8126.558105,8169.01709,8077.839844,8161.28418
9/25/2025,8040.665039,8146.089844,8022.979004,8130.021973
9/26/2025,8099.333008,8099.333008,8034.998047,8051.762207
9/29/2025,8123.245117,8157.330078,8100.01709,8139.579102
9/30/2025,8061.062012,8150.341797,8042.823242,8137.634766
10/1/2025,8043.821777,8093.693848,8034.25,8069.937012
10/2/2025,8071.081055,8109.436035,8059.048828,8070.424805
10/3/2025,8118.300781,8118.300781,8076.597168,8099.64502
10/6/2025,8139.894043,8176.308105,8104.551758,8155.365234
